{"model_name": "densenet169", "train_loss_array": [1.4553843528505355, 0.7471561061552052, 0.6269569895029609, 0.5674844718033494, 0.5295091114617259, 0.5098814624034358, 0.4841697200828669, 0.4728445986163319, 0.4544023539271214, 0.4421037714294836, 0.4371411519593933, 0.42323513815597613, 0.41836766239737166, 0.42022757806610356, 0.41586994217569323, 0.4092022387348876, 0.40136424345629557, 0.3966204704476052, 0.3994238521743253, 0.3889711752973176, 0.3860733779210623, 0.3822861415357276, 0.3835165015086025, 0.3843082985302218, 0.38198437389670586, 0.3766174555804724, 0.37070137358644384, 0.38008055173688465, 0.3724525230778318, 0.3782599420031182, 0.3611416706219822, 0.3650790371693451, 0.37274905856774776, 0.3591690095069727, 0.3656143980299264, 0.36234788322935296, 0.3635222791544164, 0.3682480673738618, 0.3568828657539794, 0.3621560451057222, 0.3587325103665425, 0.3498950096316078, 0.3541259611207071, 0.3568762065906103, 0.3510094020439654, 0.35276831365496664, 0.36034801577021475, 0.35290094921175313, 0.353155016012135, 0.3606401316297838, 0.34970279892826295, 0.33834465089636323, 0.3551356537677263, 0.34581612189070166, 0.34832133357824924], "valid_loss_array": [0.8392747122616995, 0.6605647371874915, 0.5933696076510444, 0.5623775238082522, 0.5584499263574206, 0.5301461955384602, 0.5021845360123922, 0.5114916496806674, 0.5035650842483081, 0.49814466588080875, 0.5046224500688296, 0.49239095655225573, 0.46895893615862677, 0.48392530246859505, 0.4760415777564049, 0.48076735330479486, 0.47325117365708425, 0.4822789757024674, 0.48059291510827956, 0.5025225100772721, 0.47780402276724104, 0.483630429184626, 0.4831917576846622, 0.47801382354800664, 0.4576136041728277, 0.4621122754992001, 0.4785288069692869, 0.4694721493574362, 0.4709804657669294, 0.4779871723481587, 0.45554567743388436, 0.48813638493182165, 0.4625359120823088, 0.4865875593017018, 0.4542741276442058, 0.4914049031952071, 0.49649709321203683, 0.4919337224037874, 0.4836949947925787, 0.4755153512907407, 0.4946593379099218, 0.48393142016397583, 0.4755293217206758, 0.5029844629859167, 0.47694881745274104, 0.47633395213929436, 0.49383539410810623, 0.48111136967227575, 0.47981044378072496, 0.4890712206325834, 0.4995169289528377, 0.4938654536529193, 0.479443393174618, 0.47765688680940205, 0.4772147549286721], "train_accuracy_array": [0.6578231292517007, 0.7915646258503402, 0.8202267573696145, 0.8327891156462585, 0.83718820861678, 0.846031746031746, 0.8540589569160998, 0.8531972789115646, 0.8575510204081632, 0.8631292517006802, 0.8635374149659863, 0.8678004535147392, 0.8663492063492063, 0.8665306122448979, 0.8682993197278912, 0.8705668934240363, 0.8728798185941044, 0.8719727891156462, 0.8705668934240363, 0.8740136054421769, 0.8746031746031746, 0.8759637188208617, 0.8754195011337869, 0.8780045351473923, 0.8773242630385487, 0.8772789115646259, 0.8798185941043084, 0.8773242630385487, 0.8782312925170068, 0.8771428571428571, 0.8835827664399093, 0.8822222222222222, 0.879092970521542, 0.8833560090702948, 0.8823582766439909, 0.880907029478458, 0.8834013605442177, 0.8791383219954648, 0.8839002267573696, 0.8804081632653061, 0.8825850340136054, 0.8866213151927438, 0.8820408163265306, 0.8856235827664399, 0.8868027210884354, 0.8860317460317461, 0.8806349206349207, 0.8861224489795918, 0.8845351473922902, 0.8858956916099773, 0.8850793650793651, 0.8898412698412699, 0.885578231292517, 0.8876643990929706, 0.8874829931972789], "valid_accuracy_array": [0.7723809523809524, 0.813015873015873, 0.8292063492063492, 0.8282539682539682, 0.8269841269841269, 0.8350793650793651, 0.846031746031746, 0.8392063492063492, 0.8434920634920635, 0.8425396825396826, 0.843015873015873, 0.8503174603174604, 0.8509523809523809, 0.8522222222222222, 0.8519047619047619, 0.8498412698412698, 0.8482539682539683, 0.8547619047619047, 0.8515873015873016, 0.8446031746031746, 0.8561904761904762, 0.8553968253968254, 0.8525396825396825, 0.8496825396825397, 0.8580952380952381, 0.8541269841269842, 0.8539682539682539, 0.8585714285714285, 0.8536507936507937, 0.8571428571428571, 0.8623809523809524, 0.8558730158730159, 0.8623809523809524, 0.8544444444444445, 0.8620634920634921, 0.8558730158730159, 0.8453968253968254, 0.8542857142857143, 0.8519047619047619, 0.8531746031746031, 0.8555555555555555, 0.8579365079365079, 0.8555555555555555, 0.8507936507936508, 0.8563492063492063, 0.856984126984127, 0.8565079365079366, 0.8588888888888889, 0.8582539682539683, 0.8568253968253968, 0.8574603174603175, 0.8534920634920635, 0.8571428571428571, 0.8585714285714285, 0.8601587301587301], "best_epoch": 36, "total_time": 11528.994742631912, "train_time_sum": 9053.276873350143, "eval_time_sum": 2475.702815771103, "accuracy": 85.80952380952381, "k1": 0.858095109462738, "k5": 0.9857140779495239, "class_accuracy": {"airplane": 0.9054054054054054, "airport": 0.875, "baseball_diamond": 0.7380952380952381, "basketball_court": 0.7386363636363636, "beach": 0.8450704225352113, "bridge": 0.8548387096774194, "chaparral": 1.0, "church": 0.6829268292682927, "circular_farmland": 0.961038961038961, "cloud": 0.9871794871794872, "commercial_area": 0.8055555555555556, "dense_residential": 0.8571428571428571, "desert": 0.9491525423728814, "forest": 1.0, "freeway": 0.8876404494382022, "golf_course": 0.9682539682539683, "ground_track_field": 0.8923076923076924, "harbor": 0.9466666666666667, "industrial_area": 0.746031746031746, "intersection": 0.7611940298507462, "island": 0.9344262295081968, "lake": 0.90625, "meadow": 0.9166666666666666, "medium_residential": 0.6746987951807228, "mobile_home_park": 0.8275862068965517, "mountain": 0.7761194029850746, "overpass": 0.8695652173913043, "palace": 0.6507936507936508, "parking_lot": 0.9701492537313433, "railway": 0.7564102564102564, "railway_station": 0.6666666666666666, "rectangular_farmland": 0.8481012658227848, "river": 0.821917808219178, "roundabout": 0.9076923076923077, "runway": 0.8333333333333334, "sea_ice": 0.96875, "ship": 0.828125, "snowberg": 0.9666666666666667, "sparse_residential": 0.8888888888888888, "stadium": 0.9206349206349206, "storage_tank": 0.9322033898305084, "tennis_court": 0.8301886792452831, "terrace": 0.9818181818181818, "thermal_power_station": 0.935064935064935, "wetland": 0.813953488372093}, "f1": 0.8527009236678355, "precision": 0.8859211309523807, "recall": 0.8534374999999998,