{"model_name": "densenet169", "train_loss_array": [1.4680897671889825, 0.7608266928974463, 0.6372446724617021, 0.5836830481785495, 0.535917636657518, 0.5105868475575025, 0.49153474219937443, 0.47466137032119593, 0.46821952629792174, 0.4584755470422931, 0.439151249200849, 0.43538453519479486, 0.4297937959297444, 0.42377299016295106, 0.4140025755039959, 0.40974534037702476, 0.4054335075643868, 0.4091395633527481, 0.399200155959378, 0.40125237344479076, 0.3891254701480574, 0.39963686772011847, 0.3898525671387205, 0.3883697825764853, 0.38955592837125536, 0.3836360391981207, 0.38642565145784497, 0.3753297667688523, 0.37681954996047917, 0.37069691937256294, 0.3784107905126213, 0.3723938499245784, 0.3786871664040213, 0.3700691476599429, 0.36930070872378457, 0.370879835451271, 0.3663908733802588, 0.36950667197404263, 0.35589292912391307, 0.37031604151944725], "valid_loss_array": [0.8174502236975564, 0.6670095158947839, 0.5842712819576263, 0.5585250156739402, 0.5433961893357928, 0.5236857334772745, 0.5228374025651387, 0.5046977590000818, 0.5094258046102902, 0.5007632463460877, 0.5032762211584856, 0.5093034844076822, 0.4946938458652723, 0.5041479196340318, 0.47427910116929856, 0.47175286438256975, 0.4847826790951547, 0.5156314681683268, 0.5038214318809056, 0.4681797863708602, 0.5160882041331322, 0.4923423631560235, 0.47677175227611784, 0.5088313813247378, 0.5054524595302249, 0.5013246907601281, 0.4950402220563283, 0.4949527899660761, 0.49951944559339495, 0.4916949061647294, 0.4881451857231912, 0.49380145576738177, 0.4841284375223849, 0.4899640703012073, 0.5125656354403685, 0.5071787233390506, 0.49082102200814653, 0.5011620387908012, 0.501601851293965, 0.5169433663998332], "train_accuracy_array": [0.654875283446712, 0.7928798185941043, 0.8152834467120181, 0.8303401360544218, 0.8422675736961451, 0.8458956916099774, 0.8506575963718821, 0.8553741496598639, 0.8531065759637189, 0.8560544217687075, 0.8609977324263038, 0.8640816326530613, 0.862766439909297, 0.8652607709750567, 0.8680725623582767, 0.8689795918367347, 0.8690249433106576, 0.8670294784580499, 0.8717913832199546, 0.8702947845804989, 0.8755102040816326, 0.871655328798186, 0.8759183673469387, 0.8745578231292517, 0.8735147392290249, 0.8752834467120182, 0.8778231292517007, 0.8765532879818594, 0.878095238095238, 0.8799092970521541, 0.8775963718820862, 0.8801814058956916, 0.8775963718820862, 0.8802267573696145, 0.8775510204081632, 0.87859410430839, 0.8804535147392291, 0.879546485260771, 0.8859410430839002, 0.8784126984126984], "valid_accuracy_array": [0.7865079365079365, 0.8066666666666666, 0.8271428571428572, 0.8319047619047619, 0.8361904761904762, 0.8407936507936508, 0.8346031746031746, 0.84, 0.840952380952381, 0.8447619047619047, 0.8457142857142858, 0.8436507936507937, 0.8458730158730159, 0.8444444444444444, 0.8539682539682539, 0.8557142857142858, 0.8507936507936508, 0.8407936507936508, 0.8428571428571429, 0.8531746031746031, 0.8423809523809523, 0.8503174603174604, 0.8536507936507937, 0.8519047619047619, 0.8512698412698413, 0.8484126984126984, 0.8471428571428572, 0.8488888888888889, 0.8517460317460317, 0.8531746031746031, 0.8561904761904762, 0.8555555555555555, 0.8566666666666667, 0.8531746031746031, 0.849047619047619, 0.8515873015873016, 0.8577777777777778, 0.8511111111111112, 0.8468253968253968, 0.8512698412698413], "best_epoch": 21, "total_time": 8231.246412038803, "train_time_sum": 6463.59077334404, "eval_time_sum": 1767.6456518173218, "accuracy": 85.11111111111111, "k1": 0.8511114120483398, "k5": 0.9850792288780212, "class_accuracy": {"airplane": 0.8961038961038961, "airport": 0.8846153846153846, "baseball_diamond": 0.8405797101449275, "basketball_court": 0.7236842105263158, "beach": 0.9508196721311475, "bridge": 0.8032786885245902, "chaparral": 0.9871794871794872, "church": 0.803030303030303, "circular_farmland": 0.9459459459459459, "cloud": 0.972972972972973, "commercial_area": 0.875, "dense_residential": 0.8, "desert": 0.9818181818181818, "forest": 0.9655172413793104, "freeway": 0.7936507936507936, "golf_course": 0.8918918918918919, "ground_track_field": 0.9253731343283582, "harbor": 0.958904109589041, "industrial_area": 0.5945945945945946, "intersection": 0.7936507936507936, "island": 0.9264705882352942, "lake": 0.8493150684931506, "meadow": 0.9354838709677419, "medium_residential": 0.7101449275362319, "mobile_home_park": 0.8333333333333334, "mountain": 0.8947368421052632, "overpass": 0.9420289855072463, "palace": 0.36470588235294116, "parking_lot": 0.9577464788732394, "railway": 0.7058823529411765, "railway_station": 0.6825396825396826, "rectangular_farmland": 0.8717948717948718, "river": 0.7875, "roundabout": 0.9636363636363636, "runway": 0.875, "sea_ice": 0.9875, "ship": 0.8714285714285714, "snowberg": 0.9397590361445783, "sparse_residential": 0.8787878787878788, "stadium": 0.9242424242424242, "storage_tank": 0.9166666666666666, "tennis_court": 0.810126582278481, "terrace": 0.9701492537313433, "thermal_power_station": 0.8522727272727273, "wetland": 0.6}, "f1": 0.8554791944166945, "precision": 0.896569568452381, "recall": 0.8528125,