{"model_name": "mobilenet_v2", "train_loss_array": [1.522686236029039, 0.9159031301534095, 0.8087698161737178, 0.7764737296536937, 0.7396084160085709, 0.7227432348019952, 0.7057009676551602, 0.7095553843207371, 0.6945287952888038, 0.6894469924794844, 0.6835955053635465, 0.6782054499366116, 0.672011522681805, 0.6767228639044729, 0.6779819437030221, 0.6750454078861375, 0.6632888604994533, 0.6680188408108796, 0.6641166477111462, 0.6617126208719483, 0.6505876856258397, 0.6607094763222735, 0.6675027191909262, 0.6606667716216609, 0.6646541229316166, 0.6655736137139283, 0.6508689297029491, 0.6658075859014139, 0.65461513258162, 0.6587098280048154, 0.660816356235621, 0.6561187529374682, 0.6672763428450171, 0.65513322186443, 0.6517788741458841, 0.6583931551836516, 0.6638594127836681, 0.656363318330036, 0.6657831635064279, 0.6677729759086557, 0.6661133403951078, 0.6466617836973835, 0.6539247792864603, 0.6445825227669307, 0.6557591366254283, 0.6615696777156691, 0.6650391001076925, 0.6501380484255533, 0.6456656140399898, 0.6614650675769296, 0.6711433982970764, 0.671713027689192, 0.656780032749349, 0.6638045213322521, 0.6572766446607724, 0.6464823014746988, 0.6569514702034105, 0.6579505163593357, 0.6616029912719921, 0.6557424402628896, 0.6546882751847611, 0.6394972169345199, 0.6489936154242816, 0.6725767748493726], "valid_loss_array": [0.9083663201521314, 0.7782930781443914, 0.7020269693836333, 0.6597519424699602, 0.6752904215975414, 0.6539766646566845, 0.6520573740440702, 0.6329223118604176, 0.6131528213856712, 0.6219284432748008, 0.6176843016393601, 0.6329795209661363, 0.6186989134266263, 0.6068837195634842, 0.6073615792251769, 0.6036443208891248, 0.6151138995848004, 0.6207504125814589, 0.6024188141501139, 0.6110763592379433, 0.6174847107558024, 0.5950329079041405, 0.614249494577211, 0.6237272312716832, 0.6041026095312739, 0.5946409404277802, 0.6136334028745455, 0.5792297822615456, 0.606528936633988, 0.593723637835374, 0.5995196737940349, 0.5977105618942351, 0.6095933107629655, 0.5762460436376314, 0.5749131941369602, 0.5713242536026334, 0.5919917378397215, 0.5875669445783372, 0.6100615356413145, 0.5742710132210974, 0.5670275108681785, 0.5893737730525789, 0.6115226841398648, 0.5635765194892883, 0.5817462470796373, 0.5892089003371814, 0.5906272062233516, 0.5734374060753792, 0.5827622792077443, 0.5827643699825756, 0.5907018642340388, 0.5996693100721117, 0.5726569238163176, 0.5882409617068276, 0.6053410200845628, 0.594752429969727, 0.5871326740062426, 0.5985790129218783, 0.6010743315730777, 0.6003454821923423, 0.5693279514237056, 0.597173680270475, 0.575448843931395, 0.5920035167345925], "train_accuracy_array": [0.6139682539682539, 0.7342403628117914, 0.7587755102040816, 0.7646258503401361, 0.7760544217687075, 0.7776870748299319, 0.7842630385487528, 0.7805442176870748, 0.7881632653061225, 0.7872108843537415, 0.7870748299319728, 0.7892517006802721, 0.7936961451247165, 0.7893877551020408, 0.7908390022675736, 0.7913378684807256, 0.7935600907029479, 0.7928344671201814, 0.792108843537415, 0.7975510204081633, 0.7983219954648526, 0.7970068027210885, 0.7931065759637188, 0.7958730158730158, 0.7949659863945578, 0.7963265306122449, 0.8011791383219955, 0.7938775510204081, 0.8005442176870748, 0.7975056689342404, 0.7966439909297052, 0.8002721088435374, 0.7949206349206349, 0.797641723356009, 0.796734693877551, 0.8002721088435374, 0.7970068027210885, 0.8003628117913832, 0.7948299319727891, 0.7991383219954649, 0.7963718820861678, 0.8009977324263039, 0.7971882086167801, 0.8027210884353742, 0.8005442176870748, 0.7972335600907029, 0.7985487528344671, 0.7997278911564626, 0.8026757369614512, 0.7994104308390023, 0.7955102040816326, 0.7954195011337869, 0.799546485260771, 0.7988662131519274, 0.7991383219954649, 0.8047165532879819, 0.8007256235827664, 0.7996825396825397, 0.7965986394557824, 0.7964172335600908, 0.8003628117913832, 0.8026757369614512, 0.8001360544217687, 0.7946031746031746], "valid_accuracy_array": [0.7468253968253968, 0.7728571428571429, 0.7834920634920635, 0.8011111111111111, 0.7955555555555556, 0.8019047619047619, 0.7941269841269841, 0.8061904761904762, 0.8119047619047619, 0.8080952380952381, 0.8142857142857143, 0.8112698412698413, 0.8115873015873016, 0.8112698412698413, 0.8144444444444444, 0.8126984126984127, 0.812063492063492, 0.8115873015873016, 0.816984126984127, 0.8155555555555556, 0.8088888888888889, 0.8144444444444444, 0.8147619047619048, 0.8122222222222222, 0.8193650793650794, 0.8166666666666667, 0.816031746031746, 0.8212698412698413, 0.8128571428571428, 0.8177777777777778, 0.8174603174603174, 0.816984126984127, 0.8141269841269841, 0.8222222222222222, 0.8263492063492064, 0.8212698412698413, 0.820952380952381, 0.8163492063492064, 0.8231746031746032, 0.8253968253968254, 0.8277777777777777, 0.8234920634920635, 0.8153968253968253, 0.8293650793650794, 0.822063492063492, 0.8201587301587302, 0.8258730158730159, 0.8296825396825397, 0.8233333333333334, 0.8296825396825397, 0.8201587301587302, 0.8198412698412698, 0.8266666666666667, 0.8276190476190476, 0.8157142857142857, 0.816984126984127, 0.8261904761904761, 0.8203174603174603, 0.8234920634920635, 0.8225396825396826, 0.8303174603174603, 0.8192063492063492, 0.8312698412698413, 0.8228571428571428], "best_epoch": 45, "total_time": 9527.4528195858, "train_time_sum": 7461.865057229996, "eval_time_sum": 2065.5715613365173, "accuracy": 81.71428571428571, "k1": 0.8171427845954895, "k5": 0.9774600863456726, "class_accuracy": {"airplane": 0.855072463768116, "airport": 0.717948717948718, "baseball_diamond": 0.7746478873239436, "basketball_court": 0.8636363636363636, "beach": 0.8387096774193549, "bridge": 0.782608695652174, "chaparral": 1.0, "church": 0.4805194805194805, "circular_farmland": 0.8695652173913043, "cloud": 0.9565217391304348, "commercial_area": 0.676056338028169, "dense_residential": 0.734375, "desert": 0.9253731343283582, "forest": 0.9466666666666667, "freeway": 0.7792207792207793, "golf_course": 0.9264705882352942, "ground_track_field": 0.7692307692307693, "harbor": 0.9322033898305084, "industrial_area": 0.6461538461538462, "intersection": 0.9090909090909091, "island": 0.9032258064516129, "lake": 0.6753246753246753, "meadow": 0.875, "medium_residential": 0.576271186440678, "mobile_home_park": 0.9285714285714286, "mountain": 0.8769230769230769, "overpass": 0.7945205479452054, "palace": 0.6883116883116883, "parking_lot": 0.9487179487179487, "railway": 0.6923076923076923, "railway_station": 0.68, "rectangular_farmland": 0.855072463768116, "river": 0.8529411764705882, "roundabout": 0.8904109589041096, "runway": 0.7777777777777778, "sea_ice": 0.9466666666666667, "ship": 0.7974683544303798, "snowberg": 0.9661016949152542, "sparse_residential": 0.8055555555555556, "stadium": 0.7625, "storage_tank": 0.8709677419354839, "tennis_court": 0.6941176470588235, "terrace": 0.9230769230769231, "thermal_power_station": 0.8307692307692308, "wetland": 0.8714285714285714}, "f1": 0.822504232201407, "precision": 0.8664185267857144, "recall": 0.8240624999999999,