{"model_name": "resnet18", "train_loss_array": [1.8674741123809295, 1.0659944060978706, 0.9234768367138039, 0.8559425898960659, 0.8114212971020177, 0.789022718359824, 0.7571789418894147, 0.744718349371908, 0.7329131021521259, 0.7221119476148601, 0.7119249329139856, 0.7068123332902688, 0.7027384482678913, 0.6940058645477641, 0.684347503343407, 0.6774070019624672, 0.6683424455778939, 0.6750964754833386, 0.6652987790621328, 0.6586453528428564, 0.6657262224188738, 0.6673666252976372, 0.6560787263573432, 0.6517268871369005, 0.6595115349406288, 0.6466017915210486, 0.641726006320815, 0.6506485244314146, 0.6443442511044932, 0.6431493641567879, 0.6480779559974498, 0.6338559072169047, 0.6429546387895705, 0.6364847602081948, 0.6321419381838537, 0.6432989662736992, 0.6322563173684403, 0.6502610183491999, 0.6252593760317415, 0.6222973388203688, 0.6340867340091675, 0.6198949277265813, 0.6406634546596718, 0.624395461039208, 0.6208792604218805, 0.6203912370869903, 0.626792106194561, 0.6223392658560725, 0.6347081244937958, 0.6228274282684673, 0.6194821525187719, 0.6311592590106048, 0.6232770889186535, 0.6155521848709945, 0.6130344994416853, 0.6145794941049044, 0.6194071358834264, 0.6234883246373157, 0.6103497978105566, 0.6149350873737378], "valid_loss_array": [1.134398623118325, 0.9294201812100789, 0.8303318816044974, 0.8132801372853536, 0.770850071831355, 0.7595198416993731, 0.7359591705931557, 0.7351359178622564, 0.7294018916667454, 0.7208525491139245, 0.7154091941931892, 0.6978705400039279, 0.6955236705049636, 0.7136023704494748, 0.6876027953057062, 0.6813035668834807, 0.7018201571135294, 0.6953447333403996, 0.6976950539956017, 0.6980521946199356, 0.7208661718500985, 0.6960465818170517, 0.6965020256383079, 0.6835550091096333, 0.6587773381717621, 0.6478709618723582, 0.6654386931941623, 0.6729366425720472, 0.6680206786545496, 0.6667856756183836, 0.6423428685419144, 0.6724202732245127, 0.652364145550463, 0.6437303922952168, 0.6671098991045876, 0.6713365910072175, 0.6655100576934361, 0.6861881003493354, 0.676759200909781, 0.639958200473634, 0.6549333113999594, 0.6567004718004711, 0.6551002668482917, 0.6516009877835002, 0.6697419531761654, 0.6658814402799758, 0.668930470352135, 0.6530409026004019, 0.6477153724621213, 0.7026246645384364, 0.6692831856863839, 0.6508483704593446, 0.6525623554748202, 0.6598801702734024, 0.6459706610157376, 0.6800944351014637, 0.6690097798903784, 0.6555319219118073, 0.6662946371805101, 0.6633775326467696], "train_accuracy_array": [0.5470748299319728, 0.709297052154195, 0.7383673469387755, 0.7537868480725624, 0.760907029478458, 0.7633560090702948, 0.771655328798186, 0.773061224489796, 0.7777324263038549, 0.78140589569161, 0.7824036281179139, 0.7836734693877551, 0.7870294784580499, 0.7852607709750566, 0.7907482993197279, 0.7922902494331066, 0.793469387755102, 0.7905215419501134, 0.7950566893424036, 0.7988662131519274, 0.7915646258503402, 0.7929705215419501, 0.7966439909297052, 0.7979591836734694, 0.7935147392290249, 0.7975056689342404, 0.8006349206349206, 0.7958730158730158, 0.8011337868480726, 0.7998185941043084, 0.7990929705215419, 0.804625850340136, 0.7985941043083901, 0.8025396825396826, 0.8027664399092971, 0.8006802721088435, 0.8011791383219955, 0.7980045351473923, 0.8047165532879819, 0.8078004535147393, 0.8035374149659864, 0.805124716553288, 0.8027210884353742, 0.8053968253968254, 0.8049433106575964, 0.8068027210884354, 0.8033560090702948, 0.8073922902494332, 0.8020408163265306, 0.8054421768707483, 0.8074829931972789, 0.8016780045351474, 0.8034013605442177, 0.8085260770975057, 0.8072562358276644, 0.8076190476190476, 0.8085714285714286, 0.8065759637188209, 0.8093877551020409, 0.8058956916099773], "valid_accuracy_array": [0.703968253968254, 0.7393650793650793, 0.7598412698412699, 0.7592063492063492, 0.7734920634920635, 0.7723809523809524, 0.7749206349206349, 0.7766666666666666, 0.7755555555555556, 0.776984126984127, 0.786984126984127, 0.7917460317460318, 0.7895238095238095, 0.7833333333333333, 0.7926984126984127, 0.79, 0.7874603174603174, 0.7928571428571428, 0.7919047619047619, 0.7893650793650794, 0.78, 0.7884126984126985, 0.789047619047619, 0.7888888888888889, 0.7985714285714286, 0.8011111111111111, 0.7987301587301587, 0.7942857142857143, 0.7955555555555556, 0.7933333333333333, 0.8053968253968254, 0.7888888888888889, 0.7998412698412698, 0.8042857142857143, 0.7985714285714286, 0.7966666666666666, 0.7988888888888889, 0.796984126984127, 0.7993650793650794, 0.81, 0.806984126984127, 0.8034920634920635, 0.8026984126984127, 0.8012698412698412, 0.7928571428571428, 0.7971428571428572, 0.7985714285714286, 0.7953968253968254, 0.8023809523809524, 0.7901587301587302, 0.7974603174603174, 0.8034920634920635, 0.8034920634920635, 0.7982539682539682, 0.7992063492063493, 0.7912698412698412, 0.796031746031746, 0.8004761904761905, 0.7968253968253968, 0.8004761904761905], "best_epoch": 41, "total_time": 6673.138719558716, "train_time_sum": 5199.55940413475, "eval_time_sum": 1473.5617773532867, "accuracy": 79.84126984126983, "k1": 0.7984127402305603, "k5": 0.9698410034179688, "class_accuracy": {"airplane": 0.8, "airport": 0.6842105263157895, "baseball_diamond": 0.7857142857142857, "basketball_court": 0.6216216216216216, "beach": 0.9152542372881356, "bridge": 0.8333333333333334, "chaparral": 0.9863013698630136, "church": 0.45569620253164556, "circular_farmland": 0.9538461538461539, "cloud": 0.8823529411764706, "commercial_area": 0.7941176470588235, "dense_residential": 0.8181818181818182, "desert": 0.8870967741935484, "forest": 0.9605263157894737, "freeway": 0.7162162162162162, "golf_course": 0.8157894736842105, "ground_track_field": 0.84375, "harbor": 0.9176470588235294, "industrial_area": 0.59375, "intersection": 0.7012987012987013, "island": 0.8260869565217391, "lake": 0.6875, "meadow": 0.85, "medium_residential": 0.6440677966101694, "mobile_home_park": 0.7580645161290323, "mountain": 0.8064516129032258, "overpass": 0.8356164383561644, "palace": 0.6071428571428571, "parking_lot": 0.828125, "railway": 0.7681159420289855, "railway_station": 0.6756756756756757, "rectangular_farmland": 0.8441558441558441, "river": 0.819672131147541, "roundabout": 0.7966101694915254, "runway": 0.8405797101449275, "sea_ice": 1.0, "ship": 0.8356164383561644, "snowberg": 0.9240506329113924, "sparse_residential": 0.8620689655172413, "stadium": 0.8026315789473685, "storage_tank": 0.9324324324324325, "tennis_court": 0.6538461538461539, "terrace": 0.8709677419354839, "thermal_power_station": 0.7464788732394366, "wetland": 0.8}, "f1": 0.8009394102790485, "precision": 0.8517812500000003, "recall": 0.7981250000000001,