{"model_name": "resnet18", "train_loss_array": [1.8574059646145826, 1.0653971916153318, 0.9236922239094905, 0.857784211094958, 0.8079833727574943, 0.7778231394128735, 0.7571759261106418, 0.7463895702510734, 0.7311596024333755, 0.7170534071062697, 0.7103429640772121, 0.7038844524462478, 0.6915242620268647, 0.6883771960832634, 0.6872276066382186, 0.6773092813975686, 0.6606450370447435, 0.6760332745894824, 0.6639079761748411, 0.6531797419397198, 0.6563436124059889, 0.6644700146586446, 0.6632872892885792, 0.6544727782408396, 0.640859922347696, 0.6468893250370242, 0.6383997701328087, 0.6389892280034197, 0.6465821296922745, 0.6306678696013902, 0.6384854185270344, 0.6329133859972835, 0.6310590231229388, 0.6334336049635124, 0.6358740254729783, 0.6330208039405395, 0.6313253575576947, 0.636703662523607, 0.619188456308274, 0.6337787402527673, 0.6335669660649332, 0.6255844389500261, 0.6237202917231994, 0.6186398330594407, 0.6335154067294128, 0.604335846476544, 0.6209453926875748, 0.6307641502951278, 0.6175807613769626, 0.6136413836289966, 0.6162341091435513, 0.6152880554364112, 0.6154922723364668, 0.6116375400433465, 0.6115918326067006, 0.6100509956715598, 0.6063161135192902, 0.6192289777353507, 0.6231092092942219, 0.621357770632454, 0.6084300630690019, 0.6044253417018319, 0.6103782799441257, 0.6103355630117209], "valid_loss_array": [1.1299678091965024, 0.9142056183209495, 0.8472845161718036, 0.7841126637326347, 0.7597131726760713, 0.7562840722856068, 0.7473577360312144, 0.7273003941490537, 0.6993310664381299, 0.6944294607355481, 0.6868998933406103, 0.6597961967899686, 0.6835463271727638, 0.6741560302556507, 0.6727415623645934, 0.6821934162151246, 0.6631118423408933, 0.6809213152007451, 0.6508219805028703, 0.6583921202118435, 0.6511490411228604, 0.6629809448643337, 0.6562868132004662, 0.6554595929762673, 0.6729197282166708, 0.6727154557667081, 0.6572986498238549, 0.6567342108677304, 0.6583642396661971, 0.6725488137158137, 0.6637522355904655, 0.6494002531445215, 0.661880233931163, 0.6361184168666129, 0.6437369355606655, 0.6359259438893151, 0.64385258678406, 0.6348960614866681, 0.6538263433982455, 0.6542059012821743, 0.6272330738249279, 0.6377942611773809, 0.6425279144729886, 0.6218267085533293, 0.6456984659982106, 0.6341251818433641, 0.6484656042995907, 0.6501333837707838, 0.6342127602251749, 0.6390648883959603, 0.6548944855966266, 0.6227822741345753, 0.6434155596154076, 0.6493886747057476, 0.6529067965253951, 0.6260507145807856, 0.6379006277947199, 0.6285481914168313, 0.6691595228418471, 0.6332920692742817, 0.6228707371250032, 0.6485824003106072, 0.6328823720178907, 0.641600461942809], "train_accuracy_array": [0.5565079365079365, 0.7070748299319728, 0.7363265306122448, 0.7479818594104308, 0.7615419501133787, 0.7663038548752834, 0.7700680272108843, 0.7744671201814058, 0.7768253968253969, 0.7787301587301587, 0.78140589569161, 0.7846712018140589, 0.7880272108843538, 0.7898866213151927, 0.786530612244898, 0.7912925170068027, 0.7952380952380952, 0.7928344671201814, 0.7936054421768708, 0.7968253968253968, 0.7984126984126985, 0.791156462585034, 0.7951473922902494, 0.7968707482993197, 0.8008616780045351, 0.7995918367346939, 0.8014965986394558, 0.8005895691609978, 0.7969614512471656, 0.80281179138322, 0.8042176870748299, 0.8019047619047619, 0.8030839002267574, 0.8034920634920635, 0.805124716553288, 0.8034920634920635, 0.8041269841269841, 0.8006802721088435, 0.8059410430839002, 0.8039455782312925, 0.8035374149659864, 0.8042176870748299, 0.8078004535147393, 0.8048979591836735, 0.8044897959183673, 0.8136961451247166, 0.8062585034013605, 0.8025396825396826, 0.806530612244898, 0.8063945578231293, 0.8047165532879819, 0.8060770975056689, 0.809795918367347, 0.8098412698412698, 0.8097052154195011, 0.8090249433106576, 0.8092517006802721, 0.806984126984127, 0.8058503401360544, 0.805578231292517, 0.8091156462585034, 0.8097052154195011, 0.8066666666666666, 0.8065759637188209], "valid_accuracy_array": [0.7053968253968254, 0.7477777777777778, 0.7592063492063492, 0.7696825396825396, 0.7736507936507937, 0.7752380952380953, 0.7758730158730158, 0.7771428571428571, 0.7898412698412698, 0.7857142857142857, 0.7901587301587302, 0.8028571428571428, 0.7912698412698412, 0.7926984126984127, 0.7947619047619048, 0.7904761904761904, 0.7968253968253968, 0.790952380952381, 0.7996825396825397, 0.8007936507936508, 0.806984126984127, 0.7958730158730158, 0.799047619047619, 0.8031746031746032, 0.7906349206349207, 0.802063492063492, 0.795079365079365, 0.7993650793650794, 0.7963492063492064, 0.7952380952380952, 0.7995238095238095, 0.8015873015873016, 0.802063492063492, 0.8022222222222222, 0.7995238095238095, 0.8082539682539682, 0.7993650793650794, 0.8023809523809524, 0.7982539682539682, 0.8006349206349206, 0.8047619047619048, 0.8017460317460318, 0.8006349206349206, 0.8107936507936508, 0.8053968253968254, 0.8047619047619048, 0.8033333333333333, 0.8055555555555556, 0.8101587301587302, 0.8065079365079365, 0.8011111111111111, 0.8107936507936508, 0.8017460317460318, 0.799047619047619, 0.8022222222222222, 0.8096825396825397, 0.8077777777777778, 0.8071428571428572, 0.7961904761904762, 0.7998412698412698, 0.8073015873015873, 0.810952380952381, 0.8050793650793651, 0.8055555555555556], "best_epoch": 45, "total_time": 8579.302555084229, "train_time_sum": 6689.059583902359, "eval_time_sum": 1890.2227177619934, "accuracy": 80.31746031746032, "k1": 0.8031745553016663, "k5": 0.9711108207702637, "class_accuracy": {"airplane": 0.7162162162162162, "airport": 0.7317073170731707, "baseball_diamond": 0.8493150684931506, "basketball_court": 0.6231884057971014, "beach": 0.8923076923076924, "bridge": 0.7272727272727273, "chaparral": 0.9882352941176471, "church": 0.6851851851851852, "circular_farmland": 0.8676470588235294, "cloud": 0.9772727272727273, "commercial_area": 0.6285714285714286, "dense_residential": 0.7619047619047619, "desert": 0.8888888888888888, "forest": 0.9365079365079365, "freeway": 0.8, "golf_course": 0.8571428571428571, "ground_track_field": 0.7297297297297297, "harbor": 0.8709677419354839, "industrial_area": 0.7058823529411765, "intersection": 0.8202247191011236, "island": 0.8214285714285714, "lake": 0.8148148148148148, "meadow": 0.8488372093023255, "medium_residential": 0.6865671641791045, "mobile_home_park": 0.8253968253968254, "mountain": 0.922077922077922, "overpass": 0.7692307692307693, "palace": 0.5454545454545454, "parking_lot": 0.803921568627451, "railway": 0.7424242424242424, "railway_station": 0.6521739130434783, "rectangular_farmland": 0.8571428571428571, "river": 0.7246376811594203, "roundabout": 0.8793103448275862, "runway": 0.8793103448275862, "sea_ice": 0.9830508474576272, "ship": 0.9032258064516129, "snowberg": 0.9240506329113924, "sparse_residential": 0.7866666666666666, "stadium": 0.8, "storage_tank": 0.8823529411764706, "tennis_court": 0.7083333333333334, "terrace": 0.7362637362637363, "thermal_power_station": 0.7916666666666666, "wetland": 0.84375}, "f1": 0.8057275320165946, "precision": 0.856525669642857, "recall": 0.8053125,