{"model_name": "resnet18", "train_loss_array": [1.86221577723821, 1.0675380121823612, 0.917554341611408, 0.8504656966851682, 0.8078738265161882, 0.7775227334223637, 0.7630335087138239, 0.738271178504507, 0.7299629044370587, 0.7199653141758069, 0.7075837491726389, 0.7010062455184876, 0.6892332542442681, 0.6839586033437257, 0.6882160502293754, 0.6802466895574886, 0.680765628510592, 0.6738394444086113, 0.6650948012564458, 0.667566494133467, 0.66517397234229, 0.6582357323223771, 0.6411892843692482, 0.6507628448560935, 0.6539993282753864, 0.6551416928535686, 0.6428380206463828, 0.6427488775074888, 0.6472004287772708, 0.6381106002936288, 0.6367048318423922, 0.6391644409589486, 0.6331554024803395, 0.6362831982490427, 0.6296968799329399, 0.6314706265791203, 0.6263082403850123, 0.6287008288428356, 0.6349155934624661, 0.6191771611267206, 0.6165407944022934, 0.6282235215377916, 0.6281428803392008, 0.614233079579682, 0.61872610446412, 0.6186288796246998, 0.6152217493238362, 0.6222191748300107, 0.6220765121602148, 0.6208545712927301, 0.6141858758434416, 0.6205652487250953, 0.6233998692495212, 0.6202654576355637, 0.628494207044037, 0.6157811739547453, 0.6135852726476263, 0.6195309225664117, 0.6123493338117794, 0.5999925321732519, 0.6147707907858889, 0.6120617038606245, 0.6139355057559046], "valid_loss_array": [1.1594790541936482, 0.9359593031898378, 0.8656668469073281, 0.8014497227138944, 0.7916469413136679, 0.7842640765602626, 0.7568764568321289, 0.752452751473775, 0.762176341480679, 0.7172642118400998, 0.7245382477366735, 0.7038112639907806, 0.712540550127862, 0.7044182334627423, 0.7031515441716664, 0.718700396163123, 0.6889434199011515, 0.6907407012250688, 0.7154404471317927, 0.6802137300135598, 0.6835727009271818, 0.6787464519341787, 0.6925905384714641, 0.7058627577055068, 0.6686912377675375, 0.7149891822584091, 0.6752214490894287, 0.6832489948424082, 0.6837303222171844, 0.6794495894795373, 0.70884403562735, 0.6880626692658379, 0.6761001298824946, 0.6810892569640327, 0.6986645299290853, 0.6857495336305528, 0.6730213274085333, 0.6999260530112281, 0.6699741605728392, 0.6883059581593861, 0.676632001759514, 0.6630072286204686, 0.6520919863666806, 0.6572628714262493, 0.6869102527224829, 0.6710734272760058, 0.6827072151123531, 0.6798514406832438, 0.6983630692675, 0.6788102078532415, 0.6808159973413225, 0.682575139024901, 0.6949284112169629, 0.6621402220593559, 0.6610847880679463, 0.6606413286829752, 0.665831936138963, 0.6796195599294844, 0.6614309466547437, 0.6847732656058811, 0.658276515347617, 0.6803340826715741, 0.6903890321652094], "train_accuracy_array": [0.5528798185941043, 0.7095691609977324, 0.7376417233560091, 0.7509297052154195, 0.7625850340136054, 0.7643083900226757, 0.7686621315192744, 0.7751473922902494, 0.7775510204081633, 0.7781859410430839, 0.7802721088435374, 0.7840362811791384, 0.7880725623582766, 0.7882086167800454, 0.7871655328798186, 0.789297052154195, 0.7932426303854875, 0.790657596371882, 0.7934240362811792, 0.7937868480725624, 0.7922448979591836, 0.794875283446712, 0.8015419501133787, 0.796734693877551, 0.7945124716553288, 0.7948299319727891, 0.7980952380952381, 0.799546485260771, 0.7971428571428572, 0.8019047619047619, 0.8033560090702948, 0.8012698412698412, 0.8048979591836735, 0.8024036281179139, 0.8028571428571428, 0.8017687074829932, 0.8054421768707483, 0.8039909297052155, 0.8003174603174603, 0.8063038548752834, 0.805578231292517, 0.8042176870748299, 0.8052154195011337, 0.8073015873015873, 0.8059863945578232, 0.8087528344671202, 0.8065759637188209, 0.8068027210884354, 0.8029478458049887, 0.8053968253968254, 0.8078004535147393, 0.8058503401360544, 0.8044897959183673, 0.8057142857142857, 0.8063945578231293, 0.8102494331065759, 0.8079818594104309, 0.806485260770975, 0.8109750566893424, 0.8109750566893424, 0.8090249433106576, 0.809297052154195, 0.8087981859410431], "valid_accuracy_array": [0.6936507936507936, 0.7376190476190476, 0.7503174603174603, 0.7636507936507937, 0.7607936507936508, 0.7633333333333333, 0.7722222222222223, 0.7785714285714286, 0.7688888888888888, 0.7833333333333333, 0.780952380952381, 0.7822222222222223, 0.7795238095238095, 0.7817460317460317, 0.7834920634920635, 0.785079365079365, 0.7892063492063492, 0.7914285714285715, 0.7814285714285715, 0.7930158730158731, 0.7930158730158731, 0.793968253968254, 0.7893650793650794, 0.7812698412698412, 0.7933333333333333, 0.782063492063492, 0.7957142857142857, 0.7919047619047619, 0.7926984126984127, 0.7925396825396825, 0.7852380952380953, 0.7911111111111111, 0.8023809523809524, 0.7893650793650794, 0.7865079365079365, 0.7911111111111111, 0.8006349206349206, 0.7879365079365079, 0.793968253968254, 0.790952380952381, 0.7895238095238095, 0.8023809523809524, 0.8, 0.7998412698412698, 0.7901587301587302, 0.7985714285714286, 0.796031746031746, 0.7965079365079365, 0.7898412698412698, 0.7947619047619048, 0.7912698412698412, 0.7961904761904762, 0.796031746031746, 0.7961904761904762, 0.803015873015873, 0.7976190476190477, 0.8036507936507936, 0.7955555555555556, 0.7988888888888889, 0.7944444444444444, 0.8007936507936508, 0.7895238095238095, 0.7933333333333333], "best_epoch": 44, "total_time": 8479.837708711624, "train_time_sum": 6611.882474660873, "eval_time_sum": 1867.9385213851929, "accuracy": 79.96825396825396, "k1": 0.7996823787689209, "k5": 0.9768250584602356, "class_accuracy": {"airplane": 0.7586206896551724, "airport": 0.7857142857142857, "baseball_diamond": 0.7846153846153846, "basketball_court": 0.6031746031746031, "beach": 0.9166666666666666, "bridge": 0.8405797101449275, "chaparral": 0.9487179487179487, "church": 0.603448275862069, "circular_farmland": 0.9861111111111112, "cloud": 0.8024691358024691, "commercial_area": 0.5974025974025974, "dense_residential": 0.8596491228070176, "desert": 0.8148148148148148, "forest": 0.9354838709677419, "freeway": 0.6666666666666666, "golf_course": 0.8, "ground_track_field": 0.7435897435897436, "harbor": 0.9295774647887324, "industrial_area": 0.7741935483870968, "intersection": 0.8428571428571429, "island": 0.881578947368421, "lake": 0.8059701492537313, "meadow": 0.9342105263157895, "medium_residential": 0.6764705882352942, "mobile_home_park": 0.8441558441558441, "mountain": 0.7922077922077922, "overpass": 0.7076923076923077, "palace": 0.46153846153846156, "parking_lot": 0.9264705882352942, "railway": 0.7662337662337663, "railway_station": 0.746268656716418, "rectangular_farmland": 0.8245614035087719, "river": 0.6756756756756757, "roundabout": 0.8695652173913043, "runway": 0.8552631578947368, "sea_ice": 0.9692307692307692, "ship": 0.8382352941176471, "snowberg": 0.9583333333333334, "sparse_residential": 0.7380952380952381, "stadium": 0.7741935483870968, "storage_tank": 0.8709677419354839, "tennis_court": 0.6867469879518072, "terrace": 0.8166666666666667, "thermal_power_station": 0.7222222222222222, "wetland": 0.7590361445783133}, "f1": 0.8029748263888887, "precision": 0.8513497023809523, "recall": 0.8009375000000001,