{"model_name": "vgg13_bn", "train_loss_array": [1.4242204388523318, 1.0661064228233026, 1.0280731515008577, 1.0114405069356602, 0.9996567050886263, 0.9889105646923826, 0.9904480271734077, 0.9930761036824207, 0.9917353703862145, 1.0007759687446414, 0.9836604037657887, 0.9945782602103659, 0.9891045970711309, 0.9894472322090954, 0.9877897365158107, 0.9984771160582026, 1.0041883655416182, 1.0055512012132442, 1.0018542742107461, 1.0099284033926705, 0.9998012376345204, 1.0059977982049626, 1.000760487282898, 1.0045340037535107, 1.0212297707187885, 0.9986413180692937, 0.9991315264009835, 1.0159499838508987, 1.0229416422022173, 1.0088009753194795, 1.0117159002627374, 1.0234243775170946, 1.017276032779222, 1.026404927376987, 1.0088595576972919, 1.036864846539335, 1.0099658284192723, 1.0193126442210745, 1.0290500517605112, 1.0187905841673852, 1.0135122013875957, 1.0208067868977717], "valid_loss_array": [0.9775457888368576, 0.8839556572456209, 0.8349304802360988, 0.8137418954145341, 0.7814624397054551, 0.7798593434549513, 0.7744061480911951, 0.7460299157907092, 0.7756819500336571, 0.7537544085865929, 0.7865048138395189, 0.7544710153625125, 0.725102911629374, 0.7272929972599423, 0.7521207495814278, 0.7530824497105584, 0.7417614935409456, 0.7420728710435686, 0.7586989639297365, 0.7162769530264158, 0.6962791296934324, 0.6937931761855171, 0.7427475978694265, 0.752517191663621, 0.7236976119733992, 0.720789739773387, 0.7083761025042761, 0.7327303735036699, 0.7008857537829687, 0.7178351972547788, 0.6991444951485074, 0.7443059084434358, 0.7302180850316607, 0.7149714301266368, 0.7233236084381739, 0.7101348669282974, 0.7202235584457716, 0.7164058725512217, 0.7363087577479226, 0.7054255756120833, 0.7327492563497453, 0.7357839461829927], "train_accuracy_array": [0.6042176870748299, 0.6836734693877551, 0.6926530612244898, 0.6977777777777778, 0.7047619047619048, 0.7057142857142857, 0.7115192743764173, 0.7043083900226758, 0.7101587301587302, 0.7096145124716553, 0.7145124716553288, 0.7124263038548753, 0.7160997732426304, 0.7136507936507936, 0.7172789115646259, 0.7141496598639456, 0.7118367346938775, 0.7157369614512472, 0.7172335600907029, 0.7127891156462585, 0.7193650793650793, 0.7137414965986395, 0.7207256235827665, 0.7180952380952381, 0.7128798185941043, 0.7182766439909297, 0.7194104308390022, 0.718140589569161, 0.7170521541950113, 0.7199092970521542, 0.7219501133786848, 0.7185487528344672, 0.7198185941043084, 0.7189115646258504, 0.7228117913832199, 0.7161451247165533, 0.7226757369614513, 0.7204081632653061, 0.7205442176870749, 0.7207256235827665, 0.7216780045351474, 0.7192743764172336], "valid_accuracy_array": [0.7138095238095238, 0.7341269841269841, 0.7492063492063492, 0.7538095238095238, 0.7634920634920634, 0.7676190476190476, 0.7665079365079365, 0.7682539682539683, 0.7717460317460317, 0.7706349206349207, 0.7642857142857142, 0.7765079365079365, 0.7774603174603174, 0.7841269841269841, 0.7726984126984127, 0.7766666666666666, 0.7793650793650794, 0.7823809523809524, 0.7782539682539683, 0.7841269841269841, 0.7906349206349207, 0.7857142857142857, 0.7834920634920635, 0.7804761904761904, 0.7882539682539682, 0.7933333333333333, 0.7887301587301587, 0.7822222222222223, 0.790952380952381, 0.7917460317460318, 0.7976190476190477, 0.782063492063492, 0.7847619047619048, 0.79, 0.7871428571428571, 0.792063492063492, 0.7903174603174603, 0.7930158730158731, 0.7857142857142857, 0.8012698412698412, 0.7834920634920635, 0.7853968253968254], "best_epoch": 23, "total_time": 9350.487375736237, "train_time_sum": 7296.411763429642, "eval_time_sum": 2054.0617899894714, "accuracy": 78.66666666666667, "k1": 0.7866666913032532, "k5": 0.9685710072517395, "class_accuracy": {"airplane": 0.8709677419354839, "airport": 0.5833333333333334, "baseball_diamond": 0.7142857142857143, "basketball_court": 0.5342465753424658, "beach": 0.8243243243243243, "bridge": 0.7323943661971831, "chaparral": 0.9883720930232558, "church": 0.6875, "circular_farmland": 0.958904109589041, "cloud": 0.9056603773584906, "commercial_area": 0.8024691358024691, "dense_residential": 0.8275862068965517, "desert": 0.9863013698630136, "forest": 0.9420289855072463, "freeway": 0.7096774193548387, "golf_course": 0.9384615384615385, "ground_track_field": 0.6575342465753424, "harbor": 0.8771929824561403, "industrial_area": 0.71875, "intersection": 0.7195121951219512, "island": 0.9076923076923077, "lake": 0.8064516129032258, "meadow": 0.7183098591549296, "medium_residential": 0.7321428571428571, "mobile_home_park": 0.8142857142857143, "mountain": 0.84, "overpass": 0.726027397260274, "palace": 0.44285714285714284, "parking_lot": 0.8767123287671232, "railway": 0.7213114754098361, "railway_station": 0.803921568627451, "rectangular_farmland": 0.8333333333333334, "river": 0.6805555555555556, "roundabout": 0.7857142857142857, "runway": 0.8108108108108109, "sea_ice": 0.9459459459459459, "ship": 0.6923076923076923, "snowberg": 0.9404761904761905, "sparse_residential": 0.7101449275362319, "stadium": 0.7894736842105263, "storage_tank": 0.9066666666666666, "tennis_court": 0.5822784810126582, "terrace": 0.7866666666666666, "thermal_power_station": 0.7076923076923077, "wetland": 0.8709677419354839}, "f1": 0.7850594977938729, "precision": 0.8367139136904761, "recall": 0.7853125000000001,