{"model_name": "vgg13_bn", "train_loss_array": [1.4292066463537498, 1.0852827544655659, 1.0500735517532107, 1.0191576692387632, 1.010312627164685, 1.0069188489800407, 1.0143501875487044, 1.0099743276902067, 1.0187177706737907, 1.0169672467946465, 1.0154589100354383, 1.0115201197513917, 1.014690442217721, 1.030346910429109, 0.997606439385014, 1.0045739638697264, 1.0303796066178217, 1.0369231999934125, 1.011951504313216, 1.0114064568024375, 1.0117099670325818, 1.016484507965663, 1.0201500991439603, 1.0283179320986309, 1.0307198874398964, 1.0264376188351725, 1.0315000061410355, 1.0225774725548535, 1.0345293657174186, 1.0311107388159044, 1.0304910689930256, 1.0357856614654566, 1.0354778321286717, 1.0367246995302015, 1.0479239415960246, 1.0291675650884236, 1.0317895449613497, 1.0606258224332683, 1.0522805505734183, 1.0442030948170729, 1.0267314965627632, 1.0470232908147263, 1.0506477855365564, 1.0388622192028159, 1.0546969172635587, 1.042572658145779, 1.0437382113636215, 1.0405331780445548, 1.0469386157940845, 1.037858102732505, 1.0617306085130254, 1.0510914154739337, 1.0497370027765935, 1.0590331909878183, 1.0617360684201291, 1.0432771795055493, 1.0339612180278415, 1.0518897393393138, 1.0437468882320688, 1.0538727726930934, 1.05791424731819, 1.0436723766818878, 1.0453285829009924, 1.0550377175651169, 1.0529672642684036, 1.0626815724399896, 1.0535483664395857, 1.0516742990265628, 1.0589986460414333, 1.0498755585039012, 1.0588319726676898, 1.0644216410427136, 1.0546582119535157, 1.0436035880561318, 1.0415712510512258, 1.032358377766447, 1.054690935714445, 1.044182101480004, 1.0541995103532225, 1.0511339248713452, 1.0671347561471858, 1.044932588765951, 1.0377570759682428, 1.072696783780511, 1.0470545795363904, 1.050765498560302, 1.062228964029256, 1.0411637642351137, 1.0442704327252446, 1.0446043767356008, 1.05695148951072], "valid_loss_array": [0.9162657793079104, 0.827506329805132, 0.8007334449461528, 0.7793725785754976, 0.749915142381002, 0.7526789882353374, 0.7182522847775429, 0.7207425149187209, 0.7412893436257801, 0.7431634514341279, 0.7233690063631724, 0.7288867157130015, 0.7047921497197378, 0.7344973934075189, 0.686315390325728, 0.718977355649547, 0.6829743579266563, 0.6836362421985657, 0.6877932037625994, 0.6840522855756774, 0.6830072088374032, 0.6987102452724699, 0.6893315357821328, 0.6853182840914953, 0.6961113408444419, 0.6819382257877834, 0.7020542593229384, 0.6731852855947282, 0.66965190096507, 0.6594178239031444, 0.6905082078680159, 0.693785077286145, 0.6679940067586445, 0.6878757079442342, 0.7012564169745596, 0.6754707644383112, 0.6644408582221895, 0.6713505435794119, 0.668180548482471, 0.6819414557918669, 0.6747780529752611, 0.6576205767572872, 0.6989521281350226, 0.6779677848967295, 0.68038510046308, 0.6565332218768105, 0.6715189800375984, 0.6838357358697861, 0.6641529408239183, 0.6721439109671683, 0.6680572976668676, 0.6976627414188687, 0.653911688971141, 0.6791952051340587, 0.672888423715319, 0.679091602563858, 0.6601118661818051, 0.683243874992643, 0.6571394919403015, 0.7051921122603946, 0.6634888631247339, 0.6871461521775003, 0.6708045665706907, 0.6588808408095723, 0.6747498616339669, 0.6713927638909173, 0.697571407234858, 0.6992136381921314, 0.6705486390089231, 0.6702986535808396, 0.6457967883537686, 0.6768480643393502, 0.6479446523719363, 0.6665731427215394, 0.679870813611954, 0.6813138699720777, 0.6876713579136228, 0.683111258678966, 0.6895852268688263, 0.671341096243215, 0.6890928830419268, 0.6837495087631165, 0.6951204987745436, 0.6779748636578756, 0.6621764645216957, 0.6507809882362684, 0.6859969801846004, 0.6660237771178049, 0.6535388275034844, 0.6523284985432549, 0.6722414980805109], "train_accuracy_array": [0.601859410430839, 0.6795011337868481, 0.6843990929705216, 0.6968707482993197, 0.6994557823129252, 0.7036281179138322, 0.7035827664399092, 0.7076190476190476, 0.700952380952381, 0.706530612244898, 0.7052607709750567, 0.7113832199546485, 0.7066213151927437, 0.7045351473922903, 0.7118367346938775, 0.708798185941043, 0.710249433106576, 0.7076190476190476, 0.7109297052154195, 0.7161451247165533, 0.7112018140589569, 0.7180498866213152, 0.7132426303854875, 0.7119727891156462, 0.7165532879818595, 0.7129251700680272, 0.7119274376417234, 0.7160544217687075, 0.7160544217687075, 0.7135600907029478, 0.7165986394557823, 0.7128344671201814, 0.7134240362811791, 0.7129705215419501, 0.713514739229025, 0.7181859410430839, 0.7194104308390022, 0.7116553287981859, 0.7142857142857143, 0.7116553287981859, 0.7179591836734693, 0.716281179138322, 0.7165532879818595, 0.7130612244897959, 0.7129705215419501, 0.7156916099773243, 0.7131065759637188, 0.7160997732426304, 0.7178231292517007, 0.7175056689342404, 0.7140589569160998, 0.719047619047619, 0.7162358276643991, 0.7154648526077098, 0.7152834467120182, 0.7146485260770975, 0.7189569160997732, 0.7181859410430839, 0.7187301587301588, 0.7197732426303854, 0.7132426303854875, 0.7177324263038549, 0.7162358276643991, 0.7144671201814059, 0.7162358276643991, 0.7139682539682539, 0.720498866213152, 0.7212698412698413, 0.7151927437641723, 0.7179591836734693, 0.7180952380952381, 0.7179591836734693, 0.7151473922902495, 0.720453514739229, 0.7176417233560091, 0.7156462585034014, 0.7212698412698413, 0.7202267573696145, 0.7160090702947846, 0.7188208616780045, 0.7179591836734693, 0.720498866213152, 0.7208163265306122, 0.7153287981859411, 0.7155102040816327, 0.7188662131519274, 0.719954648526077, 0.7210884353741497, 0.7168707482993197, 0.7222675736961451, 0.7209977324263038], "valid_accuracy_array": [0.7236507936507937, 0.7536507936507937, 0.7565079365079365, 0.7620634920634921, 0.7726984126984127, 0.7784126984126984, 0.7765079365079365, 0.7768253968253969, 0.7749206349206349, 0.7758730158730158, 0.783015873015873, 0.7814285714285715, 0.7888888888888889, 0.7760317460317461, 0.7952380952380952, 0.7822222222222223, 0.7933333333333333, 0.7938095238095239, 0.7947619047619048, 0.7958730158730158, 0.7904761904761904, 0.7914285714285715, 0.7893650793650794, 0.7957142857142857, 0.7934920634920635, 0.7988888888888889, 0.7911111111111111, 0.7993650793650794, 0.7974603174603174, 0.803015873015873, 0.7979365079365079, 0.7912698412698412, 0.8022222222222222, 0.7988888888888889, 0.7880952380952381, 0.8, 0.7998412698412698, 0.8041269841269841, 0.8033333333333333, 0.7961904761904762, 0.802063492063492, 0.8025396825396826, 0.7952380952380952, 0.799047619047619, 0.7984126984126985, 0.8046031746031747, 0.7992063492063493, 0.8001587301587302, 0.8004761904761905, 0.7987301587301587, 0.8014285714285714, 0.800952380952381, 0.8087301587301587, 0.796984126984127, 0.8004761904761905, 0.8023809523809524, 0.8026984126984127, 0.7936507936507936, 0.8042857142857143, 0.7966666666666666, 0.8025396825396826, 0.8026984126984127, 0.8031746031746032, 0.8011111111111111, 0.803015873015873, 0.7985714285714286, 0.796984126984127, 0.7957142857142857, 0.8066666666666666, 0.8082539682539682, 0.8050793650793651, 0.8026984126984127, 0.8071428571428572, 0.8017460317460318, 0.8038095238095239, 0.8003174603174603, 0.8052380952380952, 0.7988888888888889, 0.8028571428571428, 0.8007936507936508, 0.8019047619047619, 0.799047619047619, 0.8033333333333333, 0.8022222222222222, 0.8017460317460318, 0.8077777777777778, 0.7992063492063493, 0.8066666666666666, 0.8077777777777778, 0.8111111111111111, 0.8038095238095239], "best_epoch": 72, "total_time": 20322.65403699875, "train_time_sum": 15869.318238973618, "eval_time_sum": 4453.30446600914, "accuracy": 79.84126984126983, "k1": 0.7984127402305603, "k5": 0.9723805785179138, "class_accuracy": {"airplane": 0.8354430379746836, "airport": 0.7692307692307693, "baseball_diamond": 0.5362318840579711, "basketball_court": 0.5692307692307692, "beach": 0.7571428571428571, "bridge": 0.7761194029850746, "chaparral": 0.9390243902439024, "church": 0.53125, "circular_farmland": 0.9111111111111111, "cloud": 0.9264705882352942, "commercial_area": 0.7894736842105263, "dense_residential": 0.8555555555555555, "desert": 0.9397590361445783,