{"model_name": "cifar_vgg11_bn", "train_loss_array": [2.919414352063158, 2.700050018571403, 2.5836023722618275, 2.5104390399715912, 2.452659910404771, 2.437048820845566, 2.3784141739074975, 2.3722537490428905, 2.373414788443088, 2.3371906445166832, 2.318937270320099, 2.3184955061975168, 2.2983246509820607, 2.289323212572587, 2.3036700339436775, 2.2776874834085206, 2.269085683770977, 2.272951489456941, 2.2698567144436534, 2.2461385891577965, 2.248848923978244, 2.235908528316965, 2.266927689899039, 2.2464019951985024, 2.234249559220383, 2.2569089474997654, 2.217494217382546, 2.2133919354944354, 2.230195205277822, 2.2254798835245597, 2.2301201595998568, 2.2670397220952494, 2.2482790059145836, 2.223820433716719, 2.1987504920365444, 2.2390683247741205, 2.2219742036947303, 2.2290765795258953, 2.241210947508092, 2.2286656006171888, 2.2324805997397825, 2.194664024063761, 2.218547686581363, 2.235934483173657, 2.2196638361376206, 2.215041660665255, 2.1958573902468466, 2.212989541914468, 2.2135245013898825, 2.212770007797892, 2.2234480881416565, 2.220842053136393, 2.22104574234484, 2.1928499671520214, 2.219841491393165, 2.185597835236009, 2.2005036818311274, 2.1877973894856635, 2.2074515756595434, 2.2350920801156264, 2.175571582247941, 2.2173672841058525, 2.1895224586401585, 2.203026038049118, 2.2001649124362457, 2.2031544957842146], "valid_loss_array": [2.8042703262437576, 2.6550488788369706, 2.6200822224549207, 2.523844429666962, 2.473890026598745, 2.448883099578568, 2.4127044406547364, 2.389284957641674, 2.380411415868461, 2.3205124179333874, 2.337897237443246, 2.3377584360222117, 2.3226754676674215, 2.312686917906124, 2.3359115779117388, 2.322066998594745, 2.3121466647957174, 2.316777363772641, 2.3301240324409087, 2.2550664479133644, 2.295026140755387, 2.2527284520497255, 2.318026642098811, 2.259398793722216, 2.2692551420763207, 2.276838476623969, 2.2365708305937417, 2.2567330355892814, 2.3129174494630353, 2.2281668773759598, 2.2456061998249797, 2.219636844797722, 2.209045270042962, 2.228931907228949, 2.205916203593756, 2.259421007328124, 2.2393104295594997, 2.279347877366848, 2.222116107624289, 2.2662026339797614, 2.185596927082369, 2.1793517207647386, 2.1749543725596787, 2.2295205367119957, 2.226454973220825, 2.1539223160223937, 2.2015844442268118, 2.236150656831208, 2.213164384896156, 2.20617631148388, 2.1952101856611352, 2.208060211479946, 2.199902676858043, 2.2248996411454622, 2.224822456802802, 2.222059756093681, 2.1975134650677868, 2.2517514036730004, 2.207889233720246, 2.1803375770695403, 2.2060027585775366, 2.240332433962709, 2.2037083447262007, 2.217886038866088, 2.2180932460802993, 2.198723908284264], "train_accuracy_array": [0.1069735951252539, 0.2004062288422478, 0.22884224779959378, 0.23628977657413677, 0.25389302640487477, 0.25998645903859174, 0.27217332430602575, 0.2809749492213947, 0.26540284360189575, 0.28368314150304674, 0.2904536222071767, 0.2796208530805687, 0.28368314150304674, 0.31685849695328366, 0.28368314150304674, 0.2857142857142857, 0.2924847664184157, 0.29519295870006773, 0.28368314150304674, 0.2979011509817197, 0.3006093432633717, 0.29519295870006773, 0.2877454299255247, 0.2985781990521327, 0.31008801624915366, 0.2999322951929587, 0.3012863913337847, 0.3046716316858497, 0.2897765741367637, 0.2999322951929587, 0.2958700067704807, 0.2958700067704807, 0.29519295870006773, 0.2972241029113067, 0.3094109681787407, 0.3026404874746107, 0.3006093432633717, 0.2979011509817197, 0.2796208530805687, 0.2809749492213947, 0.28842247799593773, 0.3006093432633717, 0.2897765741367637, 0.29519295870006773, 0.2870683818551117, 0.3006093432633717, 0.3019634394041977, 0.3067027758970887, 0.3073798239675017, 0.2958700067704807, 0.3053486797562627, 0.3019634394041977, 0.2897765741367637, 0.32024373730534866, 0.3107650643195667, 0.2999322951929587, 0.2945159106296547, 0.2911306702775897, 0.3148273527420447, 0.2830060934326337, 0.31008801624915366, 0.3094109681787407, 0.3026404874746107, 0.3080568720379147, 0.3080568720379147, 0.2958700067704807], "valid_accuracy_array": [0.19194312796208532, 0.23222748815165878, 0.24407582938388625, 0.2725118483412322, 0.28199052132701424, 0.2962085308056872, 0.3080568720379147, 0.31516587677725116, 0.2914691943127962, 0.2914691943127962, 0.3222748815165877, 0.2938388625592417, 0.3056872037914692, 0.3104265402843602, 0.3222748815165877, 0.3009478672985782, 0.3056872037914692, 0.2914691943127962, 0.2985781990521327, 0.3009478672985782, 0.2962085308056872, 0.33175355450236965, 0.3175355450236967, 0.2985781990521327, 0.33175355450236965, 0.2938388625592417, 0.3175355450236967, 0.3033175355450237, 0.27488151658767773, 0.3127962085308057, 0.3080568720379147, 0.3175355450236967, 0.3009478672985782, 0.3104265402843602, 0.2985781990521327, 0.27488151658767773, 0.3080568720379147, 0.28672985781990523, 0.3104265402843602, 0.2843601895734597, 0.32701421800947866, 0.3412322274881517, 0.3080568720379147, 0.32701421800947866, 0.3056872037914692, 0.3341232227488152, 0.28672985781990523, 0.2890995260663507, 0.2914691943127962, 0.2962085308056872, 0.3009478672985782, 0.28672985781990523, 0.3127962085308057, 0.3009478672985782, 0.2914691943127962, 0.3080568720379147, 0.2890995260663507, 0.31516587677725116, 0.3127962085308057, 0.3222748815165877, 0.2962085308056872, 0.2890995260663507, 0.31516587677725116, 0.3246445497630332, 0.28672985781990523, 0.3080568720379147], "best_epoch": 47, "total_time": 1445.4962992668152, "train_time_sum": 1126.3321642875671, "eval_time_sum": 319.1263918876648, "accuracy": 31.0, "k1": 0.3100000321865082, "k5": 0.7050000429153442}