{"model_name": "cifar_densenet161", "train_loss_array": [2.827550863525556, 2.5614222702176166, 2.469902747695964, 2.42531529244492, 2.3886118030418957, 2.3633761796583252, 2.3231602604516715, 2.3442306616214297, 2.3149053253026612, 2.2873136922969315, 2.269753878150506, 2.252824712057895, 2.25904285641401, 2.2875516191881577, 2.2992600298605823, 2.3047841340202533, 2.264735294986433, 2.250084545617178, 2.2660260492672206, 2.2612330351799184, 2.246615727446575, 2.272436758756799, 2.2708955023364594, 2.2222046667284956, 2.242989151721559, 2.262574596024076, 2.2872253740326167, 2.2001802014110052, 2.2658621157515104, 2.2431262288451923, 2.2431532561012273, 2.2154130232681193, 2.2231153478151087, 2.2627973589609827, 2.2128507761674387, 2.238906275523863, 2.1828285265227145, 2.2252830622885464, 2.2419655863788375, 2.269293046272035, 2.23430840793137, 2.2401794899777134, 2.21356828437113, 2.2299027120897557, 2.209820898788235, 2.1946541042689462, 2.211887100942246, 2.235888689211598, 2.210474144790975, 2.202839208843745, 2.248809700893565, 2.2171513559693974, 2.218271561224233, 2.189822687356958, 2.2003652614439835, 2.196123176841374, 2.2208156914991872, 2.2046243957191525, 2.193203716804308, 2.218192398184929, 2.225469462195198, 2.20922238913919, 2.1767564133848785, 2.208372334652683, 2.196543872719612, 2.1809582774027345, 2.2090761948858635, 2.1921289497400025, 2.193530241540742, 2.1827471660615303, 2.1943472035446114, 2.1665548290363743, 2.1667582105767025, 2.189460034134748, 2.1843494762015165, 2.1679814467982172, 2.2068260534437587, 2.1745069031789646, 2.19013637009713, 2.1690464539550494, 2.1613200287925447, 2.178370741952006, 2.185322959841145, 2.212160810717232, 2.1932575904443286, 2.1983017462205465, 2.204601476058495, 2.1817708105837563, 2.202390423479642, 2.187457245188786, 2.158564587582102, 2.179027055192817, 2.250566433068458, 2.180914925818679, 2.192689074643496, 2.1757411990685487, 2.2015648411994215, 2.18340670586278], "valid_loss_array": [2.5838162277547103, 2.470818209987116, 2.405588389572939, 2.306001954734043, 2.3423424026977395, 2.3354398695778507, 2.2480060545754093, 2.2747330111914903, 2.3503081369174037, 2.311902723041191, 2.2973031624798526, 2.24403158296341, 2.2517956048956416, 2.1788166094730252, 2.294525631231154, 2.2861936826841527, 2.1770273350991345, 2.2625632749349585, 2.230891085348988, 2.1988217954952005, 2.236374013231829, 2.247302123155639, 2.2495997923810336, 2.1397493077680396, 2.1759944673963068, 2.2811447319826246, 2.260356318894156, 2.2883549346743037, 2.3300424028911864, 2.1231503000756575, 2.2785874757721527, 2.182543928024328, 2.2314590537717556, 2.201169454655941, 2.1786523622359146, 2.248708511415816, 2.204339141529318, 2.2797826138717867, 2.197169606719537, 2.2511905719883636, 2.118144767544281, 2.2707244965702436, 2.182373770605331, 2.1735145322519456, 2.121247153711545, 2.1353573256759284, 2.181507632630696, 2.1549445656238575, 2.1847696880593683, 2.1838553754074312, 2.192416953814538, 2.1633735437528783, 2.126893312445184, 2.1547998670153143, 2.1024920827404583, 2.1675763695160923, 2.232508339588111, 2.1477955065632317, 2.1379454203691526, 2.1356616031502096, 2.155651110043458, 2.193387358109533, 2.132945224572132, 2.1543062230422034, 2.2009256213762183, 2.123934809065543, 2.207468456566616, 2.1328554317284536, 2.0797596248970214, 2.1581944673547246, 2.117643534289717, 2.1821396090973044, 2.2128306757217335, 2.20123964463365, 2.1438472621248796, 2.230767435372158, 2.1109673502320927, 2.0653860896684546, 2.1553985891748946, 2.1654340836674115, 2.1861745350733752, 2.181540848519565, 2.2256621071512663, 2.216992131906663, 2.173439584072167, 2.117528206929211, 2.1344628113705966, 2.1991194040289423, 2.1341845209564645, 2.199756926269893, 2.0900854917499125, 2.121091879939581, 2.2151754117125018, 2.202088961669054, 2.0912373054649027, 2.0967527272011997, 2.1654629357053206, 2.1548928988488365], "train_accuracy_array": [0.14285714285714285, 0.2139471902505078, 0.23290453622207177, 0.23628977657413677, 0.24779959377115776, 0.26201760324983076, 0.26878808395396075, 0.25389302640487477, 0.27217332430602575, 0.2823290453622207, 0.2809749492213947, 0.2945159106296547, 0.3006093432633717, 0.2728503723764387, 0.28165199729180773, 0.27014218009478674, 0.26878808395396075, 0.2938388625592417, 0.2694651320243737, 0.2972241029113067, 0.3067027758970887, 0.26878808395396075, 0.29180771834800273, 0.2972241029113067, 0.28165199729180773, 0.28503723764387273, 0.27691266079891674, 0.2823290453622207, 0.2904536222071767, 0.2965470548408937, 0.2870683818551117, 0.2863913337846987, 0.2877454299255247, 0.27691266079891674, 0.2958700067704807, 0.3012863913337847, 0.28503723764387273, 0.2985781990521327, 0.2830060934326337, 0.2945159106296547, 0.2972241029113067, 0.28842247799593773, 0.2972241029113067, 0.3127962085308057, 0.3094109681787407, 0.3039945836154367, 0.3080568720379147, 0.2897765741367637, 0.2985781990521327, 0.3039945836154367, 0.2863913337846987, 0.3033175355450237, 0.2911306702775897, 0.3026404874746107, 0.2890995260663507, 0.2985781990521327, 0.2863913337846987, 0.3026404874746107, 0.2972241029113067, 0.3107650643195667, 0.2992552471225457, 0.2931618144888287, 0.3067027758970887, 0.2809749492213947, 0.2931618144888287, 0.3121191604603927, 0.3155044008124577, 0.3121191604603927, 0.3094109681787407, 0.3188896411645227, 0.3107650643195667, 0.3094109681787407, 0.2924847664184157, 0.29180771834800273, 0.3006093432633717, 0.3060257278266757, 0.3019634394041977, 0.2931618144888287, 0.2979011509817197, 0.2965470548408937, 0.3141503046716317, 0.3127962085308057, 0.2897765741367637, 0.3060257278266757, 0.2945159106296547, 0.2945159106296547, 0.3141503046716317, 0.2972241029113067, 0.3060257278266757, 0.2958700067704807, 0.3182125930941097, 0.3229519295870007, 0.2938388625592417, 0.3053486797562627, 0.3039945836154367, 0.2992552471225457, 0.2911306702775897, 0.3012863913337847], "valid_accuracy_array": [0.21800947867298578, 0.22274881516587677, 0.25355450236966826, 0.2985781990521327, 0.26303317535545023, 0.2677725118483412, 0.2677725118483412, 0.26303317535545023, 0.2725118483412322, 0.2796208530805687, 0.26066350710900477, 0.2677725118483412, 0.26540284360189575, 0.2772511848341232, 0.2796208530805687, 0.25829383886255924, 0.2559241706161137, 0.2890995260663507, 0.31990521327014215, 0.2938388625592417, 0.3009478672985782, 0.2725118483412322, 0.2725118483412322, 0.3056872037914692, 0.3104265402843602, 0.3080568720379147, 0.2914691943127962, 0.2985781990521327, 0.2890995260663507, 0.3080568720379147, 0.2725118483412322, 0.3341232227488152, 0.28199052132701424, 0.2985781990521327, 0.3175355450236967, 0.28672985781990523, 0.2938388625592417, 0.2914691943127962, 0.2890995260663507, 0.28199052132701424, 0.32701421800947866, 0.3104265402843602, 0.31516587677725116, 0.2890995260663507, 0.31990521327014215, 0.3175355450236967, 0.2914691943127962, 0.3222748815165877, 0.3175355450236967, 0.2985781990521327, 0.3056872037914692, 0.3127962085308057, 0.3459715639810427, 0.3009478672985782, 0.3127962085308057, 0.2985781990521327, 0.2938388625592417, 0.3056872037914692, 0.3104265402843602, 0.27014218009478674, 0.3222748815165877, 0.3033175355450237, 0.3341232227488152, 0.27488151658767773, 0.2962085308056872, 0.34834123222748814, 0.3080568720379147, 0.3175355450236967, 0.2938388625592417, 0.2843601895734597, 0.3341232227488152, 0.3033175355450237, 0.2914691943127962, 0.2962085308056872, 0.31990521327014215, 0.3033175355450237, 0.3341232227488152, 0.35545023696682465, 0.3033175355450237, 0.2938388625592417, 0.2890995260663507, 0.3009478672985782, 0.3009478672985782, 0.3056872037914692, 0.28672985781990523, 0.3222748815165877, 0.3175355450236967, 0.3104265402843602, 0.2843601895734597, 0.3080568720379147, 0.3459715639810427, 0.31990521327014215, 0.3009478672985782, 0.3033175355450237, 0.3341232227488152, 0.33175355450236965, 0.3033175355450237, 0.34834123222748814], "best_epoch": 79, "total_time": 6421.233064889908,