{"model_name": "cifar_densenet121", "train_loss_array": [2.858386250710923, 2.5879944387770375, 2.45130586139883, 2.382394894120172, 2.3290624077770463, 2.3133534586098685, 2.2758814423328007, 2.2733534807761777, 2.2640474638425587, 2.256395943518337, 2.2507439933278386, 2.218564536172793, 2.224111233358054, 2.1975166292390713, 2.19476253129214, 2.218863636073666, 2.230699036520078, 2.215403791852472, 2.217598065703643, 2.1930750625393403, 2.1697449997299496, 2.2196227354864533, 2.191659901944382, 2.2002648478354967, 2.198353176917591, 2.1689005372648555, 2.1784507057193814, 2.1574883814510173, 2.1821512979838036, 2.1951600501241924, 2.167049240888416, 2.148534489711072, 2.16707960818374, 2.1491769727372447, 2.1772636539966737, 2.136765013212438, 2.1723251765696037, 2.1519460183345713, 2.1730192816572247, 2.127407056137607, 2.190318536177308, 2.168654523996703, 2.1382799150173777, 2.195734240997459, 2.1675943135408104, 2.1760516236097973, 2.1704213791952474, 2.1316271845198353, 2.1722153689139745, 2.175347640696779, 2.1337206732524594, 2.163582382286087, 2.1707617162286064, 2.154220362652292, 2.1637555832142916], "valid_loss_array": [2.6369153764010607, 2.4558565447115783, 2.369993088369686, 2.2854892540881986, 2.2728219235677853, 2.278220473872542, 2.2225562034625015, 2.208600754986442, 2.1791885780497187, 2.171303418010332, 2.204088460777608, 2.173514200047859, 2.1430630514407043, 2.0899197060914965, 2.1505207122784653, 2.142823540203944, 2.122069449221353, 2.1682135468410655, 2.11005441611412, 2.0989490651406384, 2.1218779572943376, 2.1360625610532353, 2.08150630652622, 2.083725102139875, 2.0778163428555168, 2.068943276789516, 2.1543161744755026, 2.1248085826494116, 2.0712072555487753, 2.046197735302821, 2.124204400591376, 2.1236871367947185, 2.092235608688463, 2.038406044950982, 2.011859247469789, 2.0506466480228007, 2.0375396911566854, 2.046287385208347, 2.078330261447418, 2.0376801547280987, 2.042343303490589, 2.0266543717180947, 2.0480250476095914, 2.154908671763271, 2.114333018307437, 2.0829403541664377, 2.0196375654771996, 2.0651316942196885, 2.03297338836001, 2.0724321925809597, 2.0577837200526377, 2.0559060099000614, 2.0258954147591974, 2.0189771426232506, 2.0561788432406023], "train_accuracy_array": [0.16993906567366282, 0.26134055517941773, 0.2742044685172647, 0.2775897088693297, 0.2938388625592417, 0.29180771834800273, 0.2992552471225457, 0.2979011509817197, 0.2999322951929587, 0.2999322951929587, 0.3060257278266757, 0.3155044008124577, 0.2924847664184157, 0.3012863913337847, 0.3148273527420447, 0.3094109681787407, 0.2897765741367637, 0.3222748815165877, 0.3067027758970887, 0.3175355450236967, 0.3175355450236967, 0.3114421123899797, 0.3087339201083277, 0.3012863913337847, 0.3141503046716317, 0.3229519295870007, 0.3188896411645227, 0.3107650643195667, 0.3127962085308057, 0.3012863913337847, 0.32024373730534866, 0.3290453622207177, 0.31685849695328366, 0.3229519295870007, 0.3155044008124577, 0.3175355450236967, 0.3209207853757617, 0.32362897765741366, 0.3175355450236967, 0.3188896411645227, 0.3222748815165877, 0.32498307379823965, 0.3297224102911307, 0.3182125930941097, 0.3148273527420447, 0.3344617467840217, 0.3182125930941097, 0.3290453622207177, 0.3121191604603927, 0.3182125930941097, 0.3175355450236967, 0.3276912660798917, 0.3114421123899797, 0.3222748815165877, 0.31347325660121866], "valid_accuracy_array": [0.27488151658767773, 0.2890995260663507, 0.3127962085308057, 0.33649289099526064, 0.32701421800947866, 0.3056872037914692, 0.3104265402843602, 0.3104265402843602, 0.33886255924170616, 0.33649289099526064, 0.3104265402843602, 0.3104265402843602, 0.3293838862559242, 0.36729857819905215, 0.33175355450236965, 0.3341232227488152, 0.3341232227488152, 0.3175355450236967, 0.35308056872037913, 0.37203791469194314, 0.3222748815165877, 0.3341232227488152, 0.3341232227488152, 0.33649289099526064, 0.3791469194312796, 0.36729857819905215, 0.3175355450236967, 0.33649289099526064, 0.37203791469194314, 0.34834123222748814, 0.3293838862559242, 0.33649289099526064, 0.33175355450236965, 0.33649289099526064, 0.35308056872037913, 0.36018957345971564, 0.35308056872037913, 0.3578199052132701, 0.31990521327014215, 0.34834123222748814, 0.32701421800947866, 0.3862559241706161, 0.34834123222748814, 0.3222748815165877, 0.32701421800947866, 0.32701421800947866, 0.36492890995260663, 0.35308056872037913, 0.36729857819905215, 0.34360189573459715, 0.33175355450236965, 0.34360189573459715, 0.3459715639810427, 0.36729857819905215, 0.35545023696682465], "best_epoch": 36, "total_time": 1861.524310350418, "train_time_sum": 1466.5788402557373, "eval_time_sum": 394.9314510822296, "accuracy": 34.0}