{"model_name": "cifar_mobilenet_v2", "train_loss_array": [2.823961815482148, 2.524862587250159, 2.388266767128626, 2.3097846035063063, 2.253216456301566, 2.2474757314293305, 2.2088074146611674, 2.2045853785267533, 2.1927917000403174, 2.1550022303129905, 2.1722432419344955, 2.1558579299283656, 2.140824823986459, 2.1698479629805867, 2.156944673288974, 2.1502520795924163, 2.1454440986456382, 2.13603349803829, 2.113408424439427, 2.11081137250385, 2.1072884482472185, 2.108834805485358, 2.1208259037562778, 2.1078979250701924, 2.110573233989904, 2.1192674078324716, 2.099826082234134, 2.102471570187351, 2.0990035470143797, 2.118184415085056, 2.090691987452833, 2.11727209799824, 2.1058800480377053, 2.108282373172654, 2.089722864758589, 2.098500290026758, 2.101830058753208, 2.1128198227207644, 2.0826694330978652, 2.103292352053953, 2.104712123070202, 2.1242310229232366, 2.1010502157940927, 2.105246798767782, 2.1313350442784333, 2.103421412534462, 2.118027657855582, 2.092740922661835, 2.1165613955392497, 2.105283821202164, 2.0701691030083915, 2.1054063685939535, 2.1028425283503034, 2.1267791397279394, 2.124682513458469, 2.104172628637739, 2.1033742327745006], "valid_loss_array": [2.6595377854261355, 2.453842700940173, 2.379859418100655, 2.31767597017695, 2.3178644135100015, 2.2331690494483114, 2.1941658812111586, 2.256244595016913, 2.2288235979622573, 2.230787798126727, 2.1966507909422237, 2.1805029887158724, 2.189022643871217, 2.216839520287175, 2.1916100357381088, 2.183741602287473, 2.1855414738587293, 2.1836363500893397, 2.1524043105789836, 2.1684195328662748, 2.162703308448972, 2.177752093681227, 2.1938338528312213, 2.128849880390258, 2.1490187565862287, 2.1467290794679905, 2.171573659255041, 2.160711958510051, 2.1898793225039803, 2.126567308936639, 2.2374293849366538, 2.1737829938319058, 2.1864028960042656, 2.2295115502524716, 2.1198388185546295, 2.1606355572198805, 2.0648835840948383, 2.130479690587916, 2.1973993382747703, 2.1792616872425894, 2.1596357539931743, 2.2074575254702453, 2.102568881771576, 2.1090463371638437, 2.160999988492631, 2.1257602869051895, 2.1042395259531754, 2.1824862143439705, 2.2590436562542666, 2.326309322745879, 2.0983444537031706, 2.1230881310187244, 2.124605007081235, 2.123550708824989, 2.146614333464636, 2.1890852327030417, 2.166095248895799], "train_accuracy_array": [0.18009478672985782, 0.26066350710900477, 0.2863913337846987, 0.3033175355450237, 0.2992552471225457, 0.3046716316858497, 0.3188896411645227, 0.31685849695328366, 0.3141503046716317, 0.32159783344617465, 0.3188896411645227, 0.3358158429248477, 0.3263371699390657, 0.3195666892349357, 0.32159783344617465, 0.3344617467840217, 0.3263371699390657, 0.3425863236289777, 0.3290453622207177, 0.33039945836154366, 0.32701421800947866, 0.32701421800947866, 0.3290453622207177, 0.3378469871360867, 0.3290453622207177, 0.3107650643195667, 0.33378469871360866, 0.34732566012186866, 0.33310765064319564, 0.3243060257278267, 0.33175355450236965, 0.33987813134732564, 0.34190927555856465, 0.35341909275558564, 0.3344617467840217, 0.33852403520649965, 0.3412322274881517, 0.3378469871360867, 0.32498307379823965, 0.34800270819228163, 0.34055517941773866, 0.3358158429248477, 0.3392010832769127, 0.33378469871360866, 0.31347325660121866, 0.35138794854434663, 0.3209207853757617, 0.3229519295870007, 0.3297224102911307, 0.3243060257278267, 0.33852403520649965, 0.32701421800947866, 0.33310765064319564, 0.32836831415030465, 0.3425863236289777, 0.33649289099526064, 0.34055517941773866], "valid_accuracy_array": [0.21800947867298578, 0.25829383886255924, 0.2677725118483412, 0.2725118483412322, 0.2914691943127962, 0.3127962085308057, 0.31990521327014215, 0.2843601895734597, 0.2914691943127962, 0.3080568720379147, 0.3246445497630332, 0.3222748815165877, 0.32701421800947866, 0.3104265402843602, 0.3009478672985782, 0.33886255924170616, 0.3080568720379147, 0.31516587677725116, 0.31516587677725116, 0.34360189573459715, 0.3104265402843602, 0.31516587677725116, 0.3104265402843602, 0.31990521327014215, 0.3459715639810427, 0.3175355450236967, 0.33649289099526064, 0.32701421800947866, 0.3104265402843602, 0.3104265402843602, 0.2890995260663507, 0.31516587677725116, 0.31990521327014215, 0.3104265402843602, 0.3080568720379147, 0.2962085308056872, 0.3175355450236967, 0.35071090047393366, 0.33886255924170616, 0.33886255924170616, 0.3222748815165877, 0.31516587677725116, 0.34834123222748814, 0.31990521327014215, 0.3222748815165877, 0.3578199052132701, 0.35071090047393366, 0.3246445497630332, 0.3033175355450237, 0.2938388625592417, 0.3246445497630332, 0.33649289099526064, 0.33175355450236965, 0.32701421800947866, 0.3127962085308057, 0.3104265402843602, 0.2985781990521327], "best_epoch": 38, "total_time": 2091.45836520195, "train_time_sum": 1661.7020874023438, "eval_time_sum": 429.745564699173, "accuracy": 29.5, "k1": 0.29500001668930054, "k5": 0.7450000643730164}