{"model_name": "cifar_vgg16_bn", "train_loss_array": [2.923587494955405, 2.6881362528274733, 2.5786798271522704, 2.513183939513437, 2.4827995912077947, 2.4446682881566426, 2.4089146719321093, 2.3914886905925856, 2.3768984569273206, 2.372189647536384, 2.355058986751631, 2.3631841895866006, 2.3264457185121508, 2.353080266379148, 2.3590825407910203, 2.3028161227097765, 2.3189085966522174, 2.32479349373964, 2.3237409480294424, 2.3418078798656943, 2.304578475396861, 2.302466143767577, 2.3202483778316263, 2.323248688562867, 2.3245110324531613, 2.301620811728424, 2.316552144252697, 2.3081387036865277, 2.316036232759118, 2.2922859689070716, 2.2764849378680085, 2.2821397782986277, 2.314390113568419, 2.284766359432533, 2.3380905384136037, 2.2831792852405606, 2.3432972326259316, 2.2928472130219517, 2.3007075299099644, 2.3076435819056362, 2.2896798612624307, 2.3222665775443705, 2.32793372469975, 2.295633197879985, 2.297895786805821, 2.2958327095171205, 2.3092959293579844, 2.308464603159342, 2.3328141191155827, 2.2827765922249372, 2.281467575758958, 2.3177753192150035, 2.3255851312351936, 2.3010762080035665, 2.2998301837600885, 2.324867272102599, 2.3173131931449564, 2.2744979761545934, 2.291493462483142, 2.2874783694784466, 2.308257693766579, 2.306987422498885, 2.2982447626789275, 2.3107242287214174, 2.297344123663415, 2.3057576379989078, 2.2875538193541924, 2.311137846215157, 2.264257957423629, 2.284644168700087, 2.308743599224672, 2.3458476329705324], "valid_loss_array": [2.754385586598473, 2.6272943460545832, 2.4901356832676025, 2.4584608529981278, 2.3786889094312045, 2.3624092380017467, 2.3293998704702368, 2.2601602405168433, 2.2986526444059976, 2.2942475673711695, 2.2580288710752368, 2.257327063953707, 2.243473177272562, 2.260644413283651, 2.2130373247426833, 2.2689825042164156, 2.250233299924299, 2.249050116651996, 2.1929844623493358, 2.251283599302102, 2.232572706954739, 2.2587382443143293, 2.2009656643980486, 2.222868845926077, 2.1901780180456516, 2.2137869884617523, 2.190359913342372, 2.266162770619325, 2.202837019735038, 2.150874555958391, 2.1940456928235093, 2.189923332765769, 2.1692572464875135, 2.235867090134824, 2.1914352579704395, 2.2025481535925118, 2.1333172818495765, 2.161733724494681, 2.21112817497615, 2.149449420766243, 2.2017875237487505, 2.1994621132222396, 2.141717620370512, 2.2210429268425673, 2.1323121407585686, 2.1473106038513907, 2.225511242428097, 2.2144794509309165, 2.204085246081601, 2.1825131838920555, 2.1307761002490873, 2.11335223093982, 2.150480065865539, 2.1601209764796976, 2.225931478337654, 2.2079970836639404, 2.1362092325472717, 2.19679632910055, 2.1491838224691238, 2.2684503912360747, 2.1741773765798995, 2.181996925182252, 2.2408026846664213, 2.1874632394709295, 2.1194495149133328, 2.2011402353856235, 2.208510115248332, 2.198505573363101, 2.133921333963837, 2.1965230324822014, 2.1208236872867388, 2.1526440026070834], "train_accuracy_array": [0.08666215301286391, 0.14624238320920785, 0.1956668923493568, 0.2037914691943128, 0.2064996614759648, 0.2132701421800948, 0.22613405551794177, 0.23561272850372375, 0.23493568043331076, 0.24373730534867977, 0.23832092078537576, 0.23696682464454977, 0.25660121868652674, 0.24779959377115776, 0.22951929587000677, 0.24847664184157076, 0.24644549763033174, 0.25457007447528773, 0.25186188219363576, 0.24373730534867977, 0.2660798916723087, 0.25998645903859174, 0.24712254570074474, 0.24238320920785375, 0.25186188219363576, 0.25050778605280977, 0.25321597833446174, 0.25321597833446174, 0.25660121868652674, 0.26201760324983076, 0.2559241706161137, 0.25389302640487477, 0.24983073798239674, 0.25863236289776576, 0.25863236289776576, 0.24441435341909276, 0.24983073798239674, 0.2640487474610697, 0.25457007447528773, 0.27014218009478674, 0.2525389302640487, 0.2525389302640487, 0.25524712254570076, 0.25524712254570076, 0.24509140148950576, 0.24983073798239674, 0.22951929587000677, 0.25727826675693977, 0.24170616113744076, 0.25321597833446174, 0.2626946513202437, 0.2593094109681787, 0.24847664184157076, 0.26675693974272174, 0.24441435341909276, 0.2559241706161137, 0.27014218009478674, 0.2674339878131347, 0.26540284360189575, 0.25727826675693977, 0.25998645903859174, 0.25795531482735273, 0.25795531482735273, 0.25457007447528773, 0.26337169939065674, 0.2626946513202437, 0.26201760324983076, 0.24306025727826674, 0.26337169939065674, 0.25863236289776576, 0.25524712254570076, 0.25118483412322273], "valid_accuracy_array": [0.13744075829383887, 0.19194312796208532, 0.25829383886255924, 0.23222748815165878, 0.2843601895734597, 0.2559241706161137, 0.24407582938388625, 0.3127962085308057, 0.28199052132701424, 0.28199052132701424, 0.28199052132701424, 0.2559241706161137, 0.26066350710900477, 0.2796208530805687, 0.3056872037914692, 0.2843601895734597, 0.3009478672985782, 0.2772511848341232, 0.2843601895734597, 0.27488151658767773, 0.26540284360189575, 0.2725118483412322, 0.3127962085308057, 0.2985781990521327, 0.2677725118483412, 0.3104265402843602, 0.2938388625592417, 0.2725118483412322, 0.31990521327014215, 0.3175355450236967, 0.27488151658767773, 0.3009478672985782, 0.28199052132701424, 0.27488151658767773, 0.2772511848341232, 0.31516587677725116, 0.3056872037914692, 0.28672985781990523, 0.31990521327014215, 0.2796208530805687, 0.2890995260663507, 0.28199052132701424, 0.3033175355450237, 0.26066350710900477, 0.2985781990521327, 0.2938388625592417, 0.2890995260663507, 0.28199052132701424, 0.3033175355450237, 0.28672985781990523, 0.3104265402843602, 0.2914691943127962, 0.2938388625592417, 0.3222748815165877, 0.28672985781990523, 0.2938388625592417, 0.2985781990521327, 0.3033175355450237, 0.3056872037914692, 0.2890995260663507, 0.2985781990521327, 0.2962085308056872, 0.2985781990521327, 0.3056872037914692, 0.3459715639810427, 0.2962085308056872, 0.2914691943127962, 0.28199052132701424, 0.3009478672985782, 0.3080568720379147, 0.2985781990521327, 0.3080568720379147], "best_epoch": 53, "total_time": 1039.3262522220612, "train_time_sum": 807.8066635131836, "eval_time_sum": 231.4954297542572, "accuracy": 25.0, "k1": 0.25, "k5": 0.6800000071525574}