{"model_name": "cifar_resnet34", "train_loss_array": [2.7923670781974304, 2.4699971490238837, 2.3280089472949546, 2.2742086548053018, 2.2414397973827036, 2.1961618156633267, 2.20793811106246, 2.179045658783083, 2.1261819622850773, 2.138315841323553, 2.154513164880555, 2.1666401861161093, 2.122961441568208, 2.149971358422581, 2.127740985086502, 2.104125711832324, 2.0914070924230743, 2.116949261082292, 2.118878251568401, 2.10091956338127, 2.1607930166300036, 2.108948716135871, 2.126424134867209, 2.1146758019157414, 2.1287189658299925, 2.0979340334719874, 2.0839270452591077, 2.0950898707679744, 2.1370781782759796, 2.1176016929590307, 2.0695751166940948, 2.12045115591629, 2.0979056337352695, 2.076499941708998, 2.095256163933508, 2.106868967948609, 2.094471975041146, 2.0828161415572737, 2.0856949768118063], "valid_loss_array": [2.545713743327353, 2.3379586929393605, 2.2650440699681287, 2.1742263473040686, 2.147436839144377, 2.085309630886638, 2.113467538526273, 2.0802120156762722, 2.0904310235479997, 2.034086246626072, 2.11601120374779, 2.042921267414545, 2.0378272205732446, 2.0189190837444286, 2.0360308857325693, 2.098831436645363, 2.0065205729968176, 2.0239736581865646, 1.9849011943238606, 2.0409886046043506, 2.061079871598013, 2.031412160792057, 2.1076434799845183, 2.0258619175138066, 2.024950482834007, 2.0634951738384664, 2.0116732041417706, 2.0390263332574854, 2.0178890137875816, 2.0570899118179393, 2.1073460273833073, 2.0214126980135227, 2.077595590980132, 2.057583737712336, 1.990244533213394, 2.023793793402577, 1.999774746420259, 2.0232784748077393, 2.063488643881269], "train_accuracy_array": [0.1888964116452268, 0.2742044685172647, 0.3006093432633717, 0.2938388625592417, 0.2992552471225457, 0.3046716316858497, 0.3006093432633717, 0.3229519295870007, 0.3188896411645227, 0.3019634394041977, 0.3263371699390657, 0.2972241029113067, 0.3148273527420447, 0.3229519295870007, 0.3290453622207177, 0.3297224102911307, 0.3344617467840217, 0.3229519295870007, 0.3161814488828707, 0.3324306025727827, 0.31347325660121866, 0.3263371699390657, 0.3412322274881517, 0.3290453622207177, 0.3412322274881517, 0.3459715639810427, 0.33987813134732564, 0.3344617467840217, 0.3161814488828707, 0.35003385240352064, 0.35409614082599866, 0.35341909275558564, 0.34190927555856465, 0.3229519295870007, 0.34800270819228163, 0.33649289099526064, 0.32024373730534866, 0.33649289099526064, 0.33987813134732564], "valid_accuracy_array": [0.2890995260663507, 0.3009478672985782, 0.3056872037914692, 0.34834123222748814, 0.34360189573459715, 0.33649289099526064, 0.35071090047393366, 0.33649289099526064, 0.33175355450236965, 0.35071090047393366, 0.33649289099526064, 0.33886255924170616, 0.36018957345971564, 0.35308056872037913, 0.35545023696682465, 0.33886255924170616, 0.34834123222748814, 0.3909952606635071, 0.36729857819905215, 0.35545023696682465, 0.3127962085308057, 0.35071090047393366, 0.34360189573459715, 0.3791469194312796, 0.35545023696682465, 0.3578199052132701, 0.3744075829383886, 0.35308056872037913, 0.36729857819905215, 0.3744075829383886, 0.3341232227488152, 0.3696682464454976, 0.3744075829383886, 0.3412322274881517, 0.35545023696682465, 0.3696682464454976, 0.3886255924170616, 0.35545023696682465, 0.33886255924170616], "best_epoch": 20, "total_time": 555.4229912757874, "train_time_sum": 433.3264648914337, "eval_time_sum": 122.0853009223938, "accuracy": 37.5, "k1": 0.3750000298023224, "k5": 0.7600000500679016}