{"model_name": "cifar_vgg13_bn", "train_loss_array": [2.849962303262348, 2.576192081014934, 2.4655627169638126, 2.400676285970348, 2.3758654415244256, 2.3494280167504105, 2.3138710948851116, 2.2886092695095446, 2.2732392518037705, 2.2926874867789877, 2.2881113365847434, 2.274781027434239, 2.2598861608460052, 2.248204260479379, 2.2467066255387373, 2.2408902572471705, 2.226103537616975, 2.230374215661309, 2.241356328765363, 2.2497961956984946, 2.2316809179981414, 2.2381675535549403, 2.1814394922940896, 2.2072322002196523, 2.2394948803095214, 2.2252441785911814, 2.212301597937427, 2.2250501360534893, 2.210571227722581, 2.2134109730646268, 2.2415338545613945, 2.247628334977777, 2.206269144446929, 2.2305781841278076, 2.2407201873182685, 2.2610724556663993, 2.2598809237083066, 2.251171449752942, 2.2523611947823476, 2.2203994832009823, 2.2048334886516034, 2.2126692779659822, 2.2627124193962476, 2.22670953969497, 2.2412741642669802, 2.226448454240245, 2.2280667772467426, 2.243138457603687, 2.190063162114706, 2.2332383596824488, 2.2368986643724695, 2.2306563311843512, 2.2234455885399655, 2.2336936017993985, 2.232423485334289, 2.2048684540195245, 2.266456306828142, 2.2218975501037885, 2.2284708901200654, 2.219076588416955, 2.218009348406369, 2.1954625708554834, 2.2106352759602106, 2.261145518289358, 2.222470609901237], "valid_loss_array": [2.642324978706396, 2.4386417131288356, 2.3504361292762215, 2.2647938841327107, 2.2773667534380726, 2.2479927042649255, 2.2241009626343353, 2.135838633464976, 2.1707522620522015, 2.1801677202161454, 2.1483417766354096, 2.137475643112761, 2.1035821516931903, 2.141959052515256, 2.1376126264508866, 2.16642136709385, 2.1821219435235335, 2.085878008349812, 2.0722267096641502, 2.1239650464170916, 2.137628092020044, 2.125431208248952, 2.1234568764248167, 2.1250981047255166, 2.112220298057484, 2.1349071913985846, 2.1876963958921025, 2.0598736069213723, 2.1187757507884672, 2.073850085950011, 2.060691376432988, 2.1110988177394416, 2.1063029421449273, 2.05507839742995, 2.1154954399542785, 2.0811649589176993, 2.0646599655467752, 2.080851947526796, 2.142510292089381, 2.1054653771115706, 2.08548753577951, 2.0977334388624436, 2.0616651191530635, 2.1896029230542657, 2.0176668178413717, 2.120262349386351, 2.133277461427083, 2.1011342358250187, 2.088360936720789, 2.1236980204333626, 2.052388383313943, 2.101978478273509, 2.0835274305388825, 2.1240121222220325, 2.125339947605585, 2.061877141066637, 2.0821058139981816, 2.09519839060815, 2.1122418642044067, 2.0636970753918327, 2.096701467206693, 2.1287722745777873, 2.055242286474219, 2.04278172700891, 2.0775090150923528], "train_accuracy_array": [0.14353419092755584, 0.22274881516587677, 0.24644549763033174, 0.26201760324983076, 0.25389302640487477, 0.25050778605280977, 0.2593094109681787, 0.2708192281651997, 0.26878808395396075, 0.2559241706161137, 0.26134055517941773, 0.28165199729180773, 0.26201760324983076, 0.26878808395396075, 0.26201760324983076, 0.2742044685172647, 0.2830060934326337, 0.2742044685172647, 0.2830060934326337, 0.2789438050101557, 0.2708192281651997, 0.2843601895734597, 0.2857142857142857, 0.2931618144888287, 0.27826675693974273, 0.28368314150304674, 0.2789438050101557, 0.2796208530805687, 0.27488151658767773, 0.2857142857142857, 0.26878808395396075, 0.25998645903859174, 0.29519295870006773, 0.2870683818551117, 0.2728503723764387, 0.2809749492213947, 0.25660121868652674, 0.2789438050101557, 0.28165199729180773, 0.2755585646580907, 0.27691266079891674, 0.2660798916723087, 0.27014218009478674, 0.2694651320243737, 0.27217332430602575, 0.2877454299255247, 0.27149627623561273, 0.2742044685172647, 0.2823290453622207, 0.2789438050101557, 0.28029790115098174, 0.27149627623561273, 0.28029790115098174, 0.2830060934326337, 0.28503723764387273, 0.3039945836154367, 0.2728503723764387, 0.27352742044685174, 0.2830060934326337, 0.28368314150304674, 0.2972241029113067, 0.2904536222071767, 0.2904536222071767, 0.2762356127285037, 0.28029790115098174], "valid_accuracy_array": [0.23459715639810427, 0.25829383886255924, 0.25829383886255924, 0.3293838862559242, 0.25829383886255924, 0.2843601895734597, 0.3222748815165877, 0.33886255924170616, 0.3080568720379147, 0.3033175355450237, 0.3056872037914692, 0.3127962085308057, 0.31990521327014215, 0.3104265402843602, 0.31516587677725116, 0.3175355450236967, 0.3056872037914692, 0.3412322274881517, 0.35071090047393366, 0.3056872037914692, 0.31516587677725116, 0.32701421800947866, 0.3222748815165877, 0.3293838862559242, 0.31516587677725116, 0.31516587677725116, 0.3104265402843602, 0.3175355450236967, 0.35071090047393366, 0.34360189573459715, 0.33649289099526064, 0.3080568720379147, 0.3127962085308057, 0.34834123222748814, 0.3246445497630332, 0.3104265402843602, 0.32701421800947866, 0.33886255924170616, 0.35071090047393366, 0.34360189573459715, 0.3246445497630332, 0.31990521327014215, 0.34834123222748814, 0.31516587677725116, 0.36255924170616116, 0.33886255924170616, 0.3033175355450237, 0.32701421800947866, 0.36729857819905215, 0.3246445497630332, 0.3459715639810427, 0.31516587677725116, 0.33175355450236965, 0.3127962085308057, 0.3056872037914692, 0.33649289099526064, 0.3246445497630332, 0.3222748815165877, 0.3127962085308057, 0.36018957345971564, 0.31990521327014215, 0.31516587677725116, 0.31990521327014215, 0.34834123222748814, 0.33175355450236965], "best_epoch": 46, "total_time": 864.8180179595947, "train_time_sum": 673.6628296375275, "eval_time_sum": 191.13619208335876, "accuracy": 29.5, "k1": 0.29499998688697815, "k5": 0.7300000190734863}