{"model_name": "cifar_resnet18", "train_loss_array": [2.798792945265205, 2.4678716201110715, 2.3177337727194796, 2.216932861160893, 2.1779792149000743, 2.1375552734653933, 2.120008872018606, 2.0866138600947974, 2.0708298265086533, 2.0744935849589434, 2.029473808865815, 2.0093302097204333, 2.012018525931346, 2.0434849328420093, 2.023429798692485, 2.004523584950834, 2.0350016526620616, 1.9992322196973362, 2.0034483877807028, 1.9848947662232128, 2.0026488137067617, 1.9756418723227127, 2.0153323892168524, 1.9681714079875596, 1.9575709386217328, 1.9872285536841596, 1.950398296299381, 1.9845254656908555, 1.9777676315830621, 1.9689173750079962, 1.9757693358668622, 1.9486920791618227, 1.9756156896205068, 1.9757105095126617, 1.987079836826673, 1.9674254802730977, 1.9696305676255585, 1.938408737499002, 1.9841631957624277, 1.9925235670486172, 1.9408435255753163, 1.9683300732113496, 1.9653828422524433, 1.9413229488567798, 1.982030151902459, 1.9789589302880424, 1.9265503881747608, 1.9795918813329656, 1.9556615178296108, 1.9586303639266647, 1.977269789538193, 1.9342347942822353, 1.9461022583955676, 1.9612584506327346, 1.9498723340986868, 1.9427647712509941, 1.9330510142370907, 1.990523900143101, 1.9432887608083262, 1.9278655919014964, 1.9313886423085134, 1.9714832742551573, 1.9655145593164092, 1.9823918248966246, 1.9224384079612262, 1.9679064547281129, 1.96509387271987, 1.960391172139162, 1.9448324585574337, 1.949731579404791, 1.9828738217105233, 1.9641085076186813, 1.9654131920336062, 1.943755805855598, 1.968707112420146, 1.9125415180370302, 1.9512738654479516, 1.9507080489263877, 1.942660176035675, 1.9257449942338927, 1.9549438617644312, 1.9646918282124668, 1.9447139329658463, 1.9453684195684435, 1.9598704238315652, 1.974213785389104, 1.9912500196642866, 1.9367240225857145, 1.9464292853929421, 1.960089921951294, 1.9600459948212372, 1.9386829093411393, 1.9553117241985345, 1.9081769478668131, 1.9331182829818778, 1.970627774720912, 1.9589212156262201, 1.948770854548982], "valid_loss_array": [2.5782560816308333, 2.4211156469950743, 2.2825301834757292, 2.2438011440620604, 2.1804009602533134, 2.225953034315064, 2.163889358393954, 2.1963411066769423, 2.141186592138209, 2.0899643434732447, 2.121859242000851, 2.057316061444757, 2.107547120460402, 2.1094153865253755, 2.0539046045728204, 2.1270532901818155, 2.1229252792647664, 2.097510787548047, 2.084653821601687, 2.044332328000905, 2.0570038178520744, 2.036179681524846, 2.073655580457353, 2.183128663148925, 2.0493557814738197, 2.0736608776436034, 2.0835391684166065, 2.048783530556195, 2.0535259924793694, 2.1421214155676243, 2.054628600441449, 2.024913854508603, 2.0896548072308727, 2.076382272051409, 2.11229667166398, 2.013124082890732, 2.1429423517525477, 2.057041155783486, 2.103309339821621, 2.0773450062738212, 2.0247424021716367, 2.0668857798192173, 2.0044887619560927, 2.125399466374474, 2.038199225873179, 2.0575175262740437, 2.112278458066461, 2.0930374538728977, 2.116947679158071, 2.0914234550078334, 2.0069233625421026, 2.0689437491068907, 2.0780487862808443, 2.146159046634114, 2.0716210451171295, 2.084830111236934, 2.0375576606858963, 2.1387743644804753, 2.0757221102149566, 2.022465962369295, 2.1254204415597058, 2.0830837697214424, 1.9983545536113576, 2.0746073722839355, 2.03245467710269, 2.0751425508074286, 2.0698847149220687, 1.9959297327068746, 2.1112628819253207, 2.061027868099122, 2.038483693136423, 2.025155332981128, 2.0309450581175454, 2.141370423032209, 1.9957338532000357, 2.0475088804254034, 2.1104314734020506, 1.9951674147239793, 2.1321791427395356, 2.020190396015113, 2.059443065905458, 2.037230559434936, 2.01749448527657, 2.152484963855472, 2.0071297008279374, 2.0363624649590224, 2.115444672616172, 2.029139723257996, 2.062029074718602, 2.0239478897709415, 2.0020201296602944, 2.0959381492217006, 2.039993830766723, 2.018347083674788, 2.034949168209781, 2.0764528484706064, 2.0428222231390354, 2.074787707125406], "train_accuracy_array": [0.1895734597156398, 0.2924847664184157, 0.2985781990521327, 0.3229519295870007, 0.33987813134732564, 0.33039945836154366, 0.32024373730534866, 0.35545023696682465, 0.34529451591062965, 0.3412322274881517, 0.35748138117806366, 0.36018957345971564, 0.36018957345971564, 0.34055517941773866, 0.35815842924847663, 0.3493568043331077, 0.3561272850372376, 0.36222071767095465, 0.35680433310765064, 0.3527420446851727, 0.37034529451591064, 0.3865944482058226, 0.35545023696682465, 0.3744075829383886, 0.38727149627623564, 0.3784698713608666, 0.3899796885578876, 0.37169939065673663, 0.3791469194312796, 0.3676371022342586, 0.37576167907921465, 0.37576167907921465, 0.37508463100880163, 0.3784698713608666, 0.36222071767095465, 0.3791469194312796, 0.36560595802301965, 0.36560595802301965, 0.36831415030467163, 0.36560595802301965, 0.3777928232904536, 0.36560595802301965, 0.3777928232904536, 0.37711577522004064, 0.37237643872714965, 0.3859174001354096, 0.3791469194312796, 0.36492890995260663, 0.3676371022342586, 0.3811780636425186, 0.37508463100880163, 0.3798239675016926, 0.37711577522004064, 0.37237643872714965, 0.3906567366283006, 0.3791469194312796, 0.3913337846987136, 0.3879485443466486, 0.3832092078537576, 0.3811780636425186, 0.3913337846987136, 0.3825321597833446, 0.3730534867975626, 0.3744075829383886, 0.3886255924170616, 0.3845633039945836, 0.3893026404874746, 0.3859174001354096, 0.3696682464454976, 0.37169939065673663, 0.3777928232904536, 0.3906567366283006, 0.36018957345971564, 0.3818551117129316, 0.3865944482058226, 0.38388625592417064, 0.3811780636425186, 0.37034529451591064, 0.3845633039945836, 0.38050101557210564, 0.37508463100880163, 0.36560595802301965, 0.36696005416384564, 0.37034529451591064, 0.3933649289099526, 0.3744075829383886, 0.3730534867975626, 0.37576167907921465, 0.3818551117129316, 0.36222071767095465, 0.3845633039945836, 0.3696682464454976, 0.3798239675016926, 0.3886255924170616, 0.37373053486797564, 0.3777928232904536, 0.36899119837508465, 0.37169939065673663], "valid_accuracy_array": [0.22748815165876776, 0.23222748815165878, 0.2725118483412322, 0.26303317535545023, 0.27488151658767773, 0.2796208530805687, 0.2843601895734597, 0.2677725118483412, 0.2938388625592417, 0.3080568720379147, 0.3056872037914692, 0.3080568720379147, 0.3127962085308057, 0.3033175355450237, 0.3412322274881517, 0.3080568720379147, 0.3056872037914692, 0.3033175355450237, 0.28672985781990523, 0.35071090047393366, 0.3222748815165877, 0.3459715639810427, 0.3104265402843602, 0.31516587677725116, 0.3127962085308057, 0.3341232227488152, 0.3127962085308057, 0.34834123222748814, 0.31516587677725116, 0.3009478672985782, 0.3246445497630332, 0.34360189573459715, 0.3222748815165877, 0.3246445497630332, 0.3127962085308057, 0.3104265402843602, 0.31516587677725116, 0.32701421800947866, 0.3341232227488152, 0.3341232227488152, 0.3246445497630332, 0.2796208530805687, 0.3175355450236967, 0.3080568720379147, 0.3293838862559242, 0.3080568720379147, 0.33649289099526064, 0.3459715639810427, 0.3246445497630332, 0.3009478672985782, 0.33649289099526064, 0.3080568720379147, 0.3293838862559242, 0.3080568720379147, 0.3293838862559242, 0.32701421800947866, 0.3222748815165877, 0.3104265402843602, 0.3246445497630332, 0.3412322274881517, 0.3175355450236967, 0.34360189573459715, 0.33175355450236965, 0.32701421800947866, 0.3080568720379147, 0.35545023696682465, 0.3412322274881517, 0.35071090047393366, 0.3293838862559242, 0.3080568720379147, 0.3341232227488152, 0.35071090047393366, 0.34834123222748814, 0.28672985781990523, 0.3459715639810427, 0.33886255924170616, 0.3341232227488152, 0.35071090047393366, 0.31990521327014215, 0.33886255924170616, 0.3009478672985782, 0.3175355450236967, 0.3175355450236967, 0.3104265402843602, 0.3246445497630332, 0.31990521327014215, 0.3222748815165877, 0.3578199052132701, 0.3246445497630332, 0.33886255924170616, 0.3341232227488152, 0.3033175355450237, 0.33886255924170616, 0.35071090047393366, 0.3175355450236967, 0.33175355450236965, 0.33886255924170616, 0.3341232227488152], "best_epoch": 79,