{"model_name": "cifar_googlenet", "train_loss_array": [2.961169344554015, 2.8059778052080135, 2.698121786601816, 2.621176601505473, 2.5564914803772902, 2.521813416206603, 2.4590532085584, 2.4152398769647268, 2.4193927320016746, 2.3939754891895975, 2.39491495508234, 2.356588520064254, 2.358845424878089, 2.334145923522815, 2.3133199365056685, 2.3088937241561363, 2.3110207820471347, 2.2963155229590435, 2.281657342581468, 2.2711620387307843, 2.293688149733082, 2.2863011421508377, 2.2618711533866063, 2.2656692977523027, 2.2368118908248724, 2.199860042224644, 2.259697939143765, 2.2573336678416487, 2.235335508551885, 2.2477383076055033, 2.226526038422323, 2.257593151194547, 2.232101387967915, 2.2283509165028423, 2.225254968444318, 2.227921460880649, 2.227276568809876, 2.2211522386133793, 2.2257677629014974, 2.225576935059813, 2.189149158583675, 2.1966239703855726, 2.2185678958247137, 2.20641372150558, 2.1971983336562957, 2.229033160225798, 2.203407602368292, 2.1958197992075594, 2.209480558284328, 2.1958581206761427, 2.2056558902149033, 2.18547654829884, 2.162742836054064, 2.174396815619601, 2.2222472932101427, 2.1807065460434942, 2.2003899974926306, 2.1569805082309546, 2.2247358131989805, 2.1796635982549586, 2.1830058051027312, 2.2300513755976548, 2.172380787339982, 2.1908727084452346, 2.1851730601724615, 2.175601003617149, 2.152244690550931, 2.1610596723950386, 2.1784034028760306, 2.164539396076809, 2.1606680108795477, 2.213141688964782, 2.1585711131809364, 2.1773368101630086, 2.183758800225074, 2.213762625375953, 2.1932255020800198, 2.172364384722855, 2.1660371528901843, 2.152247872962771, 2.174564046317367, 2.1757591372821166, 2.1331674973546613, 2.187416086022565, 2.1566958985945304, 2.1832635150862933, 2.1832191111190786, 2.174984445423392, 2.173995470145141, 2.16532794091051, 2.1584907746750837, 2.1345985458764014, 2.158551999016557, 2.164206170357799, 2.137688554455157, 2.1721136024374372, 2.1521989396882364, 2.137751513747807, 2.138517946025045, 2.168536271932727, 2.193882041310005, 2.1723502214970263, 2.1556748788584383, 2.183297019918464, 2.1836884100855243, 2.152914610115676], "valid_loss_array": [2.847461949027545, 2.706914919812532, 2.600607257318723, 2.5276871608896845, 2.453562058543707, 2.4293662699477934, 2.374839569155074, 2.3865519665993786, 2.3723273175587587, 2.2964400216866445, 2.2777744842366583, 2.2817504225184004, 2.264592997835711, 2.2889936783867424, 2.2040014063577518, 2.225614169197625, 2.2383267235416935, 2.170720650686472, 2.218219135609848, 2.1939064597631517, 2.1455285662158405, 2.2125563531125327, 2.1658670376827365, 2.183655993068388, 2.196909670581185, 2.2003995976741844, 2.2028365282085836, 2.1562337683275414, 2.178471643212847, 2.1620440991568906, 2.1542710150587614, 2.158731780345971, 2.1797509600200926, 2.192979753299912, 2.183365751781735, 2.1115269672249166, 2.1235282929587704, 2.1088142993890844, 2.124734356505046, 2.1202024995433213, 2.1286035397606438, 2.1437221624274954, 2.1368100343722305, 2.0876250820702285, 2.1515581958101824, 2.0969828903957564, 2.0910115479293028, 2.1017418766473708, 2.1114698834893826, 2.1022744845440036, 2.0425259682804486, 2.1242890165880395, 2.1156466470510473, 2.1556107150434882, 2.0853175619767175, 2.074567543951821, 2.0388574340332175, 2.0937064677053154, 2.10776865990806, 2.1099830769814587, 2.074617935017952, 2.1030170239543464, 2.0545605031234957, 2.050038945618399, 2.078016276608146, 2.063385423325814, 2.0399366634151948, 2.1269030695277933, 2.125969498078405, 2.115257812337288, 2.1591281710077803, 2.050927207368245, 2.0804415517508703, 2.0707109522480533, 2.0630479197931515, 2.0349064212274777, 2.0680857303583227, 2.088343175101619, 2.0437150137119384, 2.0808973142886047, 2.0746293022734292, 2.1190903525781857, 2.045338127850356, 2.077127394518016, 2.0737381501220415, 2.0202759283978793, 2.096650906648681, 2.0471470796666438, 2.094854820396098, 2.061856480006358, 2.0553034018566256, 2.0527738959868373, 2.0773086502653726, 2.134187592149346, 2.0977961587679896, 2.040663651380494, 2.1149540286493527, 2.090664603698875, 2.0476168840417364, 2.0384479258297743, 2.0998326178410607, 2.068455898366268, 2.0708614661230293, 2.1499916298129547, 2.049797624208351, 2.0326361949974894], "train_accuracy_array": [0.1049424509140149, 0.18686526743398782, 0.20108327691266079, 0.21259309410968177, 0.22681110358835477, 0.23764387271496276, 0.26540284360189575, 0.2904536222071767, 0.27691266079891674, 0.25727826675693977, 0.26540284360189575, 0.2762356127285037, 0.28842247799593773, 0.28368314150304674, 0.2972241029113067, 0.2985781990521327, 0.2931618144888287, 0.2945159106296547, 0.3039945836154367, 0.2992552471225457, 0.2992552471225457, 0.2999322951929587, 0.2965470548408937, 0.2877454299255247, 0.2965470548408937, 0.3161814488828707, 0.3019634394041977, 0.2958700067704807, 0.3188896411645227, 0.3039945836154367, 0.3094109681787407, 0.3121191604603927, 0.3026404874746107, 0.3039945836154367, 0.3033175355450237, 0.3094109681787407, 0.3121191604603927, 0.2985781990521327, 0.32498307379823965, 0.3073798239675017, 0.3080568720379147, 0.31685849695328366, 0.32024373730534866, 0.3046716316858497, 0.31685849695328366, 0.3155044008124577, 0.3195666892349357, 0.3141503046716317, 0.3073798239675017, 0.3107650643195667, 0.3060257278266757, 0.3256601218686527, 0.3060257278266757, 0.33039945836154366, 0.2992552471225457, 0.3229519295870007, 0.3263371699390657, 0.3229519295870007, 0.2999322951929587, 0.3155044008124577, 0.3155044008124577, 0.3067027758970887, 0.32701421800947866, 0.3182125930941097, 0.3094109681787407, 0.32498307379823965, 0.32701421800947866, 0.3046716316858497, 0.3148273527420447, 0.3229519295870007, 0.31685849695328366, 0.31008801624915366, 0.3175355450236967, 0.3148273527420447, 0.3175355450236967, 0.3053486797562627, 0.3276912660798917, 0.3039945836154367, 0.3175355450236967, 0.32024373730534866, 0.3392010832769127, 0.3256601218686527, 0.32701421800947866, 0.32024373730534866, 0.3324306025727827, 0.32498307379823965, 0.3290453622207177, 0.3114421123899797, 0.3222748815165877, 0.3276912660798917, 0.3148273527420447, 0.33852403520649965, 0.3073798239675017, 0.3107650643195667, 0.33649289099526064, 0.3155044008124577, 0.33649289099526064, 0.3209207853757617, 0.32362897765741366, 0.3276912660798917, 0.32159783344617465, 0.3209207853757617, 0.33513879485443465, 0.31347325660121866, 0.3276912660798917, 0.33852403520649965],