{"model_name": "cifar_vgg19_bn", "train_loss_array": [3.0328191487306504, 2.910627153489585, 2.84176198485419, 2.805287299482259, 2.7889581289982264, 2.7677576900254897, 2.7566472714061905, 2.73893553127529, 2.7120239550629903, 2.7209765589874824, 2.717420124894635, 2.6830832645065006, 2.6986867027179406, 2.6878884371342333, 2.687605570197186, 2.6933400225784623, 2.6808773990248858, 2.626862629410699, 2.653545389646764, 2.6485225962236596, 2.6595210184821747, 2.6558761759714735, 2.6560400224813514, 2.641453183819171, 2.666726282341866, 2.6426082122301686, 2.6364983027257383, 2.657116984546225, 2.633204693558576, 2.6252497054470014, 2.648855905881506, 2.6143103134979166, 2.6084482645617197, 2.6534478028400086, 2.6448067805213387, 2.633329169202997, 2.629265019759667, 2.6216432452605396, 2.597094969565431, 2.609414059968921, 2.6275156323943656, 2.6237765383542837, 2.625628975330371, 2.634118396039742, 2.6051921650777414, 2.6085184966702677, 2.65088823250039, 2.6245206364442466, 2.6159086091823487, 2.596144831495343, 2.6309611664967676, 2.6216290570144807, 2.6331303006664837, 2.623796252681342, 2.6310937099547185, 2.6236874679495696, 2.6238933550641597, 2.6342434453738246, 2.6120322583572397, 2.6448664579669123, 2.602449366589535, 2.6106203398191212, 2.6043862913941402, 2.6219606717535187, 2.6320243743762184, 2.591570393814779, 2.625442301815397, 2.6007032978752616, 2.6017252896876455, 2.6002735358763163, 2.6369855547564693, 2.644283190561293, 2.642643138049984, 2.6535767435462554], "valid_loss_array": [3.0058768055450296, 2.9180868982703765, 2.860830511527039, 2.8252759951550814, 2.784691016255962, 2.7806149331314303, 2.744294557526213, 2.7284727096557617, 2.7315477262741017, 2.696068248477592, 2.697324265800946, 2.668660778569949, 2.713017332610361, 2.7086579969143982, 2.6849411019781755, 2.6566416889570337, 2.624412429276236, 2.648824070302231, 2.612286581247339, 2.628287910850127, 2.5899990497607193, 2.6434428963051024, 2.5921155897926944, 2.6112788661396333, 2.614252558251693, 2.6075397147951533, 2.5482805487103937, 2.6276967378589213, 2.60253392124628, 2.560698913736931, 2.57635490928216, 2.558683399905526, 2.55348539352417, 2.599182714218212, 2.591839286388379, 2.549314467262883, 2.5819417051794407, 2.5255768253904947, 2.5487261609443554, 2.5549045219240596, 2.5457992757101193, 2.5182337659230165, 2.5629224415639, 2.560703779283858, 2.5619335547442685, 2.5688160878222135, 2.549789538315687, 2.5335693246380413, 2.6068932320834337, 2.5721927457511145, 2.494787377768783, 2.486409822346475, 2.562321441433441, 2.4779166587721115, 2.5187455071092217, 2.5473455659586106, 2.494153310902311, 2.5248571933728257, 2.520398736565034, 2.5612166097378846, 2.4820488165905124, 2.561944850813156, 2.5854260187013454, 2.4844809403351698, 2.54632789828766, 2.51587303893826, 2.508160636323323, 2.509549130760663, 2.520830991708837, 2.4968310848796538, 2.5094824865531016, 2.5001149290545857, 2.4932786909889835, 2.5325387654146314], "train_accuracy_array": [0.06499661475964794, 0.08598510494245092, 0.10968178740690589, 0.12051455653351388, 0.11712931618144888, 0.11983750846310089, 0.13270142180094788, 0.12931618144888288, 0.13947190250507785, 0.13744075829383887, 0.12796208530805686, 0.14759647935003387, 0.14759647935003387, 0.15368991198375084, 0.16316858496953285, 0.13947190250507785, 0.14421123899796887, 0.16655382532159782, 0.15978334461746785, 0.16181448882870683, 0.14759647935003387, 0.15707515233581584, 0.15030467163168584, 0.16316858496953285, 0.14827352742044686, 0.15368991198375084, 0.17061611374407584, 0.16046039268788084, 0.16993906567366282, 0.17467840216655384, 0.15775220040622884, 0.17467840216655384, 0.17197020988490183, 0.17197020988490183, 0.15233581584292485, 0.16790792146242384, 0.15368991198375084, 0.16655382532159782, 0.16384563303994584, 0.17129316181448884, 0.17129316181448884, 0.16587677725118483, 0.15165876777251186, 0.17467840216655384, 0.16384563303994584, 0.16113744075829384, 0.16249153689911983, 0.16181448882870683, 0.16993906567366282, 0.17535545023696683, 0.17129316181448884, 0.18348002708192282, 0.15572105619498985, 0.18212593094109683, 0.16113744075829384, 0.16723087339201084, 0.16587677725118483, 0.16384563303994584, 0.16046039268788084, 0.1956668923493568, 0.16858496953283683, 0.19025050778605282, 0.16452268111035884, 0.16723087339201084, 0.18009478672985782, 0.18280297901150983, 0.16723087339201084, 0.1855111712931618, 0.18077183480027081, 0.17738659444820581, 0.17129316181448884, 0.17874069058903183, 0.16587677725118483, 0.16046039268788084], "valid_accuracy_array": [0.054502369668246446, 0.07109004739336493, 0.0924170616113744, 0.12559241706161137, 0.10900473933649289, 0.11848341232227488, 0.13507109004739337, 0.14218009478672985, 0.12085308056872038, 0.15876777251184834, 0.12322274881516587, 0.14454976303317535, 0.13981042654028436, 0.15402843601895735, 0.15639810426540285, 0.15639810426540285, 0.15165876777251186, 0.14691943127962084, 0.16350710900473933, 0.16824644549763032, 0.17298578199052134, 0.15876777251184834, 0.16350710900473933, 0.17061611374407584, 0.14218009478672985, 0.16587677725118483, 0.16113744075829384, 0.17061611374407584, 0.15639810426540285, 0.17061611374407584, 0.1848341232227488, 0.1848341232227488, 0.1872037914691943, 0.18246445497630331, 0.13507109004739337, 0.18246445497630331, 0.15639810426540285, 0.15639810426540285, 0.15165876777251186, 0.17535545023696683, 0.17772511848341233, 0.1895734597156398, 0.15876777251184834, 0.1848341232227488, 0.2014218009478673, 0.16350710900473933, 0.1943127962085308, 0.1990521327014218, 0.16350710900473933, 0.17535545023696683, 0.1943127962085308, 0.20853080568720378, 0.1943127962085308, 0.1848341232227488, 0.1872037914691943, 0.1895734597156398, 0.1895734597156398, 0.18246445497630331, 0.1943127962085308, 0.16824644549763032, 0.1848341232227488, 0.18009478672985782, 0.1848341232227488, 0.1943127962085308, 0.17061611374407584, 0.17772511848341233, 0.1895734597156398, 0.1848341232227488, 0.1895734597156398, 0.21800947867298578, 0.1848341232227488, 0.18246445497630331, 0.22274881516587677, 0.17535545023696683], "best_epoch": 55, "total_time": 1167.2401156425476, "train_time_sum": 906.9742465019226, "eval_time_sum": 260.24672174453735, "accuracy": 18.5, "k1": 0.18500001728534698, "k5": 0.6050000786781311}