{"model_name": "cifar_mobilenet_v2", "train_loss_array": [2.849431053883495, 2.5729537334648755, 2.4251479729656924, 2.3514099062982248, 2.303060317087916, 2.271657508535004, 2.2308663711728642, 2.2043801301544232, 2.2249717998117227, 2.210212369988557, 2.199239635273824, 2.1855711472058665, 2.178025226618845, 2.1706738830339125, 2.1987609919778546, 2.1698864452243254, 2.1401708247133744, 2.1572893406784686, 2.1401255051671613, 2.155932920400404, 2.137449291806489, 2.1197046039067335, 2.1339017405409866, 2.1586052465858536, 2.15864945265112, 2.1617593573167992, 2.117694570151389, 2.148020867164989, 2.140250116082245, 2.1222413001063716, 2.163774180267014, 2.106945159068847, 2.1148151802548543, 2.127044034633753, 2.1493337706447697, 2.1135122574255445, 2.156489676208858, 2.1460676682342448, 2.1367582656599495, 2.16316622354408, 2.127012187512888, 2.148888791664759, 2.131256048874671, 2.1624142022736588, 2.15398515521794, 2.1357472409407836, 2.1278731014249126, 2.1186828760174214, 2.109442223546952, 2.124488801994918, 2.1513756189946798, 2.141861818090192, 2.1264611928948858, 2.1381192168595424, 2.1577272334450712, 2.1500084116076326, 2.1220616761622755, 2.168878787259597, 2.104671266164502, 2.111636535977704, 2.115088749351579, 2.138887874323045, 2.12429560304253, 2.130811858193327, 2.1435780767338777, 2.148259415365024, 2.1277696790934093, 2.094314726930901, 2.1294516072373337, 2.1481447334457426, 2.099795965221821, 2.1154496411495947, 2.157765824970718, 2.112408062212356, 2.117017745648838, 2.1058373065437106, 2.1226454575318456], "valid_loss_array": [2.620640746790086, 2.412055331948809, 2.299018844044039, 2.2729783148562173, 2.209191704248365, 2.1650150556699925, 2.1422460813657933, 2.1238396020862162, 2.1503705187431446, 2.1405943536080456, 2.120044638195309, 2.1174569875708125, 2.1126931606310806, 2.0308398838856774, 2.0931757095300756, 2.1096949724224507, 2.1036665767290015, 2.064059711745565, 2.131041434138872, 2.087894708624383, 2.097847783735013, 2.0639506188614107, 2.063376791669294, 2.0522895740671747, 2.0740301360451214, 2.1048707589153994, 2.117056654527854, 2.063145408133195, 2.0165175611938913, 2.155428295451883, 2.101207199819845, 2.0591028855310234, 2.049295264962725, 2.0424589703998293, 2.0694722914582746, 2.062102341538922, 2.064664062165536, 2.022874189214119, 2.0272479622284947, 2.0434217498200766, 2.0662821548244965, 2.0855941546471763, 2.0784637803714987, 2.024395818393942, 2.057796170926207, 1.975839757241344, 2.04163631104745, 2.092635049639155, 2.0655425182451004, 2.0914357917568696, 2.06860128172201, 2.1038088301346765, 2.0709158255590645, 2.101725107120677, 2.0697129857483634, 2.06000505691456, 1.9610640618473432, 2.037120775023908, 2.102579453545159, 2.037546875352543, 1.9995066961405967, 2.048724749641961, 2.1171962796794297, 2.0479236383573705, 2.052523817496277, 2.076709919066226, 2.05453405109062, 2.0354872337449783, 2.0971817710388327, 2.0522066190909434, 2.0241278121821686, 2.046658688811894, 2.016527703588043, 2.061166861610955, 2.063102507478253, 1.9959597384195191, 2.112687904122881], "train_accuracy_array": [0.16993906567366282, 0.24035206499661477, 0.2708192281651997, 0.2728503723764387, 0.28165199729180773, 0.2890995260663507, 0.2931618144888287, 0.3019634394041977, 0.3039945836154367, 0.3094109681787407, 0.3073798239675017, 0.3127962085308057, 0.3121191604603927, 0.3127962085308057, 0.3053486797562627, 0.3209207853757617, 0.3276912660798917, 0.3344617467840217, 0.3229519295870007, 0.33175355450236965, 0.3222748815165877, 0.32024373730534866, 0.3188896411645227, 0.32024373730534866, 0.3188896411645227, 0.3155044008124577, 0.32024373730534866, 0.3243060257278267, 0.32498307379823965, 0.34394041976980366, 0.32701421800947866, 0.34055517941773866, 0.32701421800947866, 0.33649289099526064, 0.3073798239675017, 0.3243060257278267, 0.3188896411645227, 0.32498307379823965, 0.32024373730534866, 0.3188896411645227, 0.3141503046716317, 0.3209207853757617, 0.32836831415030465, 0.3256601218686527, 0.3263371699390657, 0.32024373730534866, 0.33310765064319564, 0.33513879485443465, 0.3425863236289777, 0.3324306025727827, 0.31008801624915366, 0.3161814488828707, 0.3324306025727827, 0.32836831415030465, 0.3256601218686527, 0.3297224102911307, 0.3290453622207177, 0.3155044008124577, 0.3141503046716317, 0.32701421800947866, 0.3358158429248477, 0.3256601218686527, 0.3290453622207177, 0.3188896411645227, 0.3155044008124577, 0.3297224102911307, 0.31685849695328366, 0.33175355450236965, 0.3263371699390657, 0.32362897765741366, 0.3310765064319567, 0.3243060257278267, 0.3209207853757617, 0.32159783344617465, 0.3392010832769127, 0.3358158429248477, 0.3222748815165877], "valid_accuracy_array": [0.2772511848341232, 0.2772511848341232, 0.3127962085308057, 0.3341232227488152, 0.34360189573459715, 0.3222748815165877, 0.36018957345971564, 0.3341232227488152, 0.33175355450236965, 0.3222748815165877, 0.3127962085308057, 0.3341232227488152, 0.31516587677725116, 0.33886255924170616, 0.3293838862559242, 0.34360189573459715, 0.32701421800947866, 0.33649289099526064, 0.3080568720379147, 0.3341232227488152, 0.3246445497630332, 0.35545023696682465, 0.3293838862559242, 0.33886255924170616, 0.3341232227488152, 0.3104265402843602, 0.3886255924170616, 0.3578199052132701, 0.33886255924170616, 0.3009478672985782, 0.3104265402843602, 0.3222748815165877, 0.34360189573459715, 0.3412322274881517, 0.34834123222748814, 0.36255924170616116, 0.3341232227488152, 0.3341232227488152, 0.3459715639810427, 0.3696682464454976, 0.33175355450236965, 0.3412322274881517, 0.3222748815165877, 0.33175355450236965, 0.3341232227488152, 0.36255924170616116, 0.36255924170616116, 0.3412322274881517, 0.3222748815165877, 0.3293838862559242, 0.33649289099526064, 0.33649289099526064, 0.3033175355450237, 0.3293838862559242, 0.31516587677725116, 0.35071090047393366, 0.36729857819905215, 0.35308056872037913, 0.34360189573459715, 0.33886255924170616, 0.36255924170616116, 0.3341232227488152, 0.3175355450236967, 0.3412322274881517, 0.35545023696682465, 0.33649289099526064, 0.33886255924170616, 0.34360189573459715, 0.3341232227488152, 0.36492890995260663, 0.3175355450236967, 0.35545023696682465, 0.34360189573459715, 0.35308056872037913, 0.32701421800947866, 0.3578199052132701, 0.3246445497630332], "best_epoch": 58, "total_time": 2880.0063769817352, "train_time_sum": 2286.5012652873993, "eval_time_sum": 593.4852306842804, "accuracy": 34.0, "k1": 0.3400000035762787, "k5": 0.7750000357627869}