{"model_name": "densenet169", "train_loss_array": [2.010451372806172, 0.9191320692677715, 0.5992531807299958, 0.4700020971981028, 0.3969662154677274, 0.33236212757042155, 0.2968255177130147, 0.2597297687202026, 0.2626790576838285, 0.23073497026170034, 0.20753338884564776, 0.200609138690707, 0.1743551360325952, 0.17775259446415775, 0.14318676145095316, 0.14617391525891962, 0.14687753615543983, 0.1355426174840091, 0.13174582795367987, 0.13436953407146676, 0.12711433495773847, 0.11647847046118454, 0.1167038696778329, 0.10838929433362986, 0.1090268677979526, 0.10556429903260663, 0.09983238088157464, 0.09849785355574874, 0.09238070262672939, 0.0945531867454604, 0.08360525088469241, 0.0875544651293561, 0.09646050644863192, 0.08358674244696657, 0.0900480596496192, 0.07579421599319276, 0.06661966220099295, 0.0741947213617849, 0.07140064297386457, 0.06842892876521671, 0.07119697595826055, 0.06848379203037043, 0.05593762740482732, 0.06494740497878297, 0.07159549866777137, 0.06550786274213523, 0.0664460967744454, 0.06345636666466759, 0.06364962028512276, 0.055768733219916385, 0.05441776711680373, 0.05591641629042864, 0.06047843672844632, 0.05519579779848547, 0.058232967870419663, 0.05811370865643004, 0.05947589973390062, 0.044237875959097575, 0.05265004561108032, 0.05774724341490096, 0.05315433649917511, 0.05360262909716219, 0.05233406906297396, 0.05140616369957688, 0.051381324764691705, 0.04748353610646305, 0.04728757304983742], "valid_loss_array": [1.0945387632360954, 0.6692120842459077, 0.5102786906240111, 0.4187067858874798, 0.3754656624172536, 0.33374576404761364, 0.28664969599924944, 0.3026828387337273, 0.25054309259376256, 0.22312243924568897, 0.24455253792246937, 0.19488279055362628, 0.2227161873255578, 0.19659902805118198, 0.20720460145818115, 0.1926635565253866, 0.20505400902428333, 0.21272993823998912, 0.1922584749687622, 0.17578075323871808, 0.21623761309266656, 0.1539358919821856, 0.16694015052646258, 0.15678308254452114, 0.1762936083396888, 0.20895700883208576, 0.15719458153603766, 0.1692681710249016, 0.1876912153915224, 0.16371583659643246, 0.18117290131429925, 0.17917285361261023, 0.15189813732465296, 0.15724781205242067, 0.19763838215973847, 0.14810321904868948, 0.14116573751290545, 0.17123820351106248, 0.18406779475960333, 0.1851057926837302, 0.14395442103605136, 0.12744651229884388, 0.16497051316121444, 0.16421528168516983, 0.17833899005682546, 0.17805392156968608, 0.1262198692779123, 0.15970513470011866, 0.1533057712927743, 0.12980542985183932, 0.1621446111068456, 0.13480105751163163, 0.148871318157983, 0.13570566423418293, 0.1290030180289293, 0.14227212179822946, 0.17563015300564255, 0.1538061767055706, 0.14282311812364298, 0.12622880722673044, 0.14999875883736358, 0.13107803922424632, 0.1475750480191473, 0.18079730099005298, 0.14063276661122967, 0.1770527357791696, 0.13432346253051153], "train_accuracy_array": [0.5111712931618145, 0.8368314150304672, 0.8896411645226812, 0.909952606635071, 0.9180771834800271, 0.9343263371699391, 0.9410968178740691, 0.9519295870006771, 0.9451591062965471, 0.9512525389302641, 0.957345971563981, 0.955991875423155, 0.966824644549763, 0.960731211916046, 0.9783344617467841, 0.969532836831415, 0.96614759647935, 0.973595125253893, 0.9715639810426541, 0.966824644549763, 0.970209884901828, 0.972241029113067, 0.9715639810426541, 0.9749492213947191, 0.975626269465132, 0.9783344617467841, 0.975626269465132, 0.976303317535545, 0.9817197020988491, 0.9783344617467841, 0.981042654028436, 0.977657413676371, 0.972241029113067, 0.983750846310088, 0.981042654028436, 0.984427894380501, 0.987813134732566, 0.983750846310088, 0.982396750169262, 0.985781990521327, 0.987813134732566, 0.983073798239675, 0.985781990521327, 0.984427894380501, 0.987136086662153, 0.982396750169262, 0.982396750169262, 0.9817197020988491, 0.984427894380501, 0.987136086662153, 0.990521327014218, 0.98645903859174, 0.983750846310088, 0.987813134732566, 0.9817197020988491, 0.984427894380501, 0.984427894380501, 0.989844278943805, 0.988490182802979, 0.982396750169262, 0.987136086662153, 0.9851049424509141, 0.987136086662153, 0.987813134732566, 0.9851049424509141, 0.987136086662153, 0.988490182802979], "valid_accuracy_array": [0.8151658767772512, 0.8815165876777251, 0.9004739336492891, 0.8981042654028436, 0.9075829383886256, 0.9052132701421801, 0.9360189573459715, 0.9028436018957346, 0.933649289099526, 0.9478672985781991, 0.9407582938388626, 0.9502369668246445, 0.9360189573459715, 0.9478672985781991, 0.9407582938388626, 0.9502369668246445, 0.9454976303317536, 0.9289099526066351, 0.9360189573459715, 0.95260663507109, 0.9383886255924171, 0.95260663507109, 0.943127962085308, 0.95260663507109, 0.9383886255924171, 0.9289099526066351, 0.9454976303317536, 0.9597156398104265, 0.9289099526066351, 0.9478672985781991, 0.9383886255924171, 0.9454976303317536, 0.95260663507109, 0.9454976303317536, 0.9312796208530806, 0.9597156398104265, 0.943127962085308, 0.9383886255924171, 0.9454976303317536, 0.943127962085308, 0.9597156398104265, 0.957345971563981, 0.9454976303317536, 0.9478672985781991, 0.9502369668246445, 0.9454976303317536, 0.9620853080568721, 0.9478672985781991, 0.9454976303317536, 0.9549763033175356, 0.9383886255924171, 0.957345971563981, 0.9597156398104265, 0.957345971563981, 0.9739336492890995, 0.9502369668246445, 0.9502369668246445, 0.95260663507109, 0.9454976303317536, 0.95260663507109, 0.9407582938388626, 0.9549763033175356, 0.9502369668246445, 0.9360189573459715, 0.9597156398104265, 0.9454976303317536, 0.9478672985781991], "best_epoch": 48, "total_time": 1119.8896460533142, "train_time_sum": 875.6746079921722, "eval_time_sum": 244.19765663146973, "accuracy": 96.5}