{"model_name": "densenet121", "train_loss_array": [2.2453905807287207, 1.1467052903543393, 0.8050162164278747, 0.6203048293785864, 0.5299643381027733, 0.45436183415156567, 0.42801949724847593, 0.3635878709013105, 0.3440165253369971, 0.3196806702245791, 0.27501035011048724, 0.2736958846621362, 0.24875533062215585, 0.25436069316450777, 0.23558033757623015, 0.22386916130074958, 0.21996389078222262, 0.21954570003433976, 0.19151451898210342, 0.18838817730656973, 0.18996719240173748, 0.15986831060477666, 0.1674345634580062, 0.17385145439719057, 0.15406520999135725, 0.17665563793644845, 0.16254835361431963, 0.14750329422220315, 0.1482641573846542, 0.1325204907263867, 0.1442717497685348, 0.12972912122731928, 0.14690680234373302, 0.12634691072926782, 0.13381082647824982, 0.12584719398565283, 0.1299690878322662, 0.12032040728151434, 0.10725900191326923, 0.128403090180157, 0.10966764041396034, 0.11641664144733747, 0.11397283600697504, 0.11251531093909116, 0.11520657478027757, 0.09188411372209936, 0.1002684849627775, 0.10891411481986356, 0.09684578432987168, 0.10403506832730754, 0.11521313000235835, 0.10021025374198815, 0.09843801712073744, 0.11235328492334588, 0.09129511946831188, 0.08954743055290036, 0.10084653044713456, 0.08299025111076956, 0.09783285210563593, 0.08551295349322709, 0.08816186736161917, 0.09260949474042464, 0.08888876487702112, 0.08114337917359277, 0.08988073902531257, 0.08251620772860303, 0.07544328501358497, 0.08840931130897256, 0.07062101758355697, 0.0844058822222513, 0.07925155478389019, 0.08349641023825453, 0.07464670034512605, 0.0764459365563935, 0.07911228799414377, 0.0817580869271292, 0.08050851138610048, 0.08186180389327985, 0.08084220608056963, 0.06993592061864094, 0.07460111754800754, 0.07670193631391148, 0.07145196451132735, 0.07299922920445695, 0.08164560104409434, 0.07357259447697094, 0.07399729078228238], "valid_loss_array": [1.3913808061048318, 0.8675730290571095, 0.6994855552205542, 0.6063854708490779, 0.47951698331471304, 0.45097042994476605, 0.3905875911291742, 0.37209388384180614, 0.374986624830707, 0.36494550359616346, 0.3059922153774596, 0.313961276228394, 0.2986447620801451, 0.30697907631007415, 0.2991953921544043, 0.27810168040307215, 0.277042235419931, 0.2726888061805641, 0.2434666240102307, 0.25794027131315655, 0.24173653637769663, 0.26875254148573247, 0.23158168030011145, 0.2698817239694686, 0.21044774148701492, 0.23538384462984818, 0.2428957908745343, 0.21240608026913557, 0.23142074873026514, 0.247194073368217, 0.21354849403503381, 0.2121130503290355, 0.24833759440382794, 0.2022461192726524, 0.20816723123563552, 0.2188455531135272, 0.24270942295632233, 0.1892343505387199, 0.19867223268154108, 0.2212315876548889, 0.24331710405506513, 0.19415222909919458, 0.26344639344485166, 0.18224694286539303, 0.17486877979542972, 0.24704222877231818, 0.156149388489565, 0.18642386407436917, 0.20683162479321537, 0.1918985634706738, 0.1923994039189759, 0.20342905317119794, 0.20335710324099843, 0.21416007462553505, 0.20294275512627516, 0.18873824945417061, 0.19982490062678313, 0.2336733929848219, 0.19278932445775276, 0.197186616500972, 0.23610714123853574, 0.22060819621687816, 0.22469071567199805, 0.18400447202131365, 0.2156974999896158, 0.21090647967541104, 0.23193354092503046, 0.2265182432864232, 0.23245081651549768, 0.2172956748090914, 0.20024642657259065, 0.1833618405447187, 0.2087277664286548, 0.22461112908206846, 0.17352876419386876, 0.24929989556565668, 0.22932274480707837, 0.20895748285320698, 0.18738495622942516, 0.22472954817972549, 0.24396018577095174, 0.19151999432399375, 0.1695015606739651, 0.15614967783074385, 0.22284571137676518, 0.24342608326931275, 0.15633524438560503], "train_accuracy_array": [0.4299255247122546, 0.7880839539607312, 0.8422477995937712, 0.8815165876777251, 0.8889641164522681, 0.9106296547054841, 0.9018280297901151, 0.9248476641841571, 0.9289099526066351, 0.9316181448882871, 0.942450914014895, 0.9377115775220041, 0.950575490859851, 0.9377115775220041, 0.946513202437373, 0.950575490859851, 0.94583615436696, 0.949221394719025, 0.956668923493568, 0.953283683141503, 0.9512525389302641, 0.968855788761002, 0.9580230196343941, 0.9647935003385241, 0.9647935003385241, 0.9512525389302641, 0.962762356127285, 0.965470548408937, 0.9647935003385241, 0.966824644549763, 0.963439404197698, 0.970209884901828, 0.9587000677048071, 0.964116452268111, 0.966824644549763, 0.970886932972241, 0.966824644549763, 0.9715639810426541, 0.973595125253893, 0.960054163845633, 0.977657413676371, 0.970886932972241, 0.967501692620176, 0.968855788761002, 0.972241029113067, 0.976980365605958, 0.9715639810426541, 0.9715639810426541, 0.979011509817197, 0.970209884901828, 0.970209884901828, 0.976303317535545, 0.970886932972241, 0.96614759647935, 0.9817197020988491, 0.975626269465132, 0.974272173324306, 0.977657413676371, 0.970886932972241, 0.975626269465132, 0.9749492213947191, 0.976303317535545, 0.979011509817197, 0.977657413676371, 0.97291807718348, 0.977657413676371, 0.980365605958023, 0.974272173324306, 0.985781990521327, 0.976980365605958, 0.979011509817197, 0.976303317535545, 0.979011509817197, 0.979011509817197, 0.979011509817197, 0.9749492213947191, 0.974272173324306, 0.973595125253893, 0.97291807718348, 0.976980365605958, 0.976303317535545, 0.97291807718348, 0.979011509817197, 0.981042654028436, 0.9749492213947191, 0.976980365605958, 0.976303317535545], "valid_accuracy_array": [0.7014218009478673, 0.8199052132701422, 0.8625592417061612, 0.8578199052132701, 0.8862559241706162, 0.9028436018957346, 0.909952606635071, 0.909952606635071, 0.909952606635071, 0.9004739336492891, 0.9241706161137441, 0.9241706161137441, 0.9218009478672986, 0.9028436018957346, 0.8933649289099526, 0.9241706161137441, 0.9218009478672986, 0.919431279620853, 0.9241706161137441, 0.9289099526066351, 0.9218009478672986, 0.9241706161137441, 0.9170616113744076, 0.909952606635071, 0.9312796208530806, 0.9218009478672986, 0.919431279620853, 0.9360189573459715, 0.9241706161137441, 0.9218009478672986, 0.9289099526066351, 0.9407582938388626, 0.9218009478672986, 0.943127962085308, 0.9289099526066351, 0.9265402843601895, 0.919431279620853, 0.933649289099526, 0.9478672985781991, 0.9289099526066351, 0.9218009478672986, 0.9502369668246445, 0.9218009478672986, 0.9454976303317536, 0.9407582938388626, 0.9241706161137441, 0.9478672985781991, 0.9289099526066351, 0.9289099526066351, 0.9241706161137441, 0.9312796208530806, 0.9289099526066351, 0.9407582938388626, 0.9218009478672986, 0.9383886255924171, 0.9478672985781991, 0.9407582938388626, 0.9312796208530806, 0.9265402843601895, 0.9360189573459715, 0.9170616113744076, 0.9123222748815166, 0.9312796208530806, 0.9407582938388626, 0.919431279620853, 0.9312796208530806, 0.933649289099526, 0.9265402843601895, 0.9265402843601895, 0.9383886255924171, 0.9265402843601895, 0.9502369668246445, 0.9383886255924171, 0.9289099526066351, 0.95260663507109, 0.9123222748815166, 0.9312796208530806, 0.9241706161137441, 0.933649289099526, 0.9170616113744076, 0.933649289099526, 0.9265402843601895, 0.9312796208530806, 0.9502369668246445, 0.9146919431279621, 0.9170616113744076, 0.943127962085308], "best_epoch": 48, "total_time": 1301.7010951042175, "train_time_sum": 1018.9534611701965, "eval_time_sum": 282.7244493961334, "accuracy": 92.5}