{"model_name": "resnet18", "train_loss_array": [2.3156488890896476, 1.3344220599776278, 0.9471057628406894, 0.7659969619987942, 0.6481465323599271, 0.5742482460263458, 0.5421112484236222, 0.4795907506909658, 0.44202008464082965, 0.4100917147456106, 0.4014528760473391, 0.36283540466425784, 0.3427324252090869, 0.3338610868984247, 0.32702818012007523, 0.3134779470922903, 0.29678437573306854, 0.30174788561275706, 0.2813759856960139, 0.2920195937368542, 0.2574509253287808, 0.26305145410393327, 0.2738490444163495, 0.2470240356021018, 0.25477014530447584, 0.24022689102546702, 0.2359441790500241, 0.23547908664254136, 0.22543442500257055, 0.22667815576615816, 0.23966796029568446, 0.2205931942206262, 0.21540734656129887, 0.20421336877765733, 0.22251793883675325, 0.2013513845023961, 0.20353257264904098, 0.2054420467377839, 0.21282898894458827, 0.1993476608333026, 0.1987330983824821, 0.19493108215510402, 0.16502668490644717, 0.17573159581747666, 0.19289529963460175, 0.19064892862261995, 0.1850661126418782, 0.16669786192814726], "valid_loss_array": [1.5424878213077924, 0.9772936857142155, 0.7501042290321459, 0.6033529687266779, 0.5474154115853151, 0.4742011942004705, 0.45607227906231634, 0.4307801193818097, 0.36860075197513636, 0.38962573674617784, 0.365040681655938, 0.35700732045829014, 0.35005135714160324, 0.32288778774546223, 0.2438433035431315, 0.3098951186190284, 0.3375199639825459, 0.3109590692260254, 0.2879695176937004, 0.3006103178618644, 0.2790475626127415, 0.3046466225131428, 0.2686842838169839, 0.25739204943603816, 0.3098803125851527, 0.2895286408080874, 0.24965734522065844, 0.2238775178507606, 0.2718818781641422, 0.2532980823403851, 0.23920940131090263, 0.2726305011324408, 0.23699663148672095, 0.23083381012293966, 0.26100800832583443, 0.3025906080318288, 0.2897444122351741, 0.24072621105971495, 0.2305260344068586, 0.2733683747137892, 0.26004461728707307, 0.23746681700668062, 0.24136027365357954, 0.2415486413508795, 0.24783116201230135, 0.23366551108269895, 0.23509496076129624, 0.2543991078132702], "train_accuracy_array": [0.3710223425863236, 0.7102234258632363, 0.7941773865944483, 0.8314150304671631, 0.8551117129316181, 0.8693297224102912, 0.8693297224102912, 0.8862559241706162, 0.8909952606635071, 0.9038591740013541, 0.896411645226811, 0.9113067027758971, 0.913337846987136, 0.916723087339201, 0.9180771834800271, 0.926201760324983, 0.922816519972918, 0.913337846987136, 0.923493568043331, 0.919431279620853, 0.926201760324983, 0.9221394719025051, 0.913337846987136, 0.9316181448882871, 0.9214624238320921, 0.9248476641841571, 0.933649289099526, 0.9343263371699391, 0.929587000677048, 0.933649289099526, 0.932972241029113, 0.9383886255924171, 0.940419769803656, 0.94583615436696, 0.932972241029113, 0.9451591062965471, 0.939742721733243, 0.9356804333107651, 0.932972241029113, 0.939742721733243, 0.9417738659444821, 0.9410968178740691, 0.950575490859851, 0.950575490859851, 0.9383886255924171, 0.9356804333107651, 0.9444820582261341, 0.9546377792823291], "valid_accuracy_array": [0.6445497630331753, 0.7701421800947867, 0.8246445497630331, 0.8744075829383886, 0.8625592417061612, 0.8791469194312796, 0.8862559241706162, 0.8767772511848341, 0.9052132701421801, 0.8909952606635071, 0.9075829383886256, 0.8909952606635071, 0.8815165876777251, 0.9146919431279621, 0.9407582938388626, 0.9028436018957346, 0.8886255924170616, 0.9052132701421801, 0.9075829383886256, 0.9146919431279621, 0.919431279620853, 0.909952606635071, 0.9170616113744076, 0.9218009478672986, 0.9028436018957346, 0.9241706161137441, 0.933649289099526, 0.9454976303317536, 0.8957345971563981, 0.9218009478672986, 0.9170616113744076, 0.9075829383886256, 0.9075829383886256, 0.919431279620853, 0.9265402843601895, 0.8886255924170616, 0.9004739336492891, 0.919431279620853, 0.9241706161137441, 0.8957345971563981, 0.919431279620853, 0.9241706161137441, 0.9123222748815166, 0.9146919431279621, 0.9383886255924171, 0.9312796208530806, 0.909952606635071, 0.909952606635071], "best_epoch": 29, "total_time": 448.4688808917999, "train_time_sum": 348.9148714542389, "eval_time_sum": 99.54340243339539, "accuracy": 92.5, "k1": 0.925000011920929, "k5": 1.0}