{"model_name": "resnet50", "train_loss_array": [2.060279710678612, 1.0176578348523955, 0.7243119051671141, 0.5757210836994866, 0.49277113463802763, 0.4548645641203256, 0.39745574604439915, 0.37915540302453526, 0.3534315484112473, 0.31333712278061326, 0.28259608338189107, 0.28853985889182354, 0.2889223154848624, 0.24823400000906023, 0.25054648304679705, 0.25223450753119, 0.22546864931011976, 0.2332217243771821, 0.22907901122994576, 0.220540159827725, 0.21596573045528977, 0.20768804851220762, 0.2074210351773146, 0.2092731301757881, 0.19090601315591976, 0.18932289182736248, 0.17561580647305208, 0.18856799884490574, 0.1845498592740955, 0.17393598112813025, 0.18731543613936988, 0.16678388732042196, 0.16167192247342482, 0.14438458822148026, 0.14869986881597186, 0.13636913865845027, 0.16896093560706826, 0.15926544052235322, 0.16929633333300448, 0.16210602906128402, 0.1436540199344071, 0.1537884054837916, 0.16877117812048364, 0.15109409515720085, 0.1561789935102879, 0.1394728903980899, 0.15081094406651094, 0.15234951786419468, 0.14141891544373275, 0.12198049740294548, 0.106120560801233, 0.14306195202354813, 0.13752408606645297, 0.12933298033178509, 0.1320062897640382, 0.14036979419844492, 0.1261544964265535, 0.1161992028853733, 0.1309448580132115, 0.13787832287674268, 0.13140447784691908, 0.14150890234363447, 0.1369150366114557, 0.13437545276956334, 0.1242538488929689, 0.11893307261759152, 0.11221846136325667, 0.10815043437824955, 0.1296134976444409, 0.12471504181941256, 0.11340775764336054, 0.113979248454846, 0.10650395494668202, 0.11770038672810522, 0.13518102397573462, 0.1171530923889994, 0.092993581020598, 0.1082596706513999, 0.1328005367232967, 0.12983487642161454, 0.10769611555066518, 0.08913685096466892, 0.09460500668363549], "valid_loss_array": [1.134834869213014, 0.7035903504109495, 0.5155321611047357, 0.4531030034849429, 0.3809852505464689, 0.3716651251389517, 0.35074712046514755, 0.293128942073239, 0.28014172345258614, 0.2719147435579255, 0.30753480229897523, 0.2895166132051798, 0.26320746964752956, 0.25016981151431655, 0.24462269910421416, 0.23223025129304678, 0.23010582732857687, 0.19842676645347856, 0.2065471838541788, 0.2546645795387962, 0.19975922800494597, 0.2605807793225157, 0.2408976540393174, 0.21581204587779057, 0.23133790545977687, 0.25550475480008467, 0.2618290138258753, 0.24271235065490573, 0.19947244966693964, 0.18226701120947492, 0.18020587184100073, 0.19125071028909554, 0.20630191909193427, 0.22012904955524404, 0.21127102163871883, 0.19794405148457295, 0.2077695753831434, 0.2154264697955118, 0.1992733077591912, 0.22573614471825942, 0.22408612356719812, 0.23379756782150946, 0.1973810898607941, 0.1801147813427646, 0.20091730553074189, 0.1903142238574288, 0.2653188038599717, 0.17023258658028892, 0.2115233818342759, 0.17138003765371457, 0.2452900262452415, 0.2187469897977125, 0.22062410992654086, 0.19863661541051775, 0.2176642300366861, 0.21100030101888695, 0.19714478321673604, 0.16565798017333186, 0.245331282352243, 0.1987756198598734, 0.2064834486304725, 0.19821626835136336, 0.14411368599973653, 0.23060143219916177, 0.2063457430185865, 0.15806931896373558, 0.26022447741003396, 0.15225443691544904, 0.22404395404902963, 0.15859248198710063, 0.1928043014842187, 0.19087504890363363, 0.18350587995343298, 0.1948026832969974, 0.27666684236571687, 0.25623886542332963, 0.21272155057232808, 0.2929280432320743, 0.23181732860504167, 0.17675422506420144, 0.16391624148793837, 0.23125133213589313, 0.1979763874016102], "train_accuracy_array": [0.44549763033175355, 0.7386594448205822, 0.8097494922139472, 0.8503723764387271, 0.8693297224102912, 0.8686526743398781, 0.8815165876777251, 0.8903182125930941, 0.8937034529451591, 0.9187542315504401, 0.9289099526066351, 0.9180771834800271, 0.9180771834800271, 0.9316181448882871, 0.926201760324983, 0.9241706161137441, 0.936357481381178, 0.926201760324983, 0.9275558564658091, 0.9343263371699391, 0.926878808395396, 0.929587000677048, 0.943127962085308, 0.9377115775220041, 0.940419769803656, 0.943127962085308, 0.9519295870006771, 0.9356804333107651, 0.9410968178740691, 0.9451591062965471, 0.9350033852403521, 0.9478672985781991, 0.953283683141503, 0.957345971563981, 0.956668923493568, 0.957345971563981, 0.94583615436696, 0.949221394719025, 0.943805010155721, 0.953960731211916, 0.956668923493568, 0.9478672985781991, 0.9478672985781991, 0.949221394719025, 0.9519295870006771, 0.9546377792823291, 0.9478672985781991, 0.9451591062965471, 0.9546377792823291, 0.960054163845633, 0.96614759647935, 0.953960731211916, 0.9553148273527421, 0.957345971563981, 0.960054163845633, 0.9519295870006771, 0.957345971563981, 0.962762356127285, 0.9620853080568721, 0.949221394719025, 0.964116452268111, 0.949898442789438, 0.949898442789438, 0.956668923493568, 0.9587000677048071, 0.9614082599864591, 0.960054163845633, 0.963439404197698, 0.9553148273527421, 0.963439404197698, 0.96614759647935, 0.960731211916046, 0.964116452268111, 0.953283683141503, 0.953960731211916, 0.960054163845633, 0.973595125253893, 0.963439404197698, 0.9587000677048071, 0.9519295870006771, 0.962762356127285, 0.970886932972241, 0.960054163845633], "valid_accuracy_array": [0.6943127962085308, 0.8388625592417062, 0.8720379146919431, 0.8838862559241706, 0.9075829383886256, 0.8957345971563981, 0.9052132701421801, 0.9218009478672986, 0.933649289099526, 0.9383886255924171, 0.9052132701421801, 0.9123222748815166, 0.9218009478672986, 0.9312796208530806, 0.909952606635071, 0.9289099526066351, 0.9241706161137441, 0.9312796208530806, 0.9265402843601895, 0.9170616113744076, 0.9360189573459715, 0.9146919431279621, 0.9241706161137441, 0.933649289099526, 0.909952606635071, 0.9146919431279621, 0.9075829383886256, 0.9170616113744076, 0.9454976303317536, 0.9360189573459715, 0.9407582938388626, 0.9383886255924171, 0.9123222748815166, 0.933649289099526, 0.9123222748815166, 0.9360189573459715, 0.933649289099526, 0.9265402843601895, 0.9312796208530806, 0.9218009478672986, 0.9312796208530806, 0.9218009478672986, 0.9407582938388626, 0.9312796208530806, 0.9265402843601895, 0.9360189573459715, 0.9289099526066351, 0.9407582938388626, 0.9123222748815166, 0.943127962085308, 0.9123222748815166, 0.9289099526066351, 0.9312796208530806, 0.9383886255924171, 0.9383886255924171, 0.933649289099526, 0.933649289099526, 0.9478672985781991, 0.9218009478672986, 0.943127962085308, 0.9383886255924171, 0.9407582938388626, 0.9502369668246445, 0.9218009478672986, 0.919431279620853, 0.95260663507109, 0.9052132701421801, 0.9312796208530806, 0.9312796208530806, 0.9454976303317536, 0.933649289099526, 0.9407582938388626, 0.9312796208530806, 0.9265402843601895, 0.9075829383886256, 0.919431279620853, 0.9218009478672986, 0.919431279620853, 0.9265402843601895, 0.9312796208530806, 0.9454976303317536, 0.9407582938388626, 0.933649289099526], "best_epoch": 64, "total_time": 953.8760631084442, "train_time_sum": 742.1548063755035, "eval_time_sum": 211.70100569725037, "accuracy": 91.0, "k1": 0.9100000262260437, "k5": 1.0}