{"model_name": "resnet18", "train_loss_array": [2.313728349791561, 1.328532032007774, 0.9352478628717086, 0.7520021304700046, 0.6255029111636516, 0.5616173367284001, 0.5137557202323353, 0.4661196077604429, 0.4352676074046417, 0.4115630025063, 0.3757658543502792, 0.3627694472519223, 0.3495025048202652, 0.3182179810392267, 0.3115124585625281, 0.3015237010727884, 0.29579211120760435, 0.29465428392226906, 0.27447950731037274, 0.2543402931116365, 0.25006555639252764, 0.24776190350849886, 0.24074477657484056, 0.2527790172788527, 0.24440167143123734, 0.23176521497678337, 0.2211260535705711, 0.2158390197325334, 0.21809483022405718, 0.22003991323786162, 0.21171310836589247, 0.2171711020055621, 0.19808386170892353, 0.20213145357112103, 0.1954303324000611, 0.2023138710087671, 0.1768444324153133, 0.19028751488545495, 0.18903578504082635, 0.18751736995168206, 0.17082777482658604, 0.17694264591829795, 0.16335592023932458, 0.19829007572593443, 0.14964693408401414, 0.16801702808752686, 0.1706988248310746, 0.1573953711268219, 0.18185361187725996, 0.16710277322425016, 0.14681824141849759, 0.16922194408296973, 0.16490523429359225, 0.16210993653769903, 0.15900452479407362, 0.1541132562129822, 0.17383339690875588, 0.15182258596312137, 0.15510667537161846, 0.16336848225870806, 0.15715452830938367, 0.14691394319305084, 0.13818937381155683, 0.14853568077490956, 0.14639510582065615, 0.13983371568315323, 0.15380042984314923, 0.14832365743377035, 0.14694820817865145, 0.147647359965214, 0.13174994853082425, 0.16749889915588342, 0.15130789641015982, 0.1350239476941894, 0.13675166236724737, 0.13768955718123113, 0.1384523849387022, 0.12771968133671913, 0.1268288915675479, 0.12239380839130083, 0.15449161298406552, 0.12884516684501132, 0.14620128706269112, 0.13662318504474094, 0.12137030450451915, 0.12728241912279084, 0.11866578162372234, 0.1280479233235262, 0.12903010413635801, 0.1276326699531716], "valid_loss_array": [1.5501139977531975, 1.0040978159384706, 0.769145875745475, 0.6496724695391, 0.5915126865508997, 0.5651721008016035, 0.4497586000022165, 0.4830035926041445, 0.4367379000966583, 0.4146459958564614, 0.3969070934006388, 0.3656918625413524, 0.3574136565858719, 0.4135203653884725, 0.3624180302165131, 0.3717417599748096, 0.3593671420032944, 0.32907055099428545, 0.3204048429549588, 0.31195584674017124, 0.2994908935686141, 0.34701060747365814, 0.27998091139217124, 0.31677225959526983, 0.31927652664094175, 0.3017770342740685, 0.29725170790513544, 0.2837845218407599, 0.275643565502212, 0.2837829618092397, 0.2997940931981209, 0.29289840069992285, 0.2686373174402386, 0.2733464261949486, 0.2652143813069398, 0.2823674262841166, 0.3084238853429166, 0.2821172266951387, 0.239093279969212, 0.24502914656677519, 0.2740477847544503, 0.23770525686937202, 0.2679262443917905, 0.2631985302749686, 0.23906477925619243, 0.2842821024746691, 0.2479246226955929, 0.21884697504447534, 0.24423239099400304, 0.2594985287952109, 0.2830823125644318, 0.2018238026383929, 0.2756927371095707, 0.24438847223588075, 0.22606647253848647, 0.2687563820128545, 0.27855233498517934, 0.23888676267523337, 0.23817765908713023, 0.23002741016200368, 0.2642284796718879, 0.25526895029779295, 0.2732803384769019, 0.25726428959889436, 0.20764952415150206, 0.2388646530111042, 0.21697514511256422, 0.18962081997341948, 0.26149151681688443, 0.18604052094168855, 0.24340644510577641, 0.29913193019221745, 0.2915670866791106, 0.2939457839169491, 0.2801648981392525, 0.23057342755003563, 0.23725510162623573, 0.28547596091943045, 0.24501574762006648, 0.23666815352030274, 0.22667526923367198, 0.23973846410829308, 0.2485531109133603, 0.2601098349335564, 0.23474485272656404, 0.2395583274134245, 0.24833725067959012, 0.19675725259237714, 0.24382198591036855, 0.2700149023781809], "train_accuracy_array": [0.37034529451591064, 0.7027758970886933, 0.8016249153689912, 0.8314150304671631, 0.8618821936357481, 0.8821936357481381, 0.8706838185511171, 0.8957345971563981, 0.899796885578876, 0.8916723087339201, 0.9092755585646581, 0.9011509817197021, 0.906567366283006, 0.922816519972918, 0.916723087339201, 0.9241706161137441, 0.9248476641841571, 0.920108327691266, 0.9289099526066351, 0.936357481381178, 0.9356804333107651, 0.9343263371699391, 0.9377115775220041, 0.923493568043331, 0.9248476641841571, 0.9410968178740691, 0.940419769803656, 0.936357481381178, 0.943127962085308, 0.939742721733243, 0.943805010155721, 0.937034529451591, 0.943127962085308, 0.949221394719025, 0.9451591062965471, 0.9377115775220041, 0.953283683141503, 0.943127962085308, 0.9485443466486121, 0.9377115775220041, 0.9478672985781991, 0.946513202437373, 0.9587000677048071, 0.9343263371699391, 0.962762356127285, 0.943127962085308, 0.9417738659444821, 0.956668923493568, 0.9444820582261341, 0.9512525389302641, 0.9546377792823291, 0.94583615436696, 0.94583615436696, 0.953960731211916, 0.957345971563981, 0.949221394719025, 0.943127962085308, 0.949898442789438, 0.949221394719025, 0.956668923493568, 0.94583615436696, 0.953960731211916, 0.957345971563981, 0.9485443466486121, 0.960054163845633, 0.960054163845633, 0.9580230196343941, 0.953960731211916, 0.953960731211916, 0.9519295870006771, 0.95937711577522, 0.9410968178740691, 0.9519295870006771, 0.9647935003385241, 0.9620853080568721, 0.953283683141503, 0.95937711577522, 0.965470548408937, 0.9553148273527421, 0.963439404197698, 0.9512525389302641, 0.9580230196343941, 0.9553148273527421, 0.955991875423155, 0.9580230196343941, 0.957345971563981, 0.957345971563981, 0.9553148273527421, 0.9553148273527421, 0.960731211916046], "valid_accuracy_array": [0.6729857819905213, 0.7867298578199052, 0.8483412322274881, 0.8436018957345972, 0.8364928909952607, 0.8364928909952607, 0.8933649289099526, 0.8649289099526066, 0.8720379146919431, 0.8838862559241706, 0.8886255924170616, 0.8957345971563981, 0.9004739336492891, 0.8909952606635071, 0.8933649289099526, 0.8791469194312796, 0.8957345971563981, 0.8909952606635071, 0.9052132701421801, 0.9028436018957346, 0.909952606635071, 0.8909952606635071, 0.9075829383886256, 0.9004739336492891, 0.8981042654028436, 0.9004739336492891, 0.9028436018957346, 0.9052132701421801, 0.8957345971563981, 0.9004739336492891, 0.8981042654028436, 0.909952606635071, 0.9004739336492891, 0.8981042654028436, 0.9123222748815166, 0.8909952606635071, 0.9004739336492891, 0.8981042654028436, 0.9265402843601895, 0.9312796208530806, 0.9004739336492891, 0.9123222748815166, 0.9075829383886256, 0.8981042654028436, 0.9146919431279621, 0.9028436018957346, 0.9170616113744076, 0.9265402843601895, 0.9312796208530806, 0.9146919431279621, 0.909952606635071, 0.9289099526066351, 0.9170616113744076, 0.9146919431279621, 0.9265402843601895, 0.9028436018957346, 0.9004739336492891, 0.9265402843601895, 0.919431279620853, 0.919431279620853, 0.909952606635071, 0.9265402843601895, 0.9028436018957346, 0.9170616113744076, 0.9265402843601895, 0.9123222748815166, 0.9360189573459715, 0.933649289099526, 0.9218009478672986, 0.9312796208530806, 0.919431279620853, 0.909952606635071, 0.9028436018957346, 0.9004739336492891, 0.8933649289099526, 0.919431279620853, 0.9075829383886256, 0.9265402843601895, 0.909952606635071, 0.919431279620853, 0.9312796208530806, 0.909952606635071, 0.909952606635071, 0.9052132701421801, 0.9241706161137441, 0.9218009478672986, 0.919431279620853, 0.9312796208530806, 0.9052132701421801, 0.9170616113744076], "best_epoch": 71, "total_time": 837.960090637207, "train_time_sum": 651.9888243675232, "eval_time_sum": 185.94812512397766, "accuracy": 91.5, "k1": 0.9149999618530273, "k5": 1.0}