{"model_name": "resnet18", "train_loss_array": [2.363205552262556, 1.3443572455027173, 0.9496740241186313, 0.7598514971736322, 0.6465678991461091, 0.5874622723260439, 0.5185361410930662, 0.4956797919890004, 0.43724337006309344, 0.42934913966570176, 0.4116289433023779, 0.3631465636804125, 0.35885999199903407, 0.3199289871497015, 0.3316826686797791, 0.3275146694827419, 0.3044074745438917, 0.31751750135187695, 0.29364692969102674, 0.2692522883677531, 0.2808730472118853, 0.26898217175002026, 0.2526771613247264, 0.2607635943649101, 0.2316543048773574, 0.2604666266819877, 0.2350546589919499, 0.23906113266864173, 0.237333548214279, 0.24565370396011652, 0.21850421630254693, 0.2317151688568965, 0.21217327874176553, 0.20239597973625, 0.21613643385505224, 0.20513293725175477, 0.18733275634821153, 0.1949598566656106, 0.19026946946827236, 0.20577212753998886, 0.19337170398065828, 0.18254457286022446, 0.19153086380048143, 0.18479132447480026, 0.18469344499188659, 0.1848009042164403, 0.19517877953191343, 0.177991290419749, 0.18954364833855192, 0.17516983719132764, 0.1609515239236802, 0.18372688705281948, 0.17666700564592208, 0.17319612709468657, 0.17605785486782088, 0.1602598125154131, 0.15403330574769303, 0.17949521991051606], "valid_loss_array": [1.598595602817445, 1.0393686204159995, 0.8483971689267181, 0.6923081428518792, 0.58706455645968, 0.5903620465671847, 0.5395544405797081, 0.5001747481065904, 0.49620759091671046, 0.4121228445197734, 0.4190580308154861, 0.42825437609053335, 0.40523285217477245, 0.4053417971066389, 0.40081234678837924, 0.36588260164193065, 0.42612719917184366, 0.34820538589739686, 0.3427712564219796, 0.3133515322942869, 0.3608004380176418, 0.3208182593939994, 0.31434480104401213, 0.3339441213845077, 0.33071521277676263, 0.3131421747930807, 0.34086205510166584, 0.32051282810373893, 0.3010737774496395, 0.31617463313007804, 0.28933513560001317, 0.3323748059111749, 0.3390212862694998, 0.3030686141896587, 0.2745400170367476, 0.28646288338995657, 0.31391068346692486, 0.24603037377245618, 0.2643065586756756, 0.28230111897697946, 0.3287834716934305, 0.34326864291706355, 0.308529219426815, 0.3354739933076063, 0.3305192164573554, 0.28619538738405537, 0.311087414586996, 0.28499427006990424, 0.31071550805139314, 0.3056755506949967, 0.2797564144833322, 0.26888605782770997, 0.326625557439799, 0.3225161307513431, 0.3191021258161531, 0.2680539113791633, 0.2936826794633368, 0.30684525403083784], "train_accuracy_array": [0.36086662153012866, 0.7163168584969533, 0.7935003385240352, 0.8307379823967501, 0.8578199052132701, 0.8666215301286392, 0.8727149627623562, 0.8740690589031821, 0.896411645226811, 0.8977657413676371, 0.8957345971563981, 0.906567366283006, 0.9038591740013541, 0.916723087339201, 0.9106296547054841, 0.9085985104942451, 0.9153689911983751, 0.9085985104942451, 0.9207853757616791, 0.9255247122545701, 0.920108327691266, 0.929587000677048, 0.9309410968178741, 0.922816519972918, 0.939742721733243, 0.9248476641841571, 0.932972241029113, 0.9275558564658091, 0.9356804333107651, 0.9309410968178741, 0.936357481381178, 0.9343263371699391, 0.9377115775220041, 0.9322951929587001, 0.9282329045362221, 0.933649289099526, 0.943127962085308, 0.9410968178740691, 0.940419769803656, 0.936357481381178, 0.9356804333107651, 0.943805010155721, 0.946513202437373, 0.94583615436696, 0.9444820582261341, 0.942450914014895, 0.9383886255924171, 0.9410968178740691, 0.9383886255924171, 0.947190250507786, 0.953283683141503, 0.9417738659444821, 0.9478672985781991, 0.9444820582261341, 0.949221394719025, 0.953283683141503, 0.957345971563981, 0.9390656736628301], "valid_accuracy_array": [0.6232227488151659, 0.7535545023696683, 0.7962085308056872, 0.8483412322274881, 0.8436018957345972, 0.8222748815165877, 0.8530805687203792, 0.8483412322274881, 0.8601895734597157, 0.8909952606635071, 0.8767772511848341, 0.8791469194312796, 0.8672985781990521, 0.8649289099526066, 0.8838862559241706, 0.8815165876777251, 0.8625592417061612, 0.9004739336492891, 0.8886255924170616, 0.9028436018957346, 0.8767772511848341, 0.8933649289099526, 0.9075829383886256, 0.8909952606635071, 0.8791469194312796, 0.9028436018957346, 0.8767772511848341, 0.9004739336492891, 0.8838862559241706, 0.8744075829383886, 0.8981042654028436, 0.8744075829383886, 0.8933649289099526, 0.9028436018957346, 0.9123222748815166, 0.9075829383886256, 0.9123222748815166, 0.919431279620853, 0.9052132701421801, 0.9028436018957346, 0.8909952606635071, 0.8886255924170616, 0.9075829383886256, 0.8815165876777251, 0.8838862559241706, 0.8981042654028436, 0.9075829383886256, 0.8933649289099526, 0.8933649289099526, 0.8981042654028436, 0.9075829383886256, 0.9004739336492891, 0.9075829383886256, 0.9146919431279621, 0.8909952606635071, 0.9004739336492891, 0.9052132701421801, 0.9004739336492891], "best_epoch": 39, "total_time": 537.1216254234314, "train_time_sum": 417.6242356300354, "eval_time_sum": 119.48271107673645, "accuracy": 90.5, "k1": 0.9050000309944153, "k5": 0.9950000047683716}