{"model_name": "vgg13_bn", "train_loss_array": [1.5351156324006936, 0.6981891610772527, 0.5941194052137712, 0.49032277813132097, 0.47413706170116315, 0.4322904541271316, 0.4214620887627857, 0.38122697924147125, 0.39803028861331874, 0.3507579458258244, 0.3778629096158066, 0.36371259166327535, 0.33072007027282535, 0.3667130654699187, 0.3444870545622781, 0.32474135293214806, 0.3070132402588406, 0.3163769087459723, 0.3304413062095965, 0.31814012903979927, 0.30570866982720557, 0.3001446363111969, 0.28350630903978485, 0.3289535297642064, 0.29078487998420677, 0.2701273682573274, 0.301246440452987, 0.28282725791835917, 0.2891594131471502, 0.27192313963082004, 0.2954849940582797, 0.2477738438281322, 0.29154690897335617, 0.28386478961401884, 0.2551374279351031, 0.28439615713274796, 0.24962772504655428, 0.289546634035895, 0.2725625196490727, 0.2464265297888983], "valid_loss_array": [0.7505165217047054, 0.49220426599561323, 0.41619152988867736, 0.41267086148827, 0.4467865265376195, 0.4069270473238416, 0.3331481020244377, 0.3245686914471653, 0.30936229341967975, 0.32767130916505627, 0.2867052776836106, 0.2889430382734791, 0.30023650320079087, 0.28220386824336663, 0.2859115744654036, 0.28045332354109437, 0.22869599536414395, 0.28011232903624456, 0.27661745325039844, 0.2280399086774808, 0.26385743449932025, 0.2511839963433937, 0.340671653660694, 0.2557008760094078, 0.26023285794049783, 0.269352161453516, 0.2513899963649246, 0.2623234112521907, 0.2514494811471605, 0.2672582551907589, 0.30159143676266287, 0.2546443738643592, 0.2727744583905591, 0.23688209111586, 0.27877413412617846, 0.2733503829939423, 0.25066817583631, 0.2335033439920765, 0.24845779228125703, 0.2547711210448948], "train_accuracy_array": [0.5727826675693974, 0.8029790115098172, 0.8185511171293162, 0.8530805687203792, 0.8456330399458362, 0.8659444820582262, 0.8659444820582262, 0.8686526743398781, 0.8727149627623562, 0.8923493568043331, 0.8767772511848341, 0.8754231550440081, 0.8876100203114421, 0.8720379146919431, 0.8909952606635071, 0.9004739336492891, 0.8984427894380501, 0.9011509817197021, 0.8862559241706162, 0.8855788761002031, 0.8930264048747462, 0.8970886932972241, 0.903182125930941, 0.8869329722410291, 0.8984427894380501, 0.9058903182125931, 0.8923493568043331, 0.8977657413676371, 0.8991198375084631, 0.9106296547054841, 0.9018280297901151, 0.9153689911983751, 0.9038591740013541, 0.9045362220717671, 0.9140148950575491, 0.9011509817197021, 0.906567366283006, 0.8957345971563981, 0.9058903182125931, 0.9092755585646581], "valid_accuracy_array": [0.8222748815165877, 0.8672985781990521, 0.8791469194312796, 0.8672985781990521, 0.8530805687203792, 0.8459715639810427, 0.9052132701421801, 0.8886255924170616, 0.9028436018957346, 0.8886255924170616, 0.9052132701421801, 0.8957345971563981, 0.8981042654028436, 0.9075829383886256, 0.8933649289099526, 0.9075829383886256, 0.933649289099526, 0.9004739336492891, 0.8862559241706162, 0.909952606635071, 0.9123222748815166, 0.9170616113744076, 0.8933649289099526, 0.9218009478672986, 0.9265402843601895, 0.9052132701421801, 0.9170616113744076, 0.9028436018957346, 0.9075829383886256, 0.919431279620853, 0.9004739336492891, 0.9241706161137441, 0.909952606635071, 0.9123222748815166, 0.909952606635071, 0.8933649289099526, 0.9123222748815166, 0.9218009478672986, 0.909952606635071, 0.909952606635071], "best_epoch": 21, "total_time": 562.7174355983734, "train_time_sum": 421.18245363235474, "eval_time_sum": 141.51733326911926, "accuracy": 89.0, "k1": 0.8899999856948853, "k5": 0.9950000047683716}