{"model_name": "vgg13_bn", "train_loss_array": [1.552804853356038, 0.7375841019681441, 0.6044220505086813, 0.5525498901498261, 0.4780743839212907, 0.4779264300395769, 0.45324061543617045, 0.4069852614592441, 0.43063237506470003, 0.3903704007170696, 0.39386775853590295, 0.3841588326055776, 0.3561811108866009, 0.3439405800606967, 0.35721970635567796, 0.34722925903188595, 0.35655295434196654, 0.33692963162062534, 0.33938423936118445, 0.33256217030733926, 0.3144879337190855, 0.34192895211314706, 0.3144994399225946, 0.32786127563740003, 0.34263063546524875, 0.3239404832062765, 0.31872033857984483, 0.2732233441634685, 0.34207202929980707, 0.30972673136995665, 0.3055044698529576, 0.3043647725072033, 0.32402662541931676, 0.3281114415676108, 0.3328742902567036, 0.2894802768446742, 0.3147988633511836, 0.30480444896398723, 0.31324830317343905, 0.2847727291745032, 0.2745845565924228, 0.3311293701525871, 0.3221791004238697, 0.3217116523819068, 0.3187140854694751, 0.27843978115248375, 0.27034561041951904, 0.28628628383678767, 0.3361677357002578, 0.26740708952226105, 0.3080414525241406, 0.2747388263671238, 0.3329877144655184, 0.30738637792343776, 0.31947904632010005, 0.2843014010573128, 0.27053251896323427, 0.30793451494111673, 0.3158251389951906, 0.33322250753257754, 0.27588349020836234, 0.2710956923345819, 0.27867599433009277, 0.29086176367046546, 0.2994393549239062, 0.3103147361240903, 0.2828481576645705, 0.28277782652433775, 0.2876437991484243, 0.2613648555002547, 0.30605421519220966, 0.2886296928776384, 0.27619505657000404, 0.2568232213464151, 0.30449787108637466, 0.2953194746383155, 0.27092756103464455, 0.2956781915704907, 0.2803197798641372, 0.2877477070212001, 0.2684523162905558, 0.26693975456568464], "valid_loss_array": [0.7926099113943452, 0.5863936029339288, 0.519888708094285, 0.4428955128690078, 0.36278004245170486, 0.41764660525660946, 0.32901525377379776, 0.3562570163423981, 0.3400428912721539, 0.33662099380628757, 0.3641997427454492, 0.3400482446379006, 0.36139685014412865, 0.2987172435527729, 0.2972182731775311, 0.3413892767935003, 0.30277130586841094, 0.31059995604352364, 0.2969156831008563, 0.2727685252919581, 0.22682843179005016, 0.2954282419870815, 0.26747931815436665, 0.2760629403577032, 0.23568424561294898, 0.28536878942878324, 0.2490616875095955, 0.261889221702848, 0.31188575201336804, 0.24344864635953406, 0.3037862115279193, 0.3533409419712297, 0.30833362261830916, 0.25442051135391985, 0.214415916016599, 0.25951722617397943, 0.2721169333534218, 0.27879302337836315, 0.3230193042289024, 0.22938720020355208, 0.23820294561614921, 0.20468938177654528, 0.27316035298515834, 0.2870532462276271, 0.24798952968199672, 0.25799233581146924, 0.27183273748905173, 0.2662063295736697, 0.2514383750857335, 0.25905904106760475, 0.30194015366629967, 0.24583814695689352, 0.283022990688611, 0.25858915113442316, 0.24269180111057387, 0.2819630208456121, 0.3296787957991893, 0.24790884699160454, 0.2688194431929509, 0.31948433872047477, 0.2503649968459708, 0.1929960876562019, 0.23249004069733395, 0.2502384227634324, 0.25244443637641123, 0.2535427196560454, 0.2825283500149634, 0.2542327762144437, 0.2728114907069229, 0.3128472556894142, 0.26438548732372397, 0.25902133411176115, 0.2982666574736342, 0.28038104398891117, 0.2359117404756388, 0.2839532250547296, 0.2857254875417781, 0.2824742251662846, 0.21816764033942426, 0.2523084936301573, 0.19607786070643726, 0.28779215747005], "train_accuracy_array": [0.5572105619498985, 0.7962085308056872, 0.8144888287068381, 0.8246445497630331, 0.8517264725795531, 0.8490182802979012, 0.8517264725795531, 0.8639133378469871, 0.8564658090724442, 0.8815165876777251, 0.8754231550440081, 0.8706838185511171, 0.8788083953960731, 0.8849018280297901, 0.8774542992552471, 0.8815165876777251, 0.8774542992552471, 0.8815165876777251, 0.8862559241706162, 0.8882870683818551, 0.8909952606635071, 0.8815165876777251, 0.8869329722410291, 0.8882870683818551, 0.8903182125930941, 0.8896411645226812, 0.896411645226811, 0.909952606635071, 0.8882870683818551, 0.896411645226811, 0.8943805010155721, 0.8923493568043331, 0.8916723087339201, 0.8916723087339201, 0.8828706838185512, 0.8977657413676371, 0.8943805010155721, 0.8909952606635071, 0.8930264048747462, 0.9052132701421801, 0.9011509817197021, 0.8916723087339201, 0.8862559241706162, 0.8923493568043331, 0.8909952606635071, 0.9025050778605281, 0.9004739336492891, 0.9018280297901151, 0.8876100203114421, 0.9113067027758971, 0.8943805010155721, 0.9079214624238321, 0.8808395396073121, 0.8943805010155721, 0.8909952606635071, 0.9052132701421801, 0.9045362220717671, 0.9058903182125931, 0.8916723087339201, 0.8882870683818551, 0.9106296547054841, 0.916723087339201, 0.9052132701421801, 0.9018280297901151, 0.9038591740013541, 0.8869329722410291, 0.9038591740013541, 0.906567366283006, 0.9092755585646581, 0.909952606635071, 0.8977657413676371, 0.8916723087339201, 0.913337846987136, 0.913337846987136, 0.9004739336492891, 0.9025050778605281, 0.913337846987136, 0.9085985104942451, 0.906567366283006, 0.9025050778605281, 0.916723087339201, 0.9079214624238321], "valid_accuracy_array": [0.8033175355450237, 0.8317535545023697, 0.8507109004739336, 0.8578199052132701, 0.8791469194312796, 0.8696682464454977, 0.8981042654028436, 0.8981042654028436, 0.8696682464454977, 0.9004739336492891, 0.8838862559241706, 0.8886255924170616, 0.8744075829383886, 0.8981042654028436, 0.9052132701421801, 0.8838862559241706, 0.9028436018957346, 0.8933649289099526, 0.9075829383886256, 0.909952606635071, 0.9265402843601895, 0.8957345971563981, 0.9075829383886256, 0.9075829383886256, 0.9218009478672986, 0.9123222748815166, 0.919431279620853, 0.909952606635071, 0.8981042654028436, 0.919431279620853, 0.9241706161137441, 0.8838862559241706, 0.8981042654028436, 0.9146919431279621, 0.9146919431279621, 0.9052132701421801, 0.919431279620853, 0.8957345971563981, 0.8981042654028436, 0.9218009478672986, 0.9123222748815166, 0.919431279620853, 0.9146919431279621, 0.9004739336492891, 0.9146919431279621, 0.9265402843601895, 0.919431279620853, 0.9265402843601895, 0.909952606635071, 0.909952606635071, 0.8933649289099526, 0.933649289099526, 0.9052132701421801, 0.909952606635071, 0.9218009478672986, 0.9170616113744076, 0.9028436018957346, 0.9289099526066351, 0.9218009478672986, 0.9028436018957346, 0.9218009478672986, 0.9170616113744076, 0.919431279620853, 0.909952606635071, 0.9146919431279621, 0.9146919431279621, 0.9146919431279621, 0.9170616113744076, 0.9075829383886256, 0.9146919431279621, 0.9170616113744076, 0.8981042654028436, 0.9052132701421801, 0.9218009478672986, 0.9170616113744076, 0.909952606635071, 0.9146919431279621, 0.9028436018957346, 0.9241706161137441, 0.9218009478672986, 0.943127962085308, 0.909952606635071], "best_epoch": 63, "total_time": 1139.100316286087, "train_time_sum": 868.8240456581116, "eval_time_sum": 270.2516043186188, "accuracy": 93.0, "k1": 0.9299999475479126, "k5": 1.0}