{"model_name": "cifar_resnet34", "train_loss_array": [2.798875344792329, 2.451469683534161, 2.336154227976712, 2.243645342282532, 2.193387827198491, 2.170972387937573, 2.159847948627046, 2.151822487889873, 2.1514181124655556, 2.14204234478033, 2.1151988184282566, 2.094998738938437, 2.0916187094931837, 2.08933571576265, 2.096905397093611, 2.087856030819298, 2.083122615646331, 2.0751983989471507, 2.0819836243149714, 2.072477869028648, 2.0478165372449477, 2.0743230235035868, 2.05083071539833, 2.100682633586566, 2.0746441977041834, 2.072496457445355, 2.066899828920513, 2.0543977124673254, 2.0511251034249143, 2.0418334221145793, 2.0713095035436755, 2.1015401115753236, 2.063747435788004, 2.054089336679364, 2.0497696888793864, 2.0798291914674505], "valid_loss_array": [2.5300206087211863, 2.356586678898165, 2.222196235475947, 2.154584041703934, 2.1707847739847916, 2.13164872015822, 2.1521378586077575, 2.096604481692563, 2.0830055548681465, 2.0602404777472616, 2.082459159371977, 2.044179799432438, 2.0978173192643443, 2.0706696459467375, 2.0836415245634683, 1.9842647218026257, 2.019799235872748, 2.0306537377325844, 2.0237287887464768, 2.040365838326549, 2.0178029650195515, 2.0517230610146906, 2.057350753042935, 2.026460148146932, 2.042730280573334, 2.090032253220183, 2.045651462970752, 2.047147344638951, 2.06064147067861, 1.9900681475327477, 2.005033248408711, 2.0833371702528676, 2.1324136776946734, 2.010344653332968, 2.1267234002244417, 2.007848316459294], "train_accuracy_array": [0.15572105619498985, 0.2897765741367637, 0.2924847664184157, 0.2979011509817197, 0.3243060257278267, 0.32159783344617465, 0.3107650643195667, 0.3188896411645227, 0.3039945836154367, 0.3276912660798917, 0.3148273527420447, 0.33378469871360866, 0.3344617467840217, 0.3290453622207177, 0.3276912660798917, 0.34394041976980366, 0.34867975626269465, 0.33378469871360866, 0.35003385240352064, 0.3263371699390657, 0.3344617467840217, 0.3358158429248477, 0.34055517941773866, 0.33175355450236965, 0.32701421800947866, 0.33378469871360866, 0.34664861205145564, 0.34394041976980366, 0.3493568043331077, 0.33852403520649965, 0.3459715639810427, 0.3344617467840217, 0.35341909275558564, 0.34529451591062965, 0.34867975626269465, 0.3297224102911307], "valid_accuracy_array": [0.2772511848341232, 0.2725118483412322, 0.2843601895734597, 0.31516587677725116, 0.3127962085308057, 0.3175355450236967, 0.2985781990521327, 0.33649289099526064, 0.33175355450236965, 0.33175355450236965, 0.3246445497630332, 0.3293838862559242, 0.32701421800947866, 0.32701421800947866, 0.3246445497630332, 0.3696682464454976, 0.33649289099526064, 0.35308056872037913, 0.3459715639810427, 0.3293838862559242, 0.3459715639810427, 0.36018957345971564, 0.32701421800947866, 0.36729857819905215, 0.34834123222748814, 0.3459715639810427, 0.32701421800947866, 0.33886255924170616, 0.33886255924170616, 0.35071090047393366, 0.35071090047393366, 0.36492890995260663, 0.3056872037914692, 0.3222748815165877, 0.33175355450236965, 0.36255924170616116], "best_epoch": 17, "total_time": 511.36246490478516, "train_time_sum": 398.9702515602112, "eval_time_sum": 112.38352060317993, "accuracy": 37.0, "k1": 0.3700000047683716, "k5": 0.7050000429153442}