{"model_name": "cifar_vgg19_bn", "train_loss_array": [3.0205203563519727, 2.8857003063790767, 2.8195797125068, 2.796052941617404, 2.7697790900677868, 2.7393780673123245, 2.7420049856543622, 2.7205604042809965, 2.7110873532601927, 2.7098196298590205, 2.6596065952556716, 2.683669802944, 2.6958410265321415, 2.6675228323578106, 2.678235808981377, 2.663257889595884, 2.644350304019233, 2.6644667232851766, 2.6561674792458256, 2.6444837729028534, 2.6584959075349204, 2.6159467605133675, 2.6205854854958237, 2.631128348929703, 2.6304136371806255, 2.640229001106567, 2.637347323553903, 2.6315609832510565, 2.5997375523470994, 2.646995474861212, 2.6313674914812673, 2.622162695744591, 2.6051703826268944, 2.5936422494915425, 2.6172827302239274, 2.5993528826138257, 2.587189034505236, 2.6016386297803193, 2.625802865767689, 2.5964104636908383, 2.6065322858865954, 2.6038534994777507, 2.5828648982374105, 2.5902606580575416, 2.621836860033008, 2.599131163666195, 2.6008346749062303, 2.6305061566644046, 2.6171683304682727, 2.5853975968499725, 2.591180566524281, 2.612872952291428, 2.5812457678038765, 2.586538565344478, 2.5966775205866583, 2.6193421434210054, 2.6007237277808994, 2.5932048253296354, 2.601423585745799, 2.605269744740036, 2.6151118441538466, 2.5946930077887904, 2.6069258434512603, 2.602733772512861, 2.607095065275075, 2.5964194942182517, 2.615746998028248, 2.619638110466236, 2.6196481108100493, 2.6004262446711492, 2.589140810672706, 2.6059882187246064, 2.6143082787882417, 2.582516331243289, 2.5989682598540162, 2.565044669259135, 2.5967977397249773, 2.6044797219371345, 2.588446836497385, 2.595164249455033, 2.6222673831312093, 2.5937318798651465, 2.5907352613127546, 2.575681866062761, 2.6218853185688555, 2.596410594441718, 2.630297187703158, 2.598801826575195, 2.60933462993955, 2.5676865067607904, 2.610822690687393, 2.603957696629281, 2.639947162581685, 2.5928652262316416, 2.60938182293602, 2.54644335534981, 2.5881838340087766, 2.6277667465610284, 2.600126721524837, 2.5782171914766345, 2.596863604108466, 2.5728330273198856, 2.62692157319856, 2.6312861300515578, 2.5953729462607456, 2.6010791871220014, 2.5987105545516584, 2.589437604031211, 2.627002289106334, 2.605537626980605, 2.5556682870447758, 2.600292805004701, 2.613311435858301, 2.591792895169216, 2.606472305454107], "valid_loss_array": [2.885651466405787, 2.7973533874439402, 2.7459256276135195, 2.734516843235323, 2.6822197120901534, 2.675125342409758, 2.679866352352486, 2.670525313553652, 2.660895469629369, 2.635401930289246, 2.615236067658917, 2.6133244342713557, 2.5998087336101805, 2.6030643359179746, 2.5397904054813476, 2.5719358299580795, 2.545123035873847, 2.561498183209749, 2.553657100098958, 2.51183659883472, 2.564025754612204, 2.5984220210974813, 2.5372593278568503, 2.558449935009129, 2.511113616527539, 2.5265754094056043, 2.5202495837098615, 2.5462190415621935, 2.523715916403097, 2.5470122341861092, 2.532775020147387, 2.507606099567142, 2.5258048292584894, 2.5613001839244536, 2.582775354385376, 2.4831473013801033, 2.5255273077725233, 2.4638009862312207, 2.528810010702124, 2.5353648775561726, 2.459845398274643, 2.4899501054772832, 2.4774762126506786, 2.512041121297538, 2.4546905061079993, 2.461908742714832, 2.4691635432401537, 2.5063270697661486, 2.49398900208315, 2.4627878552929485, 2.4865763967071097, 2.463488255631867, 2.4714486259984745, 2.475890281641088, 2.4533977045267115, 2.4473081200043736, 2.4442551678390863, 2.472301880895244, 2.501955809751393, 2.493976125219987, 2.506705951916663, 2.453870409472859, 2.4620141655347925, 2.431734554010545, 2.4902609874851898, 2.4660344259433837, 2.505664074025448, 2.4256743243520296, 2.4770965259787032, 2.4702217725780904, 2.490617941906102, 2.5152452477911638, 2.406311559451135, 2.4553943132337235, 2.472770194871731, 2.4117750059371876, 2.484947984252496, 2.405547172537347, 2.4650461029667423, 2.4459955500200463, 2.438765082879089, 2.515153639689441, 2.4030428136129514, 2.486225591451636, 2.4592796162971386, 2.4855108735685665, 2.4771964696911275, 2.4306140307566566, 2.4342152552582075, 2.4186887063121345, 2.4716445913811995, 2.5032431762930343, 2.4150841055323164, 2.512699843582949, 2.3899276053171024, 2.4304610880630277, 2.42236553436207, 2.457105393658317, 2.4692962655523942, 2.455100372504284, 2.4315331897464407, 2.451618257857047, 2.438359421011396, 2.394800130789879, 2.5671359532252307, 2.4639138576543727, 2.4462307957111378, 2.457983907365121, 2.4344253799926614, 2.4753664782826936, 2.4418939335086334, 2.4720912578546606, 2.4549288727095906, 2.445849957624318, 2.4363811953937837], "train_accuracy_array": [0.07853757616790792, 0.0947867298578199, 0.10629654705484089, 0.1103588354773189, 0.11916046039268788, 0.13202437373053486, 0.13337846987136087, 0.13067027758970887, 0.13744075829383887, 0.14082599864590387, 0.13811780636425186, 0.13744075829383887, 0.14353419092755584, 0.15098171970209884, 0.13811780636425186, 0.16316858496953285, 0.14353419092755584, 0.15504400812457683, 0.14691943127962084, 0.15165876777251186, 0.17467840216655384, 0.15233581584292485, 0.16723087339201084, 0.16249153689911983, 0.16316858496953285, 0.15842924847664183, 0.16316858496953285, 0.17670954637779282, 0.17670954637779282, 0.15639810426540285, 0.16249153689911983, 0.16790792146242384, 0.16249153689911983, 0.16113744075829384, 0.16993906567366282, 0.17332430602572782, 0.17670954637779282, 0.17400135409614081, 0.16587677725118483, 0.16926201760324983, 0.16249153689911983, 0.17670954637779282, 0.17941773865944483, 0.17738659444820581, 0.17264725795531483, 0.17670954637779282, 0.1814488828706838, 0.16723087339201084, 0.16587677725118483, 0.17264725795531483, 0.17738659444820581, 0.16519972918077183, 0.17535545023696683, 0.16926201760324983, 0.17332430602572782, 0.17332430602572782, 0.17332430602572782, 0.17603249830737983, 0.16993906567366282, 0.17129316181448884, 0.15436696005416384, 0.16519972918077183, 0.17603249830737983, 0.17400135409614081, 0.17332430602572782, 0.19025050778605282, 0.16587677725118483, 0.16790792146242384, 0.18009478672985782, 0.16993906567366282, 0.16790792146242384, 0.17738659444820581, 0.17738659444820581, 0.18077183480027081, 0.17467840216655384, 0.1963439404197698, 0.17197020988490183, 0.18415707515233581, 0.17535545023696683, 0.17467840216655384, 0.17467840216655384, 0.18415707515233581, 0.17197020988490183, 0.18686526743398782, 0.17061611374407584, 0.17603249830737983, 0.16858496953283683, 0.17129316181448884, 0.17400135409614081, 0.18348002708192282, 0.17467840216655384, 0.18280297901150983, 0.16249153689911983, 0.1895734597156398, 0.17941773865944483, 0.2037914691943128, 0.18009478672985782, 0.15842924847664183, 0.1855111712931618, 0.18618821936357483, 0.1814488828706838, 0.16926201760324983, 0.16926201760324983, 0.17603249830737983, 0.18009478672985782, 0.1780636425186188, 0.16655382532159782, 0.17738659444820581, 0.17400135409614081, 0.18212593094109683, 0.18754231550440081, 0.1848341232227488, 0.16181448882870683, 0.1814488828706838, 0.17264725795531483],