{"model_name": "cifar_vgg11_bn", "train_loss_array": [2.915237826758651, 2.7052345025676607, 2.5742513804154856, 2.5068920735337885, 2.465583378831196, 2.4044994544401797, 2.3603527415178074, 2.354925186148187, 2.336307925958446, 2.338475052214347, 2.304773535935073, 2.280687398335864, 2.2770666716142367, 2.2852226578067425, 2.2931300021541547, 2.2631740234313016, 2.252274018166916, 2.2760955632015425, 2.2385942659106863, 2.2680402015138497, 2.258910697783339, 2.2636380465190475, 2.247462308802311, 2.240016111104006, 2.2384270309352683, 2.2458702896443588, 2.213147259920775, 2.236679261975298, 2.245476461054105, 2.2211496792859777, 2.1960864782171954, 2.216328166591693, 2.2532905773609655, 2.199630026084471, 2.19763870503988, 2.2075896231645493, 2.221176198954185, 2.2309718299896715, 2.2346208925253648, 2.231065300403613, 2.2497717662687307, 2.205124926066673, 2.1496175429913023, 2.1818662371761346, 2.1691844142120917, 2.2127105150984683, 2.1950571062440556, 2.1786625001102826, 2.1678989991676834, 2.2041521320975788, 2.2459508015161926, 2.207871516330386, 2.2118635573900463, 2.1825003056568155, 2.201931703712138, 2.2073286975971653, 2.187717228300602, 2.1813051516572286, 2.211682872749618, 2.185200933757955, 2.1950204901866357, 2.1894356203628056, 2.2037669446876746, 2.1856138305883595, 2.1923468745715247, 2.170872980788017, 2.1847292037129646, 2.235569978535135, 2.202734449221302, 2.1881818448520627], "valid_loss_array": [2.7643311588685093, 2.632096193413034, 2.561582117849052, 2.4757812983616834, 2.422365399898511, 2.408586452357577, 2.356098584089234, 2.3845443149313543, 2.3406404285069327, 2.3166403205473842, 2.286484469734662, 2.2702417147668053, 2.236073791133284, 2.292062750359847, 2.265017537709096, 2.258127251507547, 2.2613877707748054, 2.228282290047379, 2.2466304494306373, 2.26250385051655, 2.166094637595082, 2.1544681182969803, 2.2423610291774803, 2.2273727220381607, 2.245897608345719, 2.2117881125183465, 2.196530394079561, 2.221314235886126, 2.2243679439852024, 2.291504174047172, 2.2111097263498896, 2.1816290707384804, 2.2030320834209567, 2.172856790759552, 2.125687996923076, 2.220116519250011, 2.1801939451299006, 2.158751670783165, 2.2292862254861405, 2.2084365631166794, 2.1912600479984734, 2.1302876393376935, 2.211136610022088, 2.1725967190276956, 2.2117921221312753, 2.125847827766744, 2.192257490203279, 2.1295792457616725, 2.1683641451794955, 2.1117538004689873, 2.1531558579178216, 2.1638004429532454, 2.1818541282726125, 2.180735159824245, 2.1247629102372447, 2.1489535654890592, 2.1379284847404154, 2.2811559184467622, 2.134342881740552, 2.2225087875438527, 2.1829624300319437, 2.1600159491407926, 2.1437414856318613, 2.177515502224601, 2.1630498379892646, 2.197798532897262, 2.1963891553652797, 2.16811888364819, 2.2001558559200776, 2.1547422183068443], "train_accuracy_array": [0.12389979688557888, 0.1888964116452268, 0.22477995937711578, 0.23493568043331076, 0.23155044008124576, 0.27826675693974273, 0.27488151658767773, 0.28029790115098174, 0.2640487474610697, 0.27217332430602575, 0.26675693974272174, 0.29180771834800273, 0.2789438050101557, 0.27149627623561273, 0.25524712254570076, 0.2775897088693297, 0.2796208530805687, 0.2674339878131347, 0.2863913337846987, 0.27149627623561273, 0.28368314150304674, 0.2823290453622207, 0.27826675693974273, 0.29180771834800273, 0.27826675693974273, 0.28503723764387273, 0.2857142857142857, 0.28368314150304674, 0.27691266079891674, 0.2809749492213947, 0.2877454299255247, 0.2992552471225457, 0.2708192281651997, 0.2992552471225457, 0.3107650643195667, 0.28842247799593773, 0.2857142857142857, 0.27826675693974273, 0.27352742044685174, 0.2830060934326337, 0.2755585646580907, 0.2945159106296547, 0.3107650643195667, 0.3127962085308057, 0.3053486797562627, 0.2870683818551117, 0.2904536222071767, 0.2972241029113067, 0.2958700067704807, 0.29180771834800273, 0.2897765741367637, 0.2911306702775897, 0.2863913337846987, 0.3026404874746107, 0.2958700067704807, 0.2979011509817197, 0.29180771834800273, 0.2938388625592417, 0.2972241029113067, 0.2965470548408937, 0.2830060934326337, 0.2972241029113067, 0.2958700067704807, 0.31008801624915366, 0.2890995260663507, 0.2979011509817197, 0.2863913337846987, 0.2870683818551117, 0.3067027758970887, 0.2999322951929587], "valid_accuracy_array": [0.15402843601895735, 0.2014218009478673, 0.22037914691943128, 0.23696682464454977, 0.2725118483412322, 0.25829383886255924, 0.2843601895734597, 0.2843601895734597, 0.27014218009478674, 0.2725118483412322, 0.3056872037914692, 0.2843601895734597, 0.2985781990521327, 0.27488151658767773, 0.2843601895734597, 0.3009478672985782, 0.2772511848341232, 0.2796208530805687, 0.2677725118483412, 0.27488151658767773, 0.3127962085308057, 0.2890995260663507, 0.2843601895734597, 0.2796208530805687, 0.2962085308056872, 0.26540284360189575, 0.27488151658767773, 0.28672985781990523, 0.2962085308056872, 0.24170616113744076, 0.2772511848341232, 0.28672985781990523, 0.25355450236966826, 0.3127962085308057, 0.31516587677725116, 0.3412322274881517, 0.2725118483412322, 0.3127962085308057, 0.2985781990521327, 0.26303317535545023, 0.2890995260663507, 0.3056872037914692, 0.2962085308056872, 0.28672985781990523, 0.31516587677725116, 0.2985781990521327, 0.2725118483412322, 0.3033175355450237, 0.2962085308056872, 0.3080568720379147, 0.2985781990521327, 0.3056872037914692, 0.3080568720379147, 0.28199052132701424, 0.2938388625592417, 0.2962085308056872, 0.28672985781990523, 0.27488151658767773, 0.2985781990521327, 0.2796208530805687, 0.28199052132701424, 0.28672985781990523, 0.3080568720379147, 0.2914691943127962, 0.28199052132701424, 0.3056872037914692, 0.2938388625592417, 0.3033175355450237, 0.28672985781990523, 0.28672985781990523], "best_epoch": 51, "total_time": 817.6832790374756, "train_time_sum": 635.4978206157684, "eval_time_sum": 182.15987634658813, "accuracy": 28.0, "k1": 0.2800000011920929, "k5": 0.7400000095367432}