{"model_name": "cifar_resnet18", "train_loss_array": [2.792794699917472, 2.4477780895129846, 2.3102379324634734, 2.2114028536797217, 2.1599811216262683, 2.1340632940678477, 2.108758694591277, 2.0650125458665047, 2.0420331730581087, 2.059627022062029, 2.0225075516413415, 2.025561848442217, 2.005458320244471, 1.9975672909433808, 2.0062287893340485, 1.9913612412857542, 1.9998435799786587, 1.9700475036089051, 1.9686215145005193, 1.9657687408018532, 2.003717781646718, 1.9628823221577287, 1.9660364386998244, 1.9734986222266506, 1.9590810111994346, 1.9711824254402053, 1.9712760934332536, 1.9678639520562493, 1.9581427977709813, 1.9305427147878855, 1.9702787812529339, 1.953183745805202, 1.9399753617691526, 1.9458269181893981, 1.9461014583938898, 1.9603300827455101, 1.9405646201477877, 1.9450625693709285, 1.9482678582560153, 1.943877523624986, 1.982116695021808, 1.9547797625502301, 1.9372672537491784, 1.942986655897116, 1.9202697972792908, 1.9356238630549198, 1.9429476981075857, 1.9111098817013048, 1.9543085783498062, 1.9387623726232035, 1.9636824361843763, 1.9128795956629068], "valid_loss_array": [2.524432125814718, 2.316367987772865, 2.2223338289848438, 2.1140175588888015, 2.0448372239750143, 2.0755419810236346, 2.0502270974254158, 2.028912693968316, 2.0077433970302203, 1.93978783417652, 2.0280940634379454, 1.9632125544887018, 1.991511602537327, 1.9211297498495092, 1.9320189184487149, 1.9557167229494212, 1.9470764234732678, 1.9239607896850008, 1.937007384277633, 1.9431675847672738, 1.9860944182951867, 1.9405586312732426, 1.956005919036142, 1.9023325448917552, 1.9112161680420428, 1.9686926575068613, 1.910252420823156, 1.869115088223281, 1.881886069808526, 1.96212745560289, 1.8758720097383617, 1.8462113283256785, 1.9544380106632178, 1.9558606305958535, 1.9143217559109367, 1.9246787019250517, 1.9824098388165659, 1.9902533637403876, 1.912578146039592, 2.0027986137787877, 1.9033848900365604, 1.9402891787307521, 1.9642877895120197, 1.9386713956769608, 1.9079197051965795, 1.9374125049012532, 2.0078983939654456, 1.8945449246049493, 1.8946114253093846, 1.9281285114197935, 1.936836031375903, 1.931967925121434], "train_accuracy_array": [0.18212593094109683, 0.28842247799593773, 0.3182125930941097, 0.32024373730534866, 0.3229519295870007, 0.33378469871360866, 0.33175355450236965, 0.3459715639810427, 0.3378469871360867, 0.33852403520649965, 0.34732566012186866, 0.35003385240352064, 0.34664861205145564, 0.35206499661475965, 0.36425186188219366, 0.36831415030467163, 0.3595125253893026, 0.3662830060934326, 0.35477318889641163, 0.37034529451591064, 0.36086662153012866, 0.36899119837508465, 0.35409614082599866, 0.36357481381178064, 0.36696005416384564, 0.35748138117806366, 0.36899119837508465, 0.37508463100880163, 0.36492890995260663, 0.3730534867975626, 0.35883547731888965, 0.37508463100880163, 0.35680433310765064, 0.37237643872714965, 0.36357481381178064, 0.36086662153012866, 0.36492890995260663, 0.37373053486797564, 0.3791469194312796, 0.36696005416384564, 0.35138794854434663, 0.37169939065673663, 0.36357481381178064, 0.36492890995260663, 0.37576167907921465, 0.3527420446851727, 0.35815842924847663, 0.37508463100880163, 0.36899119837508465, 0.3926878808395396, 0.36154366960054163, 0.3845633039945836], "valid_accuracy_array": [0.25829383886255924, 0.3056872037914692, 0.3222748815165877, 0.33886255924170616, 0.3744075829383886, 0.3222748815165877, 0.3578199052132701, 0.36729857819905215, 0.36018957345971564, 0.36729857819905215, 0.36018957345971564, 0.37203791469194314, 0.3815165876777251, 0.3886255924170616, 0.37203791469194314, 0.3744075829383886, 0.35545023696682465, 0.4075829383886256, 0.36255924170616116, 0.36492890995260663, 0.36729857819905215, 0.34834123222748814, 0.36729857819905215, 0.37203791469194314, 0.38388625592417064, 0.3815165876777251, 0.37203791469194314, 0.4004739336492891, 0.36492890995260663, 0.3459715639810427, 0.4075829383886256, 0.4312796208530806, 0.36255924170616116, 0.38388625592417064, 0.3909952606635071, 0.4004739336492891, 0.3578199052132701, 0.36492890995260663, 0.3791469194312796, 0.36729857819905215, 0.3696682464454976, 0.3862559241706161, 0.36729857819905215, 0.3815165876777251, 0.3767772511848341, 0.36018957345971564, 0.35545023696682465, 0.3791469194312796, 0.3767772511848341, 0.3744075829383886, 0.3578199052132701, 0.35308056872037913], "best_epoch": 33, "total_time": 596.9115228652954, "train_time_sum": 465.99596309661865, "eval_time_sum": 130.9036750793457, "accuracy": 42.5, "k1": 0.42500001192092896, "k5": 0.7899999618530273}