{"model_name": "cifar_resnet50", "train_loss_array": [2.7049537700983666, 2.3459550173765273, 2.249097433135408, 2.204360818088095, 2.1661342454263304, 2.1453620770854083, 2.1147750063207233, 2.122861121180256, 2.1054069748906246, 2.0809225826224687, 2.144866955304517, 2.1159258539319925, 2.121377540264246, 2.101003227963509, 2.0732418703080513, 2.0837031645636017, 2.116640368586226, 2.10606597514272, 2.069109824999975, 2.0603228090740817, 2.113164187930449, 2.0886794055081253, 2.0976750555277355, 2.091793955381286, 2.0892870873313703, 2.0475733086476877, 2.0813050629241934, 2.0706987952411215, 2.093013694662457, 2.100524478694758, 2.085858694992117, 2.078811371253807, 2.0889089197101995, 2.0594488371847124, 2.1069725110229, 2.0751445680029423, 2.0632994622900105, 2.121191147621532, 2.113350222541742, 2.069800666319654, 2.095157094476347, 2.066840316931299, 2.056053856457095, 2.0799952383047837, 2.1013246530120893, 2.04387330209878, 2.076345092070288, 2.067825127955458, 2.048724679827448, 2.072595905999356, 2.0774150870503325, 2.057350066520107, 2.074831669122364, 2.0748316127864914, 2.101746905875028, 2.03733083987123, 2.061902235469547, 2.0800651469259708, 2.073890956495772, 2.05118627821019, 2.07473442880544, 2.144796896158398, 2.050188568208213, 2.0774668752138243, 2.097009604414654, 2.063158305496805, 2.0286766533603036, 2.0573014020112694, 2.044301723497658, 2.0729419394127], "valid_loss_array": [2.529734997952719, 2.356295864728955, 2.283852354610136, 2.2583207021957326, 2.1923994294840012, 2.2119233642144227, 2.1922543998013175, 2.209646507462054, 2.1443906734339997, 2.2215084792313418, 2.1451751541752384, 2.2275907224953455, 2.219259055304866, 2.203920807318665, 2.1405062946663085, 2.1276072823040857, 2.2078456291090256, 2.2145604533606797, 2.224506837496825, 2.1963578569945565, 2.1881340092392327, 2.1432377467223254, 2.148442580236643, 2.208984756921705, 2.1784435425889437, 2.153117289475355, 2.1168881705586946, 2.1751451108127973, 2.2962694693515653, 2.1220662057117265, 2.1015331722548787, 2.196317265948978, 2.1513497140170275, 2.174813293167765, 2.15946102142334, 2.1794427525940665, 2.2774849457763384, 2.194954725238384, 2.1099756961750193, 2.205527045150504, 2.1448298771799457, 2.1116334940019943, 2.1573581571262594, 2.14251246045551, 2.1258291124732573, 2.1283345493660155, 2.1031073088894523, 2.2109720085469466, 2.1533451012525515, 2.0972702616198933, 2.2540479576418186, 2.1230789547282938, 2.114894489541438, 2.2065001341968915, 2.163134296923452, 2.217967241296271, 2.191125031331139, 2.20016627741086, 2.1914878354818335, 2.147797222951012, 2.168069058684941, 2.169068865301485, 2.128262550344964, 2.1632648361802667, 2.2035590054299594, 2.1931835090944554, 2.1397537614496964, 2.2017832231747594, 2.13392758595435, 2.1569605596822585], "train_accuracy_array": [0.1895734597156398, 0.2938388625592417, 0.3060257278266757, 0.32024373730534866, 0.3114421123899797, 0.3263371699390657, 0.3229519295870007, 0.3195666892349357, 0.32836831415030465, 0.3290453622207177, 0.3378469871360867, 0.33310765064319564, 0.3148273527420447, 0.34529451591062965, 0.3263371699390657, 0.3344617467840217, 0.3256601218686527, 0.3344617467840217, 0.33378469871360866, 0.3595125253893026, 0.34055517941773866, 0.3297224102911307, 0.33378469871360866, 0.3425863236289777, 0.35003385240352064, 0.34326337169939064, 0.34461746784021663, 0.32362897765741366, 0.33378469871360866, 0.33039945836154366, 0.34461746784021663, 0.33649289099526064, 0.34800270819228163, 0.3358158429248477, 0.3175355450236967, 0.33039945836154366, 0.34055517941773866, 0.33175355450236965, 0.32498307379823965, 0.35206499661475965, 0.3195666892349357, 0.3412322274881517, 0.3412322274881517, 0.33987813134732564, 0.34461746784021663, 0.3392010832769127, 0.3310765064319567, 0.3297224102911307, 0.34867975626269465, 0.33716993906567366, 0.32836831415030465, 0.3412322274881517, 0.3256601218686527, 0.3324306025727827, 0.3324306025727827, 0.35138794854434663, 0.3425863236289777, 0.3310765064319567, 0.33852403520649965, 0.3425863236289777, 0.3290453622207177, 0.32362897765741366, 0.33852403520649965, 0.32159783344617465, 0.3324306025727827, 0.33378469871360866, 0.34732566012186866, 0.35003385240352064, 0.33649289099526064, 0.3425863236289777], "valid_accuracy_array": [0.25118483412322273, 0.25829383886255924, 0.28672985781990523, 0.2962085308056872, 0.3009478672985782, 0.33175355450236965, 0.3127962085308057, 0.3056872037914692, 0.32701421800947866, 0.2985781990521327, 0.3033175355450237, 0.2985781990521327, 0.2938388625592417, 0.28672985781990523, 0.34360189573459715, 0.2985781990521327, 0.3033175355450237, 0.3175355450236967, 0.3104265402843602, 0.2938388625592417, 0.31990521327014215, 0.3175355450236967, 0.3222748815165877, 0.3033175355450237, 0.2843601895734597, 0.3222748815165877, 0.33175355450236965, 0.2985781990521327, 0.3080568720379147, 0.31516587677725116, 0.31990521327014215, 0.3009478672985782, 0.3293838862559242, 0.35545023696682465, 0.3104265402843602, 0.31516587677725116, 0.2985781990521327, 0.31516587677725116, 0.3293838862559242, 0.2985781990521327, 0.3033175355450237, 0.3056872037914692, 0.31990521327014215, 0.3222748815165877, 0.32701421800947866, 0.3293838862559242, 0.32701421800947866, 0.2962085308056872, 0.3222748815165877, 0.33175355450236965, 0.3127962085308057, 0.2985781990521327, 0.3175355450236967, 0.3080568720379147, 0.3104265402843602, 0.2962085308056872, 0.3033175355450237, 0.3104265402843602, 0.2938388625592417, 0.3341232227488152, 0.32701421800947866, 0.2772511848341232, 0.3175355450236967, 0.3246445497630332, 0.3127962085308057, 0.32701421800947866, 0.31990521327014215, 0.2985781990521327, 0.3246445497630332, 0.32701421800947866], "best_epoch": 51, "total_time": 2362.274587869644, "train_time_sum": 1851.9354376792908, "eval_time_sum": 510.3216161727905, "accuracy": 32.0, "k1": 0.320000022649765, "k5": 0.7850000262260437}