{"model_name": "cifar_densenet169", "train_loss_array": [2.837178368300462, 2.5411073778962154, 2.4204139430214604, 2.3531454870163304, 2.3048035086371566, 2.2648494355002207, 2.241878607342513, 2.2333041582062347, 2.2310954567219006, 2.217539669455268, 2.1999408512722423, 2.1895600196551697, 2.2021666565858276, 2.1935098100208963, 2.181918456413977, 2.1899867062642917, 2.183915525008959, 2.1590039232895837, 2.1540079291155796, 2.140620519118932, 2.176843537619248, 2.168407774810946, 2.152212601056677, 2.1272564772100324, 2.1226899649698185, 2.17166187816483, 2.1571842239124193, 2.1492946564384465, 2.1087574172681784, 2.17049997435604, 2.127072732030498, 2.086675506228923, 2.168951162391203, 2.137021981790087, 2.120051826749529, 2.1637733884977988, 2.130590459181799, 2.130767773516532, 2.0844367328494, 2.1311597680432133, 2.1138217696162114, 2.1238399073330227, 2.0907555297975535, 2.110440708933929, 2.1131206654824353, 2.1467596188379288, 2.1089488326817167, 2.1075855016546954, 2.0981376708643453, 2.118892289531659, 2.107381827942649, 2.090175334553341, 2.1341788865620814, 2.094661509579069, 2.093951862085971, 2.1384370328610056, 2.0684573519609226, 2.1121563914666406, 2.111439770593301, 2.1016967472549055, 2.1514730240415703, 2.0905366400729664, 2.1120742331022497, 2.1293116808744728, 2.118540321400461, 2.1027430400060654, 2.075627350855616, 2.1223440171902292, 2.105837155938068, 2.116369714911273, 2.0926911170690867, 2.092576050806788, 2.1377751173485593, 2.078061371940814, 2.1071126927535277, 2.110220462467191, 2.0912218090643653, 2.0986038876612927, 2.1367078662806454, 2.0948952358158035, 2.076841836534163, 2.0941803892803255, 2.1081355965936517, 2.081845905462793, 2.116308673782452, 2.08736059789974, 2.1102179956339304, 2.07388852977559], "valid_loss_array": [2.6044353037648857, 2.429103420808982, 2.3678726630188276, 2.357400347271237, 2.2780915334891367, 2.258622229946733, 2.262298647826317, 2.23652225761052, 2.1618885688872136, 2.2143326432784023, 2.178139392798546, 2.2592048232589286, 2.2198004044627693, 2.1993991560280604, 2.209426142028158, 2.2257623214857274, 2.1316050901232173, 2.205223623610221, 2.1746277922137653, 2.1580485924725283, 2.1909553676984888, 2.186171778005446, 2.2221567088393805, 2.2048475222564985, 2.1460175118740135, 2.1800501792916753, 2.1385767188682374, 2.102956539646709, 2.1303643807415713, 2.124337355107493, 2.132321452642504, 2.1385936573218394, 2.252062270426637, 2.1720898953659273, 2.2043475053886668, 2.204859725671922, 2.186251296251306, 2.1060512224079875, 2.1146044301760707, 2.104151886221357, 2.1291007408033615, 2.171044412947379, 2.1613099145663295, 2.0712973043251943, 2.13629650278679, 2.138672035452314, 2.1498695538507255, 2.139060298413462, 2.092644206720506, 2.1243919653915118, 2.069226268343451, 2.160551841790077, 2.152411043926438, 2.0592811570913305, 2.11764553598883, 2.1027780353175523, 2.134531920555079, 2.1822393177809873, 2.083351867458832, 2.137233400796827, 2.160531795420353, 2.085268053398313, 2.0967959555404447, 2.0877684970602606, 2.1595134656011212, 2.111599187150386, 2.127958342927327, 2.01715306083173, 2.1804574405977513, 2.088562456917424, 2.0945884537357853, 2.1464819060682685, 2.1523347076081554, 2.1056563176250007, 2.082426294896275, 2.1537749428319706, 2.10476310614726, 2.16663952630843, 2.121042905825574, 2.1161805837640264, 2.1475891547180463, 2.042644605252415, 2.0630816091293407, 2.072250909149929, 2.1255984430629495, 2.1005213441441972, 2.137393841811266, 2.100035434085611], "train_accuracy_array": [0.17400135409614081, 0.2674339878131347, 0.26066350710900477, 0.2728503723764387, 0.28368314150304674, 0.2931618144888287, 0.3026404874746107, 0.3067027758970887, 0.2938388625592417, 0.3121191604603927, 0.3046716316858497, 0.3046716316858497, 0.2958700067704807, 0.3155044008124577, 0.3141503046716317, 0.3094109681787407, 0.3107650643195667, 0.3222748815165877, 0.3121191604603927, 0.32362897765741366, 0.3188896411645227, 0.3243060257278267, 0.3182125930941097, 0.33378469871360866, 0.3344617467840217, 0.3127962085308057, 0.3310765064319567, 0.33039945836154366, 0.3324306025727827, 0.3195666892349357, 0.32836831415030465, 0.3412322274881517, 0.32701421800947866, 0.3195666892349357, 0.3263371699390657, 0.3188896411645227, 0.3182125930941097, 0.3310765064319567, 0.3243060257278267, 0.3229519295870007, 0.32159783344617465, 0.3175355450236967, 0.34461746784021663, 0.3459715639810427, 0.34800270819228163, 0.33310765064319564, 0.3222748815165877, 0.34394041976980366, 0.3188896411645227, 0.33852403520649965, 0.34190927555856465, 0.34394041976980366, 0.3290453622207177, 0.3276912660798917, 0.3209207853757617, 0.3222748815165877, 0.33987813134732564, 0.3358158429248477, 0.35138794854434663, 0.34326337169939064, 0.3141503046716317, 0.3324306025727827, 0.3425863236289777, 0.33649289099526064, 0.33987813134732564, 0.3358158429248477, 0.34394041976980366, 0.34326337169939064, 0.33310765064319564, 0.34529451591062965, 0.33378469871360866, 0.3358158429248477, 0.3290453622207177, 0.33716993906567366, 0.3256601218686527, 0.34190927555856465, 0.3256601218686527, 0.3324306025727827, 0.3222748815165877, 0.32836831415030465, 0.34326337169939064, 0.3297224102911307, 0.3358158429248477, 0.3378469871360867, 0.32701421800947866, 0.34461746784021663, 0.33039945836154366, 0.35071090047393366], "valid_accuracy_array": [0.26066350710900477, 0.2914691943127962, 0.26066350710900477, 0.27014218009478674, 0.26066350710900477, 0.2890995260663507, 0.3009478672985782, 0.31516587677725116, 0.3293838862559242, 0.2843601895734597, 0.3033175355450237, 0.3056872037914692, 0.31990521327014215, 0.2962085308056872, 0.3080568720379147, 0.3056872037914692, 0.3104265402843602, 0.3104265402843602, 0.3033175355450237, 0.2890995260663507, 0.3009478672985782, 0.3104265402843602, 0.3056872037914692, 0.3459715639810427, 0.3127962085308057, 0.3056872037914692, 0.3127962085308057, 0.3104265402843602, 0.3056872037914692, 0.3293838862559242, 0.31990521327014215, 0.33649289099526064, 0.3080568720379147, 0.33649289099526064, 0.2985781990521327, 0.3104265402843602, 0.3246445497630332, 0.32701421800947866, 0.3175355450236967, 0.36255924170616116, 0.3293838862559242, 0.32701421800947866, 0.32701421800947866, 0.33175355450236965, 0.3175355450236967, 0.35308056872037913, 0.2985781990521327, 0.3246445497630332, 0.35071090047393366, 0.3246445497630332, 0.3341232227488152, 0.3412322274881517, 0.3175355450236967, 0.37203791469194314, 0.3222748815165877, 0.33175355450236965, 0.3104265402843602, 0.3341232227488152, 0.32701421800947866, 0.3175355450236967, 0.33175355450236965, 0.3222748815165877, 0.33649289099526064, 0.33175355450236965, 0.3056872037914692, 0.3412322274881517, 0.3412322274881517, 0.3412322274881517, 0.3293838862559242, 0.35071090047393366, 0.3459715639810427, 0.31990521327014215, 0.31990521327014215, 0.35071090047393366, 0.35308056872037913, 0.3341232227488152, 0.3104265402843602, 0.35308056872037913, 0.34360189573459715, 0.3246445497630332, 0.33175355450236965, 0.33886255924170616, 0.3578199052132701, 0.34360189573459715, 0.33649289099526064, 0.34360189573459715, 0.3459715639810427, 0.3341232227488152], "best_epoch": 69, "total_time": 3472.4803965091705, "train_time_sum": 2735.9830548763275, "eval_time_sum": 736.4799635410309, "accuracy": 33.0}