{"model_name": "cifar_resnet50", "train_loss_array": [2.7290054418464407, 2.37073717701653, 2.282319011927135, 2.264139164438422, 2.196026648067508, 2.187551436427484, 2.152009677305848, 2.16443661329467, 2.1504585415266138, 2.134379964627038, 2.143205686122401, 2.1304045262656346, 2.1422959747714776, 2.124894064507455, 2.136124752305534, 2.161306673720146, 2.1305556933300354, 2.1148444720031283, 2.1121707193417247, 2.1124621204371055, 2.1139408505761956, 2.128078380951465, 2.1118231946419606, 2.103546377122604, 2.107969974535256, 2.1220165863986264, 2.1201489882123736, 2.1240752827257583, 2.1473549290452363, 2.1307113323973574, 2.078051239231913, 2.101665378504697, 2.1077033827735834, 2.1143624420979577, 2.125287482281674, 2.0805282074612546, 2.093112209477615, 2.1254056100516037, 2.133930292658977, 2.1303873467300094, 2.11750827080992, 2.121394042800872], "valid_loss_array": [2.410451335929581, 2.287151458704076, 2.201020830615437, 2.219239948485135, 2.142175034889113, 2.1424332263910375, 2.1517733363743643, 2.0833255611889734, 2.129029818620727, 2.1350909951738837, 2.132956622336148, 2.057803131392782, 2.0373345167150996, 2.130120633902708, 2.0947595512697483, 2.1174988034777167, 2.0590309622163456, 2.1298098236463647, 2.084364445853572, 2.0120372427583306, 2.0642417285114667, 1.9846989995495403, 2.0743934853946993, 2.113826592386616, 2.195675077031574, 2.114943888515093, 2.059829342421762, 2.0390603757017596, 2.0399191961469243, 2.1033024431969882, 2.0683847117762997, 2.066748199869671, 2.0889974448353192, 2.1351152325128493, 2.057011987925706, 2.082028491802125, 2.009465758834405, 2.0531128063021113, 2.0970996623920604, 2.131117795880937, 2.0676383119058834, 2.040920509546289], "train_accuracy_array": [0.1922816519972918, 0.2890995260663507, 0.31008801624915366, 0.2945159106296547, 0.3182125930941097, 0.32024373730534866, 0.33513879485443465, 0.3276912660798917, 0.3263371699390657, 0.32701421800947866, 0.3121191604603927, 0.3310765064319567, 0.32836831415030465, 0.3425863236289777, 0.3209207853757617, 0.3121191604603927, 0.32362897765741366, 0.3344617467840217, 0.32362897765741366, 0.32498307379823965, 0.3297224102911307, 0.32498307379823965, 0.33649289099526064, 0.3182125930941097, 0.3378469871360867, 0.33175355450236965, 0.32498307379823965, 0.33649289099526064, 0.3209207853757617, 0.3060257278266757, 0.34055517941773866, 0.3297224102911307, 0.33513879485443465, 0.32836831415030465, 0.3310765064319567, 0.33039945836154366, 0.33310765064319564, 0.3276912660798917, 0.3310765064319567, 0.3263371699390657, 0.31685849695328366, 0.3378469871360867], "valid_accuracy_array": [0.2796208530805687, 0.2914691943127962, 0.3033175355450237, 0.3056872037914692, 0.36492890995260663, 0.34834123222748814, 0.34834123222748814, 0.3696682464454976, 0.3459715639810427, 0.32701421800947866, 0.36255924170616116, 0.33649289099526064, 0.3744075829383886, 0.3744075829383886, 0.35545023696682465, 0.36492890995260663, 0.35545023696682465, 0.34360189573459715, 0.35545023696682465, 0.3862559241706161, 0.36492890995260663, 0.36729857819905215, 0.35071090047393366, 0.35071090047393366, 0.32701421800947866, 0.36018957345971564, 0.35545023696682465, 0.35071090047393366, 0.3459715639810427, 0.37203791469194314, 0.3767772511848341, 0.3412322274881517, 0.3744075829383886, 0.33886255924170616, 0.3578199052132701, 0.34360189573459715, 0.3767772511848341, 0.3578199052132701, 0.34360189573459715, 0.34834123222748814, 0.3767772511848341, 0.3412322274881517], "best_epoch": 23, "total_time": 1359.1054446697235, "train_time_sum": 1065.9792084693909, "eval_time_sum": 293.1166777610779, "accuracy": 33.5, "k1": 0.33500000834465027, "k5": 0.7500000596046448}