{"model_name": "cifar_densenet161", "train_loss_array": [2.8288361974559932, 2.567758519825454, 2.458413364440102, 2.4158888618608705, 2.3620586902125105, 2.3618053666788255, 2.3378936193565623, 2.3306790905863997, 2.305576776279819, 2.313526156470028, 2.324265651551145, 2.3068577421623546, 2.3092738949292078, 2.3169544865008374, 2.279083642349424, 2.294533199285767, 2.288870900082443, 2.2436041568854246, 2.217908141010907, 2.2331212478145686, 2.273943558042729, 2.2673555313935534, 2.24448002902091, 2.2658957468147767, 2.2235945273511057, 2.256467131076831, 2.2215054655042787, 2.2567221090126943, 2.261028318124279, 2.244471527550296, 2.2497102906757216, 2.23476568193313, 2.237054645167708, 2.224499805117267, 2.2612548899473013, 2.2764190860753457, 2.2458824344640176, 2.2494928790010467, 2.215403771029184, 2.2207030894874156, 2.2105678531392328, 2.1945517871859272, 2.270699302732097, 2.234560027345258, 2.1886853358999008, 2.2392883450095526, 2.260091113011096, 2.2517407873472655, 2.2101064779989286, 2.2313236525192726, 2.1981613544006966, 2.2246726705322577, 2.240243723203624, 2.21434342958028, 2.176527152129259, 2.2294326128795006, 2.2315443676714164, 2.2357933970020683, 2.1867950916613124, 2.208286551583354, 2.2223888023043292, 2.2140022935137686, 2.207842379949669, 2.20145730731773, 2.1684095403513717, 2.219104249088362, 2.211508635580338], "valid_loss_array": [2.639971108233194, 2.4851925870253577, 2.4353266654986343, 2.4054731158848623, 2.3307701772988123, 2.345372103966808, 2.3025594175709365, 2.2685531812821518, 2.253868658960713, 2.2400671769092435, 2.286093729932161, 2.264333030058874, 2.3276785335269583, 2.2941564756547104, 2.252687311850453, 2.278348056061008, 2.327733413868041, 2.1900188018925384, 2.2633862371128317, 2.2292170027420983, 2.2517504070607406, 2.2350896014986446, 2.2364345308728693, 2.1741388352561337, 2.2326128482818604, 2.2023739227186447, 2.1771730845573387, 2.202329187031606, 2.164462720048371, 2.2320632742479516, 2.2412740427170883, 2.2368307610823646, 2.160524116308203, 2.190808439706739, 2.181610009116584, 2.224833613888347, 2.2303177722822434, 2.2430764781355292, 2.2234086741768353, 2.207663652456202, 2.13141874114484, 2.2342357059225653, 2.22120574865296, 2.2956396923245976, 2.212818172870654, 2.2249790243627903, 2.1246972140542706, 2.1614897850000463, 2.2384433893230855, 2.177673472047417, 2.2382640612633873, 2.1870174396659525, 2.1923516791013746, 2.196440720445172, 2.2792565314125675, 2.2280194070101915, 2.2711741155922693, 2.1950172666124823, 2.1917861570114208, 2.188104300702353, 2.2039694989462033, 2.258431599603445, 2.1670296700644833, 2.193495005792916, 2.2291745269468044, 2.2033776807559047, 2.156590981506058], "train_accuracy_array": [0.13473256601218686, 0.22951929587000677, 0.24576844955991875, 0.24441435341909276, 0.24170616113744076, 0.25389302640487477, 0.2626946513202437, 0.25795531482735273, 0.25727826675693977, 0.2708192281651997, 0.2789438050101557, 0.25795531482735273, 0.25321597833446174, 0.2708192281651997, 0.2742044685172647, 0.2694651320243737, 0.2742044685172647, 0.2830060934326337, 0.2877454299255247, 0.27691266079891674, 0.27352742044685174, 0.2742044685172647, 0.2796208530805687, 0.29519295870006773, 0.2999322951929587, 0.28029790115098174, 0.2708192281651997, 0.27691266079891674, 0.2823290453622207, 0.2830060934326337, 0.2830060934326337, 0.2843601895734597, 0.2775897088693297, 0.27352742044685174, 0.2762356127285037, 0.26811103588354773, 0.2857142857142857, 0.2809749492213947, 0.3006093432633717, 0.2830060934326337, 0.2843601895734597, 0.3141503046716317, 0.29519295870006773, 0.29519295870006773, 0.2938388625592417, 0.2857142857142857, 0.2911306702775897, 0.2823290453622207, 0.2863913337846987, 0.2897765741367637, 0.2877454299255247, 0.2897765741367637, 0.2897765741367637, 0.2931618144888287, 0.3012863913337847, 0.2999322951929587, 0.29180771834800273, 0.3039945836154367, 0.2897765741367637, 0.3094109681787407, 0.2870683818551117, 0.2945159106296547, 0.2897765741367637, 0.2992552471225457, 0.3039945836154367, 0.28165199729180773, 0.2972241029113067], "valid_accuracy_array": [0.24407582938388625, 0.24881516587677724, 0.24407582938388625, 0.25355450236966826, 0.26066350710900477, 0.25118483412322273, 0.3033175355450237, 0.27014218009478674, 0.28199052132701424, 0.2843601895734597, 0.31516587677725116, 0.2985781990521327, 0.2914691943127962, 0.3009478672985782, 0.2985781990521327, 0.2985781990521327, 0.2843601895734597, 0.3056872037914692, 0.2772511848341232, 0.2843601895734597, 0.3104265402843602, 0.2914691943127962, 0.2914691943127962, 0.3033175355450237, 0.2796208530805687, 0.3127962085308057, 0.34360189573459715, 0.3080568720379147, 0.31516587677725116, 0.28199052132701424, 0.3033175355450237, 0.31516587677725116, 0.2914691943127962, 0.2938388625592417, 0.3009478672985782, 0.3033175355450237, 0.3080568720379147, 0.3080568720379147, 0.3033175355450237, 0.3009478672985782, 0.3222748815165877, 0.2962085308056872, 0.3293838862559242, 0.2985781990521327, 0.3127962085308057, 0.3104265402843602, 0.3056872037914692, 0.2914691943127962, 0.2938388625592417, 0.3104265402843602, 0.27488151658767773, 0.28199052132701424, 0.2796208530805687, 0.3104265402843602, 0.3033175355450237, 0.2938388625592417, 0.3459715639810427, 0.3009478672985782, 0.2890995260663507, 0.3175355450236967, 0.2914691943127962, 0.3033175355450237, 0.28199052132701424, 0.31990521327014215, 0.2962085308056872, 0.3033175355450237, 0.31516587677725116], "best_epoch": 48, "total_time": 4459.839830636978, "train_time_sum": 3508.419054746628, "eval_time_sum": 951.3958780765533, "accuracy": 31.0}