{"model_name": "cifar_mobilenet_v2", "train_loss_array": [2.846206449380822, 2.559779225125374, 2.4127567820074436, 2.313516163874415, 2.2842405550207086, 2.234671826449777, 2.2131708126739627, 2.189557200278797, 2.180715638233668, 2.1846377973872904, 2.1588893233720885, 2.147108342410264, 2.1808895030050723, 2.1415141082407256, 2.1286206892719925, 2.1181362007789377, 2.1118469289935917, 2.144294876865059, 2.1320701672083313, 2.11069964813718, 2.109826679236193, 2.148836491635787, 2.1208722262101634, 2.108749359139899, 2.138883582385069, 2.1198143526437563, 2.110052948879405, 2.125428671116916, 2.0879529604011076, 2.1033538627559945, 2.0920452910980503, 2.1057418162708115, 2.1256355538752407, 2.10180284239266, 2.105696349508793, 2.075795796406616, 2.085558374749702, 2.1179453327434645, 2.0862677806765144, 2.1192196637452576], "valid_loss_array": [2.634914545086323, 2.4313379949868006, 2.363843526885408, 2.286468788345843, 2.2358124052743777, 2.2202996281085987, 2.2255226345423837, 2.1367427138920645, 2.1748724356646787, 2.1527029733522243, 2.113641929852454, 2.1449920328872465, 2.2170483523635505, 2.1387722164533716, 2.1451575586581115, 2.1205034674061416, 2.102530757397837, 2.1316727891352505, 2.1255653661574234, 2.0422259733010244, 2.125417772627555, 2.114089598587904, 2.0764671490655693, 2.0573791519725493, 2.0978697962105555, 2.1284334365790487, 2.1249864327399086, 2.111462596468451, 2.0834672507516583, 2.1372075069572123, 2.1386953134672337, 2.110815797371887, 2.1317458909834732, 2.122232337698552, 2.150970496272589, 2.166842609785179, 2.0732896214977825, 2.1153824996044284, 2.0430430145625254, 2.0641760080346563], "train_accuracy_array": [0.18009478672985782, 0.26878808395396075, 0.27691266079891674, 0.2843601895734597, 0.3060257278266757, 0.3188896411645227, 0.3039945836154367, 0.3026404874746107, 0.32159783344617465, 0.3148273527420447, 0.3121191604603927, 0.32701421800947866, 0.3067027758970887, 0.31685849695328366, 0.3161814488828707, 0.3276912660798917, 0.3114421123899797, 0.3344617467840217, 0.3412322274881517, 0.33716993906567366, 0.33310765064319564, 0.3263371699390657, 0.3161814488828707, 0.3493568043331077, 0.3276912660798917, 0.3229519295870007, 0.3324306025727827, 0.3276912660798917, 0.33716993906567366, 0.3378469871360867, 0.3324306025727827, 0.33649289099526064, 0.31685849695328366, 0.33310765064319564, 0.34664861205145564, 0.32498307379823965, 0.35003385240352064, 0.32836831415030465, 0.3344617467840217, 0.3344617467840217], "valid_accuracy_array": [0.27014218009478674, 0.2985781990521327, 0.25829383886255924, 0.2890995260663507, 0.33175355450236965, 0.3341232227488152, 0.3175355450236967, 0.34360189573459715, 0.3127962085308057, 0.35308056872037913, 0.33886255924170616, 0.33649289099526064, 0.31516587677725116, 0.36729857819905215, 0.3222748815165877, 0.3696682464454976, 0.36492890995260663, 0.33649289099526064, 0.33175355450236965, 0.37203791469194314, 0.3175355450236967, 0.35545023696682465, 0.3696682464454976, 0.34360189573459715, 0.34834123222748814, 0.33886255924170616, 0.3222748815165877, 0.3080568720379147, 0.32701421800947866, 0.3578199052132701, 0.3412322274881517, 0.34834123222748814, 0.3578199052132701, 0.34834123222748814, 0.3412322274881517, 0.33175355450236965, 0.33175355450236965, 0.3175355450236967, 0.3412322274881517, 0.3886255924170616], "best_epoch": 21, "total_time": 1472.0045185089111, "train_time_sum": 1169.239744901657, "eval_time_sum": 302.75430846214294, "accuracy": 35.0, "k1": 0.3499999940395355, "k5": 0.7300000190734863}