{"model_name": "cifar_googlenet", "train_loss_array": [2.9515478578708265, 2.788332363359817, 2.6788608080322223, 2.5915524623808865, 2.5231173301598635, 2.479504242731093, 2.4684335291183874, 2.4274283598303876, 2.4186876951719993, 2.381517888729687, 2.3605421070481123, 2.3613790586015706, 2.3575479564589266, 2.330741468441188, 2.3182506777583223, 2.2949558610276912, 2.307946631128754, 2.2831636576048813, 2.2923507083487333, 2.2551528899025577, 2.2648438330671636, 2.245320637482764, 2.2549004816250293, 2.247291929913923, 2.2642012982249016, 2.2671549746371964, 2.2394625929133185, 2.2280656439110325, 2.2354061540592016, 2.2283967634109363, 2.239710034755895, 2.2751277527780087, 2.2044766954901096, 2.232932180347843, 2.197103418041583, 2.236513973331645, 2.2040480863587955, 2.197075143083173, 2.2159123908206264, 2.1929175235487435, 2.1779525606068875, 2.180445732260041, 2.196002782964997, 2.2153110701083816, 2.214687332399971, 2.20599437583195, 2.20706701762949, 2.200207291540457, 2.191921242363322, 2.1815487671802396, 2.185836679159021, 2.1935470638520504, 2.1597273545081177, 2.176117023746953, 2.161680581526088, 2.1597155150966865, 2.2019382386733812, 2.1737963843361783, 2.1929926993319047, 2.1801800049876716, 2.1501264160520415, 2.179375992647764, 2.1723584192543313, 2.164124853803083, 2.1769772717173064, 2.1833355074890903, 2.1463066569517495, 2.195642948634897, 2.1775336200995628, 2.161097892491335, 2.154337361444875, 2.167795482727831, 2.189153274815068, 2.160641792906888, 2.1650566326740552, 2.1411586797310034, 2.179949432591288, 2.1612715496755404], "valid_loss_array": [2.838842954680818, 2.707770682059193, 2.6180042384360074, 2.5490134677615774, 2.5000500136642096, 2.454696090300501, 2.4328361540609063, 2.4072312404759124, 2.407748337605553, 2.3528561219219912, 2.362364037341981, 2.3622730399760026, 2.315680247347502, 2.3184111988374974, 2.320735508796728, 2.2979996871044284, 2.2929573183376077, 2.2770123526948325, 2.307426895575501, 2.269765375914732, 2.246537109121892, 2.2940649229203354, 2.3100708932108223, 2.255189070769396, 2.216174433016664, 2.241300220173117, 2.2241387966119848, 2.2763499287067432, 2.23876385892172, 2.246818558299711, 2.2234356708436214, 2.2666679654641175, 2.2343465242340668, 2.1978275843706174, 2.205654306999315, 2.212597983708314, 2.1852060449066886, 2.2224363297647773, 2.256540432925473, 2.2221204567859525, 2.1859809143283355, 2.214506604660179, 2.236644249956755, 2.2815409113445555, 2.1963722265162176, 2.220129087637951, 2.209322220906262, 2.2017186851863046, 2.1403811294320634, 2.201628879348249, 2.1787990100010877, 2.1728971253074176, 2.2282024401624057, 2.1865563223147277, 2.1738612968209794, 2.191536883042322, 2.1955818802259546, 2.1333177225284667, 2.2287388514568454, 2.1855137223881003, 2.197419727018094, 2.2021461380601495, 2.2198565972359825, 2.1977373259892397, 2.1643098033434973, 2.142166707188032, 2.153802549669528, 2.201539682551018, 2.1547271753374435, 2.185565363174366, 2.2011076477466602, 2.2066981769851033, 2.173684293059941, 2.2534371676603198, 2.165485063435342, 2.1860117437715214, 2.165579311090623, 2.234595054698781], "train_accuracy_array": [0.13947190250507785, 0.22274881516587677, 0.23967501692620177, 0.24102911306702776, 0.24983073798239674, 0.28029790115098174, 0.27217332430602575, 0.2660798916723087, 0.2863913337846987, 0.2823290453622207, 0.2992552471225457, 0.2938388625592417, 0.28503723764387273, 0.2938388625592417, 0.2931618144888287, 0.29180771834800273, 0.3080568720379147, 0.3012863913337847, 0.3087339201083277, 0.3182125930941097, 0.3141503046716317, 0.3127962085308057, 0.3148273527420447, 0.3141503046716317, 0.3107650643195667, 0.2911306702775897, 0.31685849695328366, 0.3121191604603927, 0.3107650643195667, 0.3080568720379147, 0.3182125930941097, 0.3046716316858497, 0.32362897765741366, 0.3019634394041977, 0.3127962085308057, 0.31347325660121866, 0.3121191604603927, 0.3094109681787407, 0.3148273527420447, 0.2985781990521327, 0.32498307379823965, 0.33378469871360866, 0.32159783344617465, 0.3019634394041977, 0.3276912660798917, 0.3358158429248477, 0.3107650643195667, 0.3161814488828707, 0.3276912660798917, 0.3344617467840217, 0.3209207853757617, 0.3209207853757617, 0.33039945836154366, 0.3114421123899797, 0.33716993906567366, 0.32024373730534866, 0.3141503046716317, 0.3243060257278267, 0.3209207853757617, 0.3297224102911307, 0.3310765064319567, 0.33175355450236965, 0.33378469871360866, 0.31685849695328366, 0.31685849695328366, 0.31008801624915366, 0.3222748815165877, 0.3182125930941097, 0.3161814488828707, 0.3310765064319567, 0.3127962085308057, 0.32362897765741366, 0.3263371699390657, 0.3121191604603927, 0.33378469871360866, 0.34326337169939064, 0.3046716316858497, 0.3256601218686527], "valid_accuracy_array": [0.1895734597156398, 0.1990521327014218, 0.21800947867298578, 0.24881516587677724, 0.25355450236966826, 0.2559241706161137, 0.27014218009478674, 0.26540284360189575, 0.26540284360189575, 0.27014218009478674, 0.26066350710900477, 0.24170616113744076, 0.3080568720379147, 0.3127962085308057, 0.27488151658767773, 0.2796208530805687, 0.2938388625592417, 0.2962085308056872, 0.2796208530805687, 0.3104265402843602, 0.3080568720379147, 0.28199052132701424, 0.2843601895734597, 0.2890995260663507, 0.3246445497630332, 0.26540284360189575, 0.32701421800947866, 0.3033175355450237, 0.31990521327014215, 0.3127962085308057, 0.3080568720379147, 0.28199052132701424, 0.3009478672985782, 0.2962085308056872, 0.3080568720379147, 0.31990521327014215, 0.3080568720379147, 0.2938388625592417, 0.2890995260663507, 0.3246445497630332, 0.3009478672985782, 0.3080568720379147, 0.34360189573459715, 0.2985781990521327, 0.3033175355450237, 0.2914691943127962, 0.2962085308056872, 0.3080568720379147, 0.31990521327014215, 0.3080568720379147, 0.31516587677725116, 0.2962085308056872, 0.3056872037914692, 0.3009478672985782, 0.3222748815165877, 0.31990521327014215, 0.2938388625592417, 0.3222748815165877, 0.3009478672985782, 0.32701421800947866, 0.31990521327014215, 0.31990521327014215, 0.2796208530805687, 0.28199052132701424, 0.3175355450236967, 0.3246445497630332, 0.33175355450236965, 0.2914691943127962, 0.3056872037914692, 0.3341232227488152, 0.3056872037914692, 0.3175355450236967, 0.3175355450236967, 0.3127962085308057, 0.3246445497630332, 0.3104265402843602, 0.3293838862559242, 0.3341232227488152], "best_epoch": 59, "total_time": 7803.663596153259, "train_time_sum": 6105.652909040451, "eval_time_sum": 1697.9901766777039, "accuracy": 26.5}