{"model_name": "cifar_vgg13_bn", "train_loss_array": [2.8694576861976206, 2.6168940462772317, 2.4717990201957822, 2.410111986226784, 2.378561997784903, 2.369819378642997, 2.3088482285804983, 2.306124778881861, 2.3059343430506836, 2.293930827885281, 2.2958529345797136, 2.2901707808553327, 2.2790827673677665, 2.264777230586889, 2.256702031488748, 2.266867455148019, 2.278159111596962, 2.3005920369316777, 2.2241217097319215, 2.2301653979513882, 2.2614914739785683, 2.2411792544634177, 2.2487899277286103, 2.2174500395659265, 2.2312893354981513, 2.2586930866732176, 2.2447161788301204, 2.2553483230000664, 2.2170192063782936, 2.2464587577065664, 2.2253504814775553, 2.2701911934340573, 2.237806582660714, 2.251334699086426, 2.2431773283066745, 2.217328530594394, 2.2494649098544164, 2.2663427006980417, 2.225066931568939, 2.2293365352768792, 2.2620837624684813, 2.2235199255804474, 2.267763128777816, 2.2251028560994843, 2.2463958105204793, 2.2796549768002357, 2.2491414614763303, 2.2349183274509943, 2.2507254717393588, 2.2670122148543497, 2.2721805931671133, 2.2191151979410253, 2.2476884108906914, 2.2055067877230323, 2.252548667088343, 2.230983394904966, 2.190129028031692, 2.2382520636595338, 2.227284235492621], "valid_loss_array": [2.684518495442178, 2.523685233852875, 2.357039636910244, 2.3199592438919283, 2.3407195495768183, 2.288043419896709, 2.274510074000788, 2.210046482312171, 2.1885692078920336, 2.2241294824681574, 2.1663453465954388, 2.2856452408560077, 2.1873221205309106, 2.2107177108384986, 2.2252702102841924, 2.1751027728709, 2.1815854440933156, 2.2612400450412697, 2.1875346848185027, 2.1788281626045984, 2.1956894386436137, 2.2080352159473002, 2.158089838886713, 2.161155421586963, 2.1651561452314185, 2.194260188188598, 2.2009367106650113, 2.1423098159627325, 2.169939469387181, 2.1838156544201746, 2.1297556144931304, 2.125913038072993, 2.128433043357885, 2.1344490288558164, 2.1134616413387644, 2.191747900434015, 2.185589519157229, 2.1669120460889917, 2.0826622468035367, 2.1480312584700743, 2.1723110540218262, 2.093686676703358, 2.1951440216805698, 2.1378561388259816, 2.1604951444960316, 2.138444745710111, 2.1105040577350636, 2.1590484917446333, 2.1777353354539914, 2.1380194080949395, 2.146075901826976, 2.1836451602773077, 2.1659882859596142, 2.180392826902923, 2.192442811495885, 2.1587475080625707, 2.1661237393510286, 2.146538085847104, 2.137212317136792], "train_accuracy_array": [0.14488828706838186, 0.21123899796885579, 0.24170616113744076, 0.2708192281651997, 0.2640487474610697, 0.25321597833446174, 0.2762356127285037, 0.26878808395396075, 0.2626946513202437, 0.27691266079891674, 0.26675693974272174, 0.2674339878131347, 0.2640487474610697, 0.2762356127285037, 0.2728503723764387, 0.27352742044685174, 0.2755585646580907, 0.25660121868652674, 0.2857142857142857, 0.2742044685172647, 0.27014218009478674, 0.2897765741367637, 0.2742044685172647, 0.2938388625592417, 0.27691266079891674, 0.26878808395396075, 0.2796208530805687, 0.26472579553148273, 0.2863913337846987, 0.27488151658767773, 0.2843601895734597, 0.2694651320243737, 0.27352742044685174, 0.27691266079891674, 0.2877454299255247, 0.2789438050101557, 0.2694651320243737, 0.2694651320243737, 0.2857142857142857, 0.2830060934326337, 0.2708192281651997, 0.2897765741367637, 0.28165199729180773, 0.2904536222071767, 0.2742044685172647, 0.27149627623561273, 0.2863913337846987, 0.26675693974272174, 0.2742044685172647, 0.2694651320243737, 0.2708192281651997, 0.28842247799593773, 0.27691266079891674, 0.2843601895734597, 0.2742044685172647, 0.27217332430602575, 0.2904536222071767, 0.27826675693974273, 0.2823290453622207], "valid_accuracy_array": [0.16587677725118483, 0.22748815165876776, 0.25118483412322273, 0.27014218009478674, 0.24881516587677724, 0.26303317535545023, 0.26540284360189575, 0.3056872037914692, 0.26540284360189575, 0.28672985781990523, 0.28672985781990523, 0.2772511848341232, 0.28672985781990523, 0.2914691943127962, 0.2796208530805687, 0.2725118483412322, 0.2725118483412322, 0.2677725118483412, 0.2938388625592417, 0.2843601895734597, 0.2938388625592417, 0.2890995260663507, 0.28672985781990523, 0.2772511848341232, 0.2962085308056872, 0.26066350710900477, 0.2985781990521327, 0.28199052132701424, 0.2796208530805687, 0.28672985781990523, 0.2962085308056872, 0.3033175355450237, 0.2962085308056872, 0.28672985781990523, 0.2890995260663507, 0.2938388625592417, 0.28672985781990523, 0.2914691943127962, 0.3175355450236967, 0.3104265402843602, 0.28672985781990523, 0.3127962085308057, 0.28199052132701424, 0.28672985781990523, 0.2914691943127962, 0.2962085308056872, 0.2962085308056872, 0.2890995260663507, 0.2938388625592417, 0.3009478672985782, 0.2772511848341232, 0.2914691943127962, 0.2938388625592417, 0.2985781990521327, 0.3033175355450237, 0.2962085308056872, 0.2890995260663507, 0.3033175355450237, 0.3033175355450237], "best_epoch": 40, "total_time": 787.105712890625, "train_time_sum": 612.7809853553772, "eval_time_sum": 174.30230021476746, "accuracy": 30.0, "k1": 0.30000001192092896, "k5": 0.7599999904632568}