{"model_name": "densenet121", "train_loss_array": [2.2441152382639507, 1.1863093643714708, 0.8252183961642297, 0.6630865088894146, 0.5496936196924144, 0.4827961739689899, 0.42536621454525575, 0.39357093494125694, 0.38139503869400204, 0.3203425569637611, 0.3093349461770978, 0.29358992936971146, 0.28450152250706706, 0.2509165348014722, 0.23478582297617628, 0.24403240948854948, 0.21398689011181216, 0.202707533315379, 0.20578473596029695, 0.20398728416308246, 0.20642657625408858, 0.18015544670372294, 0.18078842027694209, 0.18221126028671406, 0.16269331938948434, 0.16107187739944814, 0.16548458906994046, 0.16085838389279639, 0.16157311918409434, 0.14512252048434804, 0.13409351038424325, 0.1361018128809125, 0.13916628270049958, 0.13105881450219822, 0.1435911218883544, 0.12839230296776435, 0.12168975804977185, 0.10744546963180653, 0.1365390349590625, 0.1272049956351579, 0.11670308658498804, 0.1176277028627507, 0.11377115570861258, 0.12523373687033243, 0.11356913174780624, 0.11068499371782702, 0.10087132106106993, 0.10907253224501032, 0.10837323267640862, 0.11084631331940922, 0.1091360409889741, 0.09300789172454065, 0.10682484491166426, 0.08686627245167007, 0.10187385578815729, 0.09015861099753616, 0.09637071908443419, 0.0968837437970903, 0.10055913144852474, 0.09008674609324137, 0.09666843577896572, 0.09496466400254375, 0.07955241569405523, 0.09038365449940504, 0.09266531085576572, 0.09407499624377139, 0.08102898765796733, 0.08616272275088281, 0.08361530830212235, 0.08435903743827512, 0.0888330269662932, 0.07021368094187132, 0.08307549061812335, 0.06878620941764452, 0.07488680854389292, 0.09518948899892259, 0.07826970469587424, 0.0797579746507991, 0.06756456953220538, 0.0680033572219292, 0.07238262382789326, 0.07491871157437865, 0.06902213880859098, 0.0776839085483196, 0.07142224163573661, 0.07240413644110825, 0.07223023740813066, 0.07101098433188645, 0.07608999026789202, 0.07230566464460372, 0.0678914479732251, 0.08317735681995074, 0.07665514385550912, 0.0702784506537237, 0.08582422290862454, 0.07821374437749669, 0.06089965779947201, 0.06545856309400148, 0.06279464092070317, 0.07400571169128632, 0.07473863153822452, 0.061978814412178264, 0.050787205012425646, 0.057667564067260674, 0.07108227479931777, 0.05721962120643764, 0.06888879392139699, 0.063004933622998, 0.06017314068362692, 0.057520602779940894, 0.06572175147446956, 0.06870360793161207, 0.06184384586149543], "valid_loss_array": [1.4576603258955536, 0.9239480215791277, 0.6460424677173108, 0.5999461456215213, 0.518718149636594, 0.44248520229806265, 0.3859984448347329, 0.34637129650190823, 0.34079971028518335, 0.3166749551715727, 0.28529912339285085, 0.2692527344441527, 0.2832807192879054, 0.2729909754759893, 0.25010413667451925, 0.27382177478188024, 0.25222849298899735, 0.24345468814480362, 0.21132174890567834, 0.24010697696181413, 0.23629375982817738, 0.20992036992507454, 0.21842480697658054, 0.20117699381839085, 0.2233008250806004, 0.19439194661480158, 0.19215150184540952, 0.22291296371920874, 0.20189349834423212, 0.20231803337851942, 0.18899943313552553, 0.1797805864593429, 0.16806258157478265, 0.16861751333532315, 0.1731276165458685, 0.1628076308251715, 0.19307058794768495, 0.1795516996004429, 0.19443479666576866, 0.13039694414542347, 0.17313683696315454, 0.21377856661764225, 0.20769782526080907, 0.15598512469940948, 0.15560771692294564, 0.1770587812631192, 0.18768901567711932, 0.18380590186452148, 0.22589876147657986, 0.1447010240741008, 0.20858420582846943, 0.16074315543971754, 0.15467565441633777, 0.16914544844051724, 0.1601103151755593, 0.1845315588056179, 0.2052695767918681, 0.2117046703055106, 0.15267026096914002, 0.1505260311676216, 0.1666357129474581, 0.18198292305713995, 0.1411892920016282, 0.1501221583584562, 0.15772761630399176, 0.21854816771914667, 0.1358055744178911, 0.20259520716791954, 0.14781629512939212, 0.18136683644457074, 0.18328779135109036, 0.17211248708943855, 0.11357158358200284, 0.12939315070331675, 0.15077879284519216, 0.1738175317190653, 0.11433429640960015, 0.15587727704650384, 0.13449305998160332, 0.1489133713505205, 0.18896664042611053, 0.17901523727933286, 0.14029830685014005, 0.1850182768255384, 0.14562659287537533, 0.17719370931117565, 0.1753548383355264, 0.15829172571539896, 0.1591485758704168, 0.15176827036780477, 0.13167588901788368, 0.1777263716286494, 0.17685097498516883, 0.1939894954597768, 0.1556794800281401, 0.12451782307909516, 0.16017601526904815, 0.14870068925249522, 0.11865354648910346, 0.2146794691293012, 0.1478667736971343, 0.1765260512950103, 0.13961343437029997, 0.17446742390270348, 0.21284059440400788, 0.16218791185255702, 0.1380053180690868, 0.1296455195764894, 0.13690517286623796, 0.1898437235646632, 0.21171041665269366, 0.19687991329769786, 0.18330773121513785], "train_accuracy_array": [0.4109681787406906, 0.7345971563981043, 0.8314150304671631, 0.8612051455653351, 0.8747461069735951, 0.8916723087339201, 0.9052132701421801, 0.9092755585646581, 0.9025050778605281, 0.926878808395396, 0.926201760324983, 0.932972241029113, 0.9289099526066351, 0.9417738659444821, 0.9451591062965471, 0.9383886255924171, 0.9519295870006771, 0.9580230196343941, 0.9587000677048071, 0.9519295870006771, 0.9451591062965471, 0.95937711577522, 0.9546377792823291, 0.9587000677048071, 0.964116452268111, 0.9647935003385241, 0.955991875423155, 0.9620853080568721, 0.960731211916046, 0.9620853080568721, 0.973595125253893, 0.968855788761002, 0.9620853080568721, 0.968855788761002, 0.960731211916046, 0.9681787406905891, 0.970209884901828, 0.977657413676371, 0.9614082599864591, 0.962762356127285, 0.973595125253893, 0.970209884901828, 0.97291807718348, 0.957345971563981, 0.976303317535545, 0.9715639810426541, 0.9715639810426541, 0.968855788761002, 0.969532836831415, 0.968855788761002, 0.967501692620176, 0.9817197020988491, 0.96614759647935, 0.97968855788761, 0.973595125253893, 0.975626269465132, 0.9749492213947191, 0.973595125253893, 0.97291807718348, 0.974272173324306, 0.970209884901828, 0.974272173324306, 0.983750846310088, 0.9783344617467841, 0.9749492213947191, 0.969532836831415, 0.981042654028436, 0.97291807718348, 0.9715639810426541, 0.977657413676371, 0.97291807718348, 0.9851049424509141, 0.976980365605958, 0.982396750169262, 0.982396750169262, 0.970886932972241, 0.97968855788761, 0.979011509817197, 0.9817197020988491, 0.982396750169262, 0.97968855788761, 0.976980365605958, 0.979011509817197, 0.980365605958023, 0.980365605958023, 0.982396750169262, 0.981042654028436, 0.981042654028436, 0.9817197020988491, 0.981042654028436, 0.980365605958023, 0.981042654028436, 0.976980365605958, 0.9783344617467841, 0.969532836831415, 0.975626269465132, 0.984427894380501, 0.981042654028436, 0.983073798239675, 0.975626269465132, 0.981042654028436, 0.981042654028436, 0.987136086662153, 0.983073798239675, 0.9749492213947191, 0.9851049424509141, 0.983750846310088, 0.981042654028436, 0.9817197020988491, 0.980365605958023, 0.9783344617467841, 0.979011509817197, 0.9783344617467841],