{"model_name": "densenet169", "train_loss_array": [2.0265923317978327, 0.9208973562225105, 0.6142869230130272, 0.4837116609978853, 0.4014483330898698, 0.34816469158283664, 0.30924275650635874, 0.2727660431237179, 0.24932491579569105, 0.2159278272230559, 0.2218815885085711, 0.19905590383523852, 0.17457627367351858, 0.17665472718998637, 0.17436962633235437, 0.15271805356948379, 0.1432261477623667, 0.1402333171164255, 0.11888509086845853, 0.1207481225651103, 0.12866366042496388, 0.11264189039643907, 0.11433451789189773, 0.10333304186386277, 0.1001965234720715, 0.0973508138444146, 0.09193326704854811, 0.08888901619791742, 0.08765418095086665, 0.08453983113361357, 0.08531707584272791, 0.08304974219094036, 0.08404534357015395, 0.08392277229816912, 0.07169847686749176, 0.08125534088438478, 0.08133155926204487, 0.07168875483842661, 0.08289320602478333, 0.07235022516733258, 0.07897998823499913, 0.06672687201143401, 0.07755477768328033, 0.08094195642722322, 0.06307469115427966, 0.07010650569945069, 0.06879108248199049, 0.06028461373570648, 0.05945837525203168, 0.062107608196456124, 0.05388843249491767, 0.052810315881996396, 0.055350331032173246, 0.06842128101789273, 0.06253935487848847, 0.05183756603943228, 0.051094674106155126, 0.0512336093803758, 0.04984636354016124, 0.05647649709639734, 0.05003940149607009, 0.05395263301482274, 0.039304930822054884, 0.05165876147255917, 0.04353394041931258, 0.05356760160996249, 0.04996361739973846, 0.047025388558177665, 0.04986478710268386, 0.04812037363174241, 0.041537754644987226, 0.05261234717428452, 0.04368677720384636, 0.04461508187274313, 0.04314983983700067, 0.045208470456392966, 0.03506145460345734, 0.04374396003979481, 0.03729614015282734, 0.04108048753419446, 0.037155600468336165, 0.03373809188532472, 0.04418580800410897, 0.03826672578994727, 0.043957028507091704, 0.03747221267200154, 0.03709961352718536, 0.03433607659727012, 0.03710821523099694], "valid_loss_array": [1.1190958147365335, 0.6550585260323438, 0.4940362897529421, 0.3986509463515892, 0.3768478155983568, 0.320500702089608, 0.3054775528574442, 0.272055573796774, 0.2649021075941375, 0.2368330163837044, 0.22887168658711898, 0.23422107849075896, 0.21539170591610868, 0.2609526659781334, 0.18793377905236602, 0.21429814793769783, 0.16995822489967843, 0.19353451653961887, 0.2052536307882641, 0.19073171255077231, 0.18995362391333445, 0.16771689202124473, 0.1836102373403678, 0.16179435166984937, 0.1754999012990868, 0.15887705661285828, 0.16774816500349632, 0.16176111136355673, 0.17915788302595298, 0.1627128308382927, 0.130183287212069, 0.1431656507907603, 0.1479167110193962, 0.15367782356049778, 0.16111674090026396, 0.16996989483940658, 0.18284005790030786, 0.1299838420374416, 0.14191778721861648, 0.1397842622816704, 0.1450896517183826, 0.16020680298384332, 0.15265311965480519, 0.14644795200694793, 0.1485139619717948, 0.16599676001516847, 0.18117373713879223, 0.1360894159559531, 0.15010497623489577, 0.12376342366904161, 0.13217435433789734, 0.16478083539595254, 0.17067622051296216, 0.12851108638878683, 0.1736332809826209, 0.12459404839829528, 0.17537904861802456, 0.18902047945989817, 0.15249494570903305, 0.13987925788166963, 0.13718866660166973, 0.1808011357482717, 0.12317369354809347, 0.13559750565140116, 0.17845725439382956, 0.16531380870648751, 0.1286111140967969, 0.15516400126237156, 0.08197207502597034, 0.1689417321870536, 0.1343295465850258, 0.13422050414456857, 0.1472079288479276, 0.12810014168427314, 0.15844383409414528, 0.14650911524432814, 0.13567482727751912, 0.11529652585862514, 0.11218844589410941, 0.15524503134932563, 0.1532111388776822, 0.12485938289057093, 0.15828531121910147, 0.13212879019197943, 0.12253623706248912, 0.12750979928714687, 0.20967551055960182, 0.1262152559748493, 0.13082754050968523], "train_accuracy_array": [0.5091401489505755, 0.8395396073121192, 0.8930264048747462, 0.906567366283006, 0.923493568043331, 0.9309410968178741, 0.9350033852403521, 0.942450914014895, 0.9451591062965471, 0.95937711577522, 0.9478672985781991, 0.960731211916046, 0.964116452268111, 0.9553148273527421, 0.96614759647935, 0.9681787406905891, 0.976980365605958, 0.967501692620176, 0.97968855788761, 0.972241029113067, 0.972241029113067, 0.979011509817197, 0.975626269465132, 0.980365605958023, 0.980365605958023, 0.9817197020988491, 0.9817197020988491, 0.983073798239675, 0.983750846310088, 0.983073798239675, 0.981042654028436, 0.979011509817197, 0.9817197020988491, 0.981042654028436, 0.988490182802979, 0.979011509817197, 0.9783344617467841, 0.982396750169262, 0.981042654028436, 0.9851049424509141, 0.979011509817197, 0.987136086662153, 0.981042654028436, 0.974272173324306, 0.987813134732566, 0.982396750169262, 0.97968855788761, 0.987813134732566, 0.984427894380501, 0.983073798239675, 0.987136086662153, 0.987136086662153, 0.987813134732566, 0.979011509817197, 0.983750846310088, 0.9851049424509141, 0.989844278943805, 0.987813134732566, 0.987813134732566, 0.9851049424509141, 0.985781990521327, 0.983073798239675, 0.992552471225457, 0.983750846310088, 0.991198375084631, 0.98645903859174, 0.985781990521327, 0.983750846310088, 0.984427894380501, 0.98645903859174, 0.987813134732566, 0.987136086662153, 0.989844278943805, 0.985781990521327, 0.989844278943805, 0.987136086662153, 0.989844278943805, 0.991875423155044, 0.990521327014218, 0.988490182802979, 0.99322951929587, 0.992552471225457, 0.983750846310088, 0.989844278943805, 0.991198375084631, 0.987813134732566, 0.990521327014218, 0.991875423155044, 0.991198375084631], "valid_accuracy_array": [0.7962085308056872, 0.8672985781990521, 0.909952606635071, 0.9265402843601895, 0.9123222748815166, 0.9383886255924171, 0.919431279620853, 0.9241706161137441, 0.9360189573459715, 0.9478672985781991, 0.943127962085308, 0.9265402843601895, 0.943127962085308, 0.9265402843601895, 0.9502369668246445, 0.933649289099526, 0.9454976303317536, 0.943127962085308, 0.9383886255924171, 0.9407582938388626, 0.9360189573459715, 0.9454976303317536, 0.9407582938388626, 0.9478672985781991, 0.9360189573459715, 0.9478672985781991, 0.957345971563981, 0.957345971563981, 0.943127962085308, 0.9478672985781991, 0.9644549763033176, 0.95260663507109, 0.9549763033175356, 0.9478672985781991, 0.943127962085308, 0.95260663507109, 0.9407582938388626, 0.9644549763033176, 0.9454976303317536, 0.9478672985781991, 0.9454976303317536, 0.9407582938388626, 0.9454976303317536, 0.9383886255924171, 0.9478672985781991, 0.9597156398104265, 0.9383886255924171, 0.9478672985781991, 0.9407582938388626, 0.957345971563981, 0.957345971563981, 0.9454976303317536, 0.943127962085308, 0.9644549763033176, 0.9407582938388626, 0.9478672985781991, 0.9407582938388626, 0.9312796208530806, 0.9478672985781991, 0.9502369668246445, 0.957345971563981, 0.9407582938388626, 0.9454976303317536, 0.9478672985781991, 0.9383886255924171, 0.9383886255924171, 0.943127962085308, 0.9454976303317536, 0.9715639810426541, 0.9241706161137441, 0.9478672985781991, 0.95260663507109, 0.9454976303317536, 0.95260663507109, 0.9454976303317536, 0.9478672985781991, 0.9454976303317536, 0.957345971563981, 0.9549763033175356, 0.9407582938388626, 0.943127962085308, 0.9549763033175356, 0.943127962085308, 0.957345971563981, 0.9549763033175356, 0.957345971563981, 0.9383886255924171, 0.957345971563981, 0.9597156398104265], "best_epoch": 70, "total_time": 1503.3192455768585, "train_time_sum": 1175.2781746387482, "eval_time_sum": 328.0151641368866, "accuracy": 92.5}