{"model_name": "densenet161", "train_loss_array": [2.030111484860115, 0.9330116583434165, 0.6131387451813685, 0.478009727762693, 0.38846754218649043, 0.34151779100066837, 0.29274450559307774, 0.25607823428666987, 0.23067838322817674, 0.21581255332815866, 0.21065181824167434, 0.1819402911349092, 0.1679269673155221, 0.1661994477876474, 0.15285024183348941, 0.13967927366232824, 0.13454150071035953, 0.13991055376298056, 0.1220636282597915, 0.11952753361004305, 0.10903839589668515, 0.10678249592505037, 0.09943853365604186, 0.1003597569510028, 0.10162666877864096, 0.09740721775356305, 0.09109095982783497, 0.08231106753471783, 0.08598854769583723, 0.07448192471329353, 0.08240936058917074, 0.07373181040182498, 0.07490006058944103, 0.08640722515907696, 0.07241900302040956, 0.06844696976602602, 0.06467549102071903, 0.0660585722152696, 0.07215724108373707, 0.05585406894733172, 0.059004848408049315, 0.05483011061738049, 0.05179992273762651, 0.05419490291417331, 0.057233844316244814, 0.05159663877052052, 0.04991528913744435, 0.0474767865349533, 0.04527409281896915, 0.04662638029919719, 0.05029657526104411, 0.04152677726749641, 0.0513667335302475, 0.05688549214614632, 0.04666823454165911, 0.05732940965818876, 0.048398230291686106, 0.05110402343783354, 0.04263312785811193, 0.04436559039505404, 0.03953056199603494, 0.04300060637166614, 0.037858305679294976, 0.036933500052050774, 0.03548846940857408, 0.04531508038254277, 0.04089802436243059, 0.03250897112072331, 0.03764491461623478, 0.03840241266683137, 0.038957704234737135, 0.04160768213601797, 0.04352259799111673, 0.03223175952903366, 0.03890833990067022, 0.03469551681114024, 0.045630940968850495, 0.04223223774584821, 0.036546422135823875, 0.030400212511600588, 0.030715396404253748, 0.03358390521335043, 0.04154986011106508, 0.031538140189505424, 0.03920337984359842, 0.033557816749702214, 0.03730684369562866, 0.031120806350766826], "valid_loss_array": [1.1747243715123543, 0.6958366293477786, 0.5348322100548948, 0.41862581521978875, 0.39092170726066516, 0.31185569455273343, 0.28816685652563356, 0.23569036780092953, 0.24781642268054294, 0.2281824061514642, 0.20281578960576893, 0.2146084658907488, 0.2214301128240558, 0.21801421526484016, 0.2194349334985724, 0.2187053800264806, 0.16922970373907362, 0.16677210158646388, 0.1653859557945864, 0.17595752678211266, 0.19562024683183968, 0.1305002016478805, 0.16539342426010784, 0.20969980697354998, 0.15560964810975356, 0.16781628541471835, 0.1787237988793737, 0.13884302269296622, 0.16157326594842553, 0.1821018287920839, 0.14418646908625607, 0.15675555612733014, 0.16509470149380337, 0.16063860936258076, 0.15168108243795367, 0.15726361965751762, 0.12555638079694803, 0.14375592024017, 0.170094244888326, 0.16289306942249926, 0.1301153376963325, 0.15807486436731444, 0.1173146300335631, 0.1273659970346503, 0.13766088669069146, 0.142723010228373, 0.1508887802996624, 0.12378329540033477, 0.14500936603623826, 0.1708590368965367, 0.13974681840459177, 0.12042027699068118, 0.1652801397887734, 0.16985570989831647, 0.1350134694639823, 0.14592437166279243, 0.18964231946457052, 0.18624563263155414, 0.11783227162056059, 0.12869261076753313, 0.11634198145420066, 0.13385506789641394, 0.15721066632877453, 0.13601310042690892, 0.17096610786172592, 0.16510442959506647, 0.14208404381287182, 0.0946236574068948, 0.1450818364212722, 0.1607310300454568, 0.16777114771081408, 0.09675901123185716, 0.11862907580748835, 0.12603509752079844, 0.142704315042185, 0.13162776148782587, 0.1917291458484262, 0.1867990357717455, 0.1181131812227422, 0.17294140792588628, 0.11957118766585374, 0.1361980675344501, 0.11707975076273154, 0.1343791408208309, 0.12264523297874919, 0.1059297332319462, 0.180485418256178, 0.1590758526070988], "train_accuracy_array": [0.5010155721056195, 0.8171970209884902, 0.8923493568043331, 0.9092755585646581, 0.926878808395396, 0.9478672985781991, 0.942450914014895, 0.9553148273527421, 0.9546377792823291, 0.960054163845633, 0.955991875423155, 0.96614759647935, 0.970209884901828, 0.9647935003385241, 0.970209884901828, 0.974272173324306, 0.97291807718348, 0.973595125253893, 0.97291807718348, 0.976980365605958, 0.982396750169262, 0.976303317535545, 0.983073798239675, 0.9783344617467841, 0.977657413676371, 0.9817197020988491, 0.977657413676371, 0.9851049424509141, 0.9817197020988491, 0.988490182802979, 0.984427894380501, 0.984427894380501, 0.984427894380501, 0.976303317535545, 0.9817197020988491, 0.987136086662153, 0.989167230873392, 0.987136086662153, 0.98645903859174, 0.990521327014218, 0.989844278943805, 0.989844278943805, 0.993906567366283, 0.989844278943805, 0.988490182802979, 0.987136086662153, 0.989844278943805, 0.99322951929587, 0.992552471225457, 0.991198375084631, 0.988490182802979, 0.991198375084631, 0.985781990521327, 0.982396750169262, 0.988490182802979, 0.989844278943805, 0.98645903859174, 0.988490182802979, 0.988490182802979, 0.989167230873392, 0.991198375084631, 0.990521327014218, 0.991198375084631, 0.991198375084631, 0.991875423155044, 0.989167230873392, 0.991198375084631, 0.995260663507109, 0.989844278943805, 0.990521327014218, 0.991875423155044, 0.98645903859174, 0.98645903859174, 0.993906567366283, 0.989167230873392, 0.989167230873392, 0.987813134732566, 0.9851049424509141, 0.990521327014218, 0.991875423155044, 0.995937711577522, 0.991198375084631, 0.987136086662153, 0.993906567366283, 0.988490182802979, 0.991875423155044, 0.989844278943805, 0.991198375084631], "valid_accuracy_array": [0.7772511848341233, 0.8767772511848341, 0.8981042654028436, 0.9218009478672986, 0.919431279620853, 0.9360189573459715, 0.9289099526066351, 0.943127962085308, 0.9454976303317536, 0.9478672985781991, 0.9620853080568721, 0.9620853080568721, 0.9383886255924171, 0.9383886255924171, 0.9383886255924171, 0.9312796208530806, 0.957345971563981, 0.9478672985781991, 0.9549763033175356, 0.9454976303317536, 0.9478672985781991, 0.966824644549763, 0.9502369668246445, 0.9265402843601895, 0.9478672985781991, 0.9454976303317536, 0.9312796208530806, 0.957345971563981, 0.9478672985781991, 0.9360189573459715, 0.957345971563981, 0.943127962085308, 0.9407582938388626, 0.9407582938388626, 0.9502369668246445, 0.9502369668246445, 0.9620853080568721, 0.9549763033175356, 0.9407582938388626, 0.943127962085308, 0.9502369668246445, 0.9407582938388626, 0.9644549763033176, 0.957345971563981, 0.9549763033175356, 0.9549763033175356, 0.943127962085308, 0.966824644549763, 0.957345971563981, 0.9360189573459715, 0.9597156398104265, 0.9597156398104265, 0.9454976303317536, 0.9454976303317536, 0.9549763033175356, 0.95260663507109, 0.9312796208530806, 0.9383886255924171, 0.957345971563981, 0.957345971563981, 0.9620853080568721, 0.9549763033175356, 0.9478672985781991, 0.957345971563981, 0.9312796208530806, 0.943127962085308, 0.9597156398104265, 0.976303317535545, 0.943127962085308, 0.9454976303317536, 0.9454976303317536, 0.966824644549763, 0.9644549763033176, 0.9549763033175356, 0.95260663507109, 0.9478672985781991, 0.9265402843601895, 0.943127962085308, 0.9620853080568721, 0.9478672985781991, 0.9620853080568721, 0.9597156398104265, 0.95260663507109, 0.9549763033175356, 0.95260663507109, 0.9620853080568721, 0.9383886255924171, 0.943127962085308], "best_epoch": 69, "total_time": 4394.372094869614, "train_time_sum": 3445.5790145397186, "eval_time_sum": 948.7422993183136, "accuracy": 95.5}