{"model_name": "googlenet", "train_loss_array": [2.405971893686335, 1.4968371281530217, 1.114104524971104, 0.9172198790186712, 0.8027441893062967, 0.7122384758115057, 0.6313092381710448, 0.598691695613803, 0.5547699946443536, 0.5253822734489906, 0.4926901394116693, 0.46603623577365216, 0.4798769739607176, 0.4318503860936588, 0.43823468223082995, 0.40839543742914014, 0.386630787002774, 0.38708593503155253, 0.3737422846504862, 0.3795510324458456, 0.35297227989360136, 0.36523289366113876, 0.35186996918799673, 0.3336857893052098, 0.3397371765521223, 0.3369855204484878, 0.3054072877585121, 0.31669321052916727, 0.31140122008267174, 0.3122371844569008, 0.2806571208107044, 0.29209553791851955, 0.292923928704428, 0.2854172864130565, 0.2916735059599983, 0.2954413467613361, 0.28350635090831494, 0.27994732158201807, 0.24990416845318103, 0.2739769548944468, 0.24804804764168442, 0.2814390625232123, 0.2503423037445053, 0.2579174738884295, 0.25688718428826446, 0.2504392889862377, 0.24978151184001643, 0.2384578242100972, 0.23791808488204338, 0.2496578952369451, 0.23478969039247902, 0.25397771863252955, 0.25092220142957883, 0.2384029737520476, 0.2427537402865769, 0.23498466968052115, 0.22988263011664736, 0.24473100838099449, 0.23057439254398837, 0.22069048971825544, 0.21922959901831324, 0.24997713991372103, 0.22227114794136466, 0.24679845161912564, 0.23837646880844757, 0.21800956229402474, 0.21867290181571272, 0.2454989972948705, 0.23190967311872043, 0.21194037815244438], "valid_loss_array": [1.684313630605761, 1.106162758235118, 0.8910047296099188, 0.7287042827402811, 0.634440501436803, 0.6052839634542782, 0.4887891259238618, 0.5487253038804113, 0.4836467589247283, 0.4270336248015905, 0.4162847776831044, 0.40818563244919076, 0.39831425101271173, 0.40561290021756247, 0.3710121256762771, 0.4035530033834738, 0.3549353518474723, 0.3854115131483259, 0.3483867143143975, 0.34033041895848315, 0.35030841912138516, 0.31266245874465926, 0.31727782965271395, 0.33914195672030695, 0.3200048541570727, 0.34519808333349455, 0.29255099425101166, 0.3264375105147113, 0.2944587698621208, 0.3168469857053734, 0.3367943900032631, 0.31412297303642706, 0.3041657801911729, 0.32555068372550167, 0.28718714468993284, 0.26977626372005137, 0.2899105780497546, 0.30248579559450467, 0.2568415543903107, 0.2809332946394857, 0.2408903511285217, 0.29104610903285694, 0.3061170218538899, 0.2719468527354335, 0.2822954375561662, 0.28597974547701427, 0.27904958849975847, 0.269032541503556, 0.2849328821586772, 0.21291571004554558, 0.24353488262795725, 0.3007910933822252, 0.3026210646988091, 0.2667132604037416, 0.2397059862506333, 0.25470277607017217, 0.26122714409613496, 0.26099383492040407, 0.22594132290279131, 0.31014020101860235, 0.24706189249646607, 0.29224285631665686, 0.29178241163633445, 0.2500172215756647, 0.24658358577303413, 0.2552782250524132, 0.25029284824833486, 0.27113244661363944, 0.27824547809164674, 0.2819055466255023], "train_accuracy_array": [0.37508463100880163, 0.6980365605958023, 0.7596479350033852, 0.7928232904536222, 0.8144888287068381, 0.8361543669600542, 0.8442789438050101, 0.8469871360866622, 0.8686526743398781, 0.8706838185511171, 0.8652674339878131, 0.8754231550440081, 0.8564658090724442, 0.8855788761002031, 0.8740690589031821, 0.8916723087339201, 0.8930264048747462, 0.8862559241706162, 0.9045362220717671, 0.8896411645226812, 0.9011509817197021, 0.8923493568043331, 0.8950575490859851, 0.8970886932972241, 0.9018280297901151, 0.9018280297901151, 0.9126607989167231, 0.9072444143534191, 0.9038591740013541, 0.9180771834800271, 0.913337846987136, 0.9160460392687881, 0.9092755585646581, 0.9207853757616791, 0.9038591740013541, 0.899796885578876, 0.9119837508463101, 0.9146919431279621, 0.923493568043331, 0.9119837508463101, 0.9241706161137441, 0.9085985104942451, 0.916723087339201, 0.9207853757616791, 0.926201760324983, 0.9248476641841571, 0.922816519972918, 0.9248476641841571, 0.9282329045362221, 0.9255247122545701, 0.9207853757616791, 0.919431279620853, 0.920108327691266, 0.9221394719025051, 0.9187542315504401, 0.922816519972918, 0.9289099526066351, 0.916723087339201, 0.9241706161137441, 0.9282329045362221, 0.930264048747461, 0.9119837508463101, 0.9255247122545701, 0.920108327691266, 0.919431279620853, 0.929587000677048, 0.9322951929587001, 0.919431279620853, 0.9275558564658091, 0.936357481381178], "valid_accuracy_array": [0.7180094786729858, 0.7819905213270142, 0.8270142180094787, 0.8578199052132701, 0.8459715639810427, 0.8436018957345972, 0.8909952606635071, 0.8601895734597157, 0.8625592417061612, 0.8838862559241706, 0.8815165876777251, 0.9004739336492891, 0.8886255924170616, 0.8862559241706162, 0.8909952606635071, 0.8720379146919431, 0.9028436018957346, 0.8767772511848341, 0.8981042654028436, 0.9052132701421801, 0.9028436018957346, 0.909952606635071, 0.9028436018957346, 0.8791469194312796, 0.909952606635071, 0.8909952606635071, 0.9123222748815166, 0.9004739336492891, 0.9004739336492891, 0.9123222748815166, 0.8767772511848341, 0.8933649289099526, 0.8791469194312796, 0.9004739336492891, 0.919431279620853, 0.919431279620853, 0.8981042654028436, 0.909952606635071, 0.9218009478672986, 0.9052132701421801, 0.9289099526066351, 0.8981042654028436, 0.9004739336492891, 0.9075829383886256, 0.919431279620853, 0.919431279620853, 0.909952606635071, 0.9052132701421801, 0.9123222748815166, 0.9312796208530806, 0.9241706161137441, 0.9052132701421801, 0.9146919431279621, 0.8981042654028436, 0.9075829383886256, 0.919431279620853, 0.9241706161137441, 0.9052132701421801, 0.9170616113744076, 0.9004739336492891, 0.9241706161137441, 0.8981042654028436, 0.9075829383886256, 0.9170616113744076, 0.9075829383886256, 0.9123222748815166, 0.9218009478672986, 0.9028436018957346, 0.9028436018957346, 0.9004739336492891], "best_epoch": 51, "total_time": 804.1454842090607, "train_time_sum": 626.3005118370056, "eval_time_sum": 177.8251597881317, "accuracy": 93.0}