{"model_name": "inception_v3", "train_loss_array": [2.5029072719566225, 1.5754032003451781, 1.1714459699638486, 1.001316226650592, 0.8596538848463716, 0.7806447928792816, 0.7265144589791527, 0.6724843834813737, 0.6257021797211815, 0.5886250322302532, 0.579401959538379, 0.5685181310230119, 0.5123254700778865, 0.5376226423193493, 0.5206962366441495, 0.4377089747118643, 0.46360219436960604, 0.474841147055881, 0.45900939264730095, 0.4373065620438828, 0.4341586992275739, 0.4248245871381818, 0.42835411401156565, 0.42249318497279403, 0.41005611827265354, 0.4032808828975352, 0.4132978986234946, 0.42969970685570485, 0.3492214124127668, 0.382217563562645, 0.3712879875340652, 0.4297991913359312, 0.3813352999488647, 0.35202914563158355, 0.3571309803221463, 0.38166592844693176, 0.3671563261049215, 0.36824406797448445, 0.37448472406061906, 0.36888222544679145, 0.38269002393604373, 0.35690560971229723, 0.3796404391708774, 0.3361442223261883, 0.37980435106628396, 0.35202136799218936, 0.33657316358087835, 0.32995044020841313, 0.33931900678894855, 0.36812647388202563, 0.34814090006805065, 0.34670912668603293, 0.34848968201924113, 0.3418794390754919, 0.3688580763344032, 0.381834436639306, 0.3260977010450092, 0.33020240172350335, 0.3518926954059562, 0.3320364267259493, 0.3722589763944506, 0.31970164282707725, 0.3851450498070197, 0.3498740763016948, 0.33474539417064747, 0.3461751994867945, 0.3204570623996214, 0.3460180433561613, 0.36937175907028147, 0.3545914988059326, 0.3532786634154794, 0.32354852255527117, 0.3366588420797702, 0.31298189747954996, 0.3277263998374918, 0.35284495258863985, 0.3424402447965957, 0.3434401957183249, 0.3517771010150277, 0.3416205288472818, 0.341526105979769, 0.3294830983990177, 0.3480754888836564, 0.3311995145894421, 0.2908151116961148, 0.29516946265856076, 0.32786222615392124, 0.35085180446192793, 0.3151732142220176, 0.3189587960966794, 0.34696580622958106, 0.33134847304348053, 0.3097636934846498, 0.2831893483417698, 0.34987525681264514, 0.3157953706619783, 0.3390185896738526, 0.3345470217005498, 0.3221613381287498, 0.3576974235348953, 0.3145651181727224, 0.294936641445415, 0.3196381947924821, 0.36213310527979076, 0.3361664822497881, 0.3152316415237267], "valid_loss_array": [1.801157088076334, 1.2361148375470492, 0.9487582685258151, 0.8211892800873489, 0.7024382208760881, 0.6673258571263173, 0.5568198547544072, 0.5708460266838706, 0.5488687568648731, 0.5149036894477375, 0.44619273645052976, 0.43234980614829405, 0.41797294336154844, 0.3999251204926821, 0.3621231792097408, 0.4146935422838582, 0.3882414237794718, 0.3671769406558213, 0.3787594034349749, 0.3523315816976448, 0.35498959963073096, 0.34649342087084223, 0.30795866106217507, 0.31769444599253305, 0.31074203471366263, 0.31825608961390095, 0.34722075925619117, 0.27058361003713866, 0.27440608635332914, 0.2980781798890982, 0.33712546091297224, 0.3212341902274374, 0.27975415044698104, 0.29413415542781635, 0.26112997094036844, 0.28717781056018804, 0.28638933323570903, 0.27074863314540326, 0.2699055562581496, 0.2460625370990891, 0.2836839616016189, 0.2811751047158128, 0.29446157437012094, 0.2498975540930626, 0.23221684064963277, 0.2818159242800627, 0.23188464605730574, 0.2986249803980345, 0.28323439693616886, 0.2884676693386941, 0.26090617502611396, 0.22629265151741382, 0.2564047519691394, 0.23655972293891472, 0.2637080954414267, 0.28132670178515085, 0.2135468926898676, 0.2444198072239121, 0.23557079777615894, 0.21446784673991362, 0.26935548405935417, 0.2286183121150704, 0.24890906829828335, 0.26121136944926393, 0.27116970167499727, 0.27809699585052183, 0.2646349866066781, 0.26347505912114094, 0.24825090607760641, 0.224020574674434, 0.24414619027473633, 0.19937170914846575, 0.24323330145170338, 0.23976067153480946, 0.23895655682760675, 0.255359729354698, 0.23647815224789612, 0.25999297848704017, 0.24251117204179132, 0.2706062999064041, 0.24297846132509798, 0.2510152567934986, 0.18446857695825292, 0.19325530966876242, 0.19507598887546368, 0.17542863673126652, 0.1955214929347637, 0.2020096621559977, 0.26194819791344, 0.20385636541092, 0.2596246955068826, 0.182879435066222, 0.22326675838662832, 0.23237795609610057, 0.22195611768335952, 0.231497159282902, 0.2375251468716816, 0.24055295597355794, 0.2429420341741982, 0.2498915925692608, 0.21760418488405717, 0.20835351519026216, 0.19572227628310146, 0.24441996135559127, 0.21672666649073716, 0.2857378237523244], "train_accuracy_array": [0.3209207853757617, 0.6262694651320244, 0.7359512525389302, 0.7481381178063643, 0.7880839539607312, 0.7975626269465133, 0.8199052132701422, 0.8178740690589031, 0.8300609343263372, 0.8415707515233581, 0.8381855111712931, 0.8381855111712931, 0.8551117129316181, 0.8287068381855112, 0.8429248476641842, 0.8747461069735951, 0.8666215301286392, 0.8591740013540962, 0.8605280974949221, 0.8720379146919431, 0.8706838185511171, 0.8700067704807042, 0.8679756262694651, 0.8679756262694651, 0.8713608666215301, 0.8733920108327691, 0.8700067704807042, 0.8652674339878131, 0.8970886932972241, 0.8815165876777251, 0.8862559241706162, 0.8578199052132701, 0.8862559241706162, 0.8821936357481381, 0.8821936357481381, 0.8794854434664862, 0.8727149627623562, 0.8794854434664862, 0.8774542992552471, 0.8869329722410291, 0.8706838185511171, 0.8821936357481381, 0.8700067704807042, 0.896411645226811, 0.8679756262694651, 0.8862559241706162, 0.8821936357481381, 0.8970886932972241, 0.8896411645226812, 0.8774542992552471, 0.8781313473256601, 0.8842247799593771, 0.8849018280297901, 0.8896411645226812, 0.8842247799593771, 0.8761002031144212, 0.8916723087339201, 0.8882870683818551, 0.8761002031144212, 0.8882870683818551, 0.8733920108327691, 0.896411645226811, 0.8686526743398781, 0.8761002031144212, 0.8781313473256601, 0.8835477318889641, 0.8862559241706162, 0.8937034529451591, 0.8788083953960731, 0.8788083953960731, 0.8828706838185512, 0.8923493568043331, 0.8862559241706162, 0.8930264048747462, 0.8869329722410291, 0.8842247799593771, 0.8882870683818551, 0.8754231550440081, 0.8842247799593771, 0.8828706838185512, 0.8889641164522681, 0.8943805010155721, 0.8808395396073121, 0.8862559241706162, 0.9018280297901151, 0.9045362220717671, 0.8876100203114421, 0.8788083953960731, 0.8957345971563981, 0.8916723087339201, 0.8815165876777251, 0.8849018280297901, 0.8991198375084631, 0.9025050778605281, 0.8821936357481381, 0.8957345971563981, 0.8855788761002031, 0.8855788761002031, 0.8950575490859851, 0.8903182125930941, 0.8957345971563981, 0.899796885578876, 0.8923493568043331, 0.8761002031144212, 0.8909952606635071, 0.8909952606635071],