{"model_name": "mobilenet_v2", "train_loss_array": [2.008814513077991, 0.9665383121494353, 0.6843686293893838, 0.5449221398310639, 0.4642966696759213, 0.4206875599391088, 0.3842277266160814, 0.34160887091322856, 0.33509903552972875, 0.3234371067445344, 0.295948382913461, 0.27294362697071856, 0.2514936576825021, 0.24932377861614718, 0.2524292218015254, 0.23882053603816047, 0.2213495212103276, 0.22662701781841654, 0.22215250424016708, 0.21555217652604963, 0.21825545313455966, 0.19585519672933266, 0.20422888966371824, 0.20888505943154836, 0.17481117256202647, 0.20624986592082453, 0.18725135826588324, 0.17052714914063302, 0.1773345467099162, 0.1747451877939031, 0.19462402126094178, 0.18241699080795715, 0.15823351761317367, 0.16721323632919555, 0.1699314906527323, 0.17489466651234986, 0.16591248274374104, 0.15579887672744253, 0.13466889635686868, 0.15798522807662763, 0.14102650745774978, 0.15584807250252752, 0.15469916314945967, 0.15359311242642723, 0.15803602806966532, 0.16168847346404716, 0.14083899633508723, 0.16288819434165389, 0.1439781674639793, 0.15987431909195376, 0.15155029235207196, 0.13302484808960072, 0.1379255492898485, 0.15511890503306122, 0.17519579159402332, 0.14359271965956236, 0.12093467435363829, 0.13039672389606324, 0.15929756440429083, 0.13412931130425948, 0.14267826730041142, 0.1181398411164755, 0.14312115873821135, 0.14521709577348801], "valid_loss_array": [1.1041681018627085, 0.7051727691338667, 0.5383259766686584, 0.47484919128683506, 0.44234931726732524, 0.37055600194428207, 0.37646319138733625, 0.3247879402915025, 0.331296161686675, 0.3318805768644499, 0.3419888770457145, 0.2928823013900298, 0.3151532637939669, 0.3178446001033365, 0.24993071756634633, 0.275736803782583, 0.29202325700592446, 0.2917565954101528, 0.31776304401016475, 0.2726424840594514, 0.2763229298915149, 0.240259023672367, 0.24756419988182457, 0.2434665596518683, 0.24302267661909638, 0.2510262216006569, 0.26619282844017084, 0.2668367352847548, 0.26739785071118666, 0.2854730167535963, 0.2377932768787359, 0.22615261652321506, 0.23080055562832275, 0.262288391083629, 0.2387090368387819, 0.20905343269571974, 0.2207529420539035, 0.2537856257615238, 0.1869913008088101, 0.19551490928941315, 0.21337184145412424, 0.2520235470567567, 0.20967052398450353, 0.18194958009405096, 0.2387171395796669, 0.230709772232878, 0.18631887114529555, 0.23046401845725073, 0.24523789226760265, 0.25361808072041797, 0.259692088454207, 0.22316682229539028, 0.20676281168959545, 0.3012737423432899, 0.19862339848531135, 0.2434256889560658, 0.20149139438098423, 0.25575887930891783, 0.24908610258020528, 0.22889399627342646, 0.22223207058955505, 0.2154655876819953, 0.2872208554744036, 0.252042881599444], "train_accuracy_array": [0.4752877454299255, 0.7887610020311442, 0.8436018957345972, 0.8693297224102912, 0.8916723087339201, 0.8984427894380501, 0.9045362220717671, 0.9119837508463101, 0.9106296547054841, 0.9113067027758971, 0.920108327691266, 0.9248476641841571, 0.942450914014895, 0.9255247122545701, 0.9241706161137441, 0.9322951929587001, 0.9383886255924171, 0.9343263371699391, 0.9377115775220041, 0.933649289099526, 0.9390656736628301, 0.942450914014895, 0.9350033852403521, 0.9383886255924171, 0.949898442789438, 0.9383886255924171, 0.9390656736628301, 0.9485443466486121, 0.9485443466486121, 0.946513202437373, 0.940419769803656, 0.9383886255924171, 0.95260663507109, 0.94583615436696, 0.950575490859851, 0.943805010155721, 0.943127962085308, 0.953960731211916, 0.960731211916046, 0.950575490859851, 0.950575490859851, 0.950575490859851, 0.95260663507109, 0.9519295870006771, 0.946513202437373, 0.939742721733243, 0.9553148273527421, 0.9451591062965471, 0.955991875423155, 0.9444820582261341, 0.953283683141503, 0.95937711577522, 0.9519295870006771, 0.9478672985781991, 0.936357481381178, 0.9485443466486121, 0.955991875423155, 0.9546377792823291, 0.9485443466486121, 0.9553148273527421, 0.95260663507109, 0.9553148273527421, 0.953283683141503, 0.949221394719025], "valid_accuracy_array": [0.7701421800947867, 0.8530805687203792, 0.8744075829383886, 0.8815165876777251, 0.8909952606635071, 0.9052132701421801, 0.8838862559241706, 0.909952606635071, 0.8886255924170616, 0.9146919431279621, 0.8957345971563981, 0.9265402843601895, 0.9123222748815166, 0.9170616113744076, 0.9218009478672986, 0.919431279620853, 0.9004739336492891, 0.9170616113744076, 0.9004739336492891, 0.919431279620853, 0.9028436018957346, 0.9170616113744076, 0.909952606635071, 0.933649289099526, 0.933649289099526, 0.909952606635071, 0.9028436018957346, 0.9123222748815166, 0.919431279620853, 0.9146919431279621, 0.9265402843601895, 0.9289099526066351, 0.9170616113744076, 0.9218009478672986, 0.919431279620853, 0.933649289099526, 0.933649289099526, 0.9170616113744076, 0.9502369668246445, 0.9383886255924171, 0.9360189573459715, 0.919431279620853, 0.9265402843601895, 0.9265402843601895, 0.9146919431279621, 0.9289099526066351, 0.9383886255924171, 0.9265402843601895, 0.909952606635071, 0.9075829383886256, 0.9265402843601895, 0.9218009478672986, 0.9383886255924171, 0.909952606635071, 0.943127962085308, 0.933649289099526, 0.9360189573459715, 0.9265402843601895, 0.9289099526066351, 0.9289099526066351, 0.933649289099526, 0.933649289099526, 0.9170616113744076, 0.9218009478672986], "best_epoch": 45, "total_time": 758.5255422592163, "train_time_sum": 593.7505514621735, "eval_time_sum": 164.7590775489807, "accuracy": 94.0, "k1": 0.9399999976158142, "k5": 1.0}