{"model_name": "mobilenet_v2", "train_loss_array": [2.0854151456357664, 0.9714862699434413, 0.7016925109990481, 0.5616727447138498, 0.4682716171363761, 0.4141723858034925, 0.38033526544645174, 0.36106456994768243, 0.328826191018543, 0.3125955626297901, 0.2887405540463726, 0.2938725279849691, 0.30863655110872834, 0.2596345157460256, 0.24010727847639418, 0.23494575864250142, 0.2392678278963067, 0.24039654637521074, 0.21498143666889835, 0.21166593537551773, 0.21970147560315917, 0.23608831264275348, 0.23623059297544213, 0.20599249282255314, 0.20129869546370482, 0.210937204741108, 0.20435097787879816, 0.18980152871694286, 0.1728468369906951, 0.16321040038208584, 0.18206811877889414, 0.17717610199203665, 0.1752451699058107, 0.15669214613760898, 0.16319766836385916, 0.17770793675851726, 0.16181035868989993, 0.1746193463627196, 0.15261941685132588, 0.17281303944453325, 0.1533874974421496, 0.1564477498383944, 0.17112549448848657, 0.14114978357635, 0.14752097832405978, 0.1624525573656982, 0.13576315522960658, 0.1499401247879199, 0.14621148711434875, 0.1427121760478759, 0.12914577465991192, 0.13607426058089886, 0.15398261527617235, 0.1291186112958431, 0.13953815922695958, 0.1477255401546457, 0.15407958225717236, 0.1448865130230956, 0.13793174489026103, 0.12960592130944384, 0.14930255934545617, 0.13987864810688397, 0.15631208517610745, 0.12769770649240964, 0.12610741323597865, 0.1365712566519397, 0.1469066380349744, 0.11095413012517087, 0.13326888075684806, 0.14652481637819442, 0.12405402205894546, 0.119327679787212, 0.15494488702788092, 0.1338183759694658], "valid_loss_array": [1.120390923667293, 0.6911015668751505, 0.524647437848186, 0.391905977968921, 0.39885247940135793, 0.3600155749309684, 0.32112691851588787, 0.31885911022882324, 0.31865272526209953, 0.28576842021038185, 0.2475993194710022, 0.262309920731314, 0.2652770339453955, 0.27640740269733266, 0.22947333357627922, 0.2801424842592664, 0.22492883123139634, 0.2079940526194482, 0.24322193889256338, 0.20562432992373597, 0.24423519396598306, 0.1868936732693871, 0.20778380313190803, 0.21414148362609448, 0.24997951863642554, 0.22862092225472508, 0.21099264051111954, 0.18480686227221624, 0.23489021704095234, 0.23044803484356233, 0.21075359979088273, 0.22149373742782674, 0.19095614697272179, 0.2104811140852517, 0.21224334428166325, 0.18228861382363531, 0.21486017450478404, 0.25399882367578164, 0.22171300707905778, 0.2056593463107308, 0.19861869937718196, 0.17465544827458981, 0.21339863175040738, 0.2088858835394737, 0.20997961302468846, 0.2182368364061507, 0.21976078079210074, 0.17344826636438687, 0.23952142996669382, 0.19325220886776798, 0.21432052429112214, 0.17847722652257902, 0.21032567500573765, 0.15018318210379772, 0.22175657071208502, 0.21372727234516806, 0.21622440909251783, 0.20111803044851922, 0.23403858464052327, 0.19082255403718676, 0.21993118254423707, 0.22131007364222788, 0.1714077200652299, 0.2602958298725257, 0.18308617568340912, 0.1647860914980772, 0.16965083424796426, 0.2214076097975198, 0.20531911575963713, 0.18299211333925125, 0.20401846873022228, 0.21812922927061035, 0.17460855590929916, 0.19027751941074975], "train_accuracy_array": [0.46242383209207855, 0.7860528097494922, 0.8496953283683142, 0.8679756262694651, 0.8835477318889641, 0.8937034529451591, 0.8991198375084631, 0.8937034529451591, 0.9058903182125931, 0.9180771834800271, 0.9221394719025051, 0.926201760324983, 0.9092755585646581, 0.9187542315504401, 0.9383886255924171, 0.9350033852403521, 0.9282329045362221, 0.919431279620853, 0.9350033852403521, 0.9390656736628301, 0.937034529451591, 0.9248476641841571, 0.9248476641841571, 0.939742721733243, 0.936357481381178, 0.929587000677048, 0.9356804333107651, 0.9417738659444821, 0.942450914014895, 0.9478672985781991, 0.9444820582261341, 0.943805010155721, 0.949898442789438, 0.953960731211916, 0.953283683141503, 0.9410968178740691, 0.947190250507786, 0.9410968178740691, 0.95260663507109, 0.9512525389302641, 0.953283683141503, 0.950575490859851, 0.9410968178740691, 0.9546377792823291, 0.949898442789438, 0.9478672985781991, 0.9512525389302641, 0.946513202437373, 0.947190250507786, 0.9519295870006771, 0.960731211916046, 0.9587000677048071, 0.949898442789438, 0.960054163845633, 0.9553148273527421, 0.95260663507109, 0.946513202437373, 0.9519295870006771, 0.9546377792823291, 0.957345971563981, 0.9485443466486121, 0.949898442789438, 0.9444820582261341, 0.9580230196343941, 0.9620853080568721, 0.9614082599864591, 0.947190250507786, 0.9647935003385241, 0.953283683141503, 0.9478672985781991, 0.962762356127285, 0.9647935003385241, 0.942450914014895, 0.953960731211916], "valid_accuracy_array": [0.8056872037914692, 0.8436018957345972, 0.8981042654028436, 0.909952606635071, 0.9028436018957346, 0.9052132701421801, 0.9146919431279621, 0.9075829383886256, 0.9075829383886256, 0.933649289099526, 0.9360189573459715, 0.909952606635071, 0.919431279620853, 0.9028436018957346, 0.9360189573459715, 0.9052132701421801, 0.9170616113744076, 0.9360189573459715, 0.9218009478672986, 0.933649289099526, 0.9265402843601895, 0.933649289099526, 0.9312796208530806, 0.943127962085308, 0.9218009478672986, 0.9312796208530806, 0.9265402843601895, 0.95260663507109, 0.9312796208530806, 0.9146919431279621, 0.9407582938388626, 0.9289099526066351, 0.9312796208530806, 0.9241706161137441, 0.9312796208530806, 0.9454976303317536, 0.9241706161137441, 0.9052132701421801, 0.919431279620853, 0.9241706161137441, 0.919431279620853, 0.9407582938388626, 0.9289099526066351, 0.919431279620853, 0.9312796208530806, 0.9265402843601895, 0.9360189573459715, 0.9502369668246445, 0.9289099526066351, 0.9407582938388626, 0.9289099526066351, 0.943127962085308, 0.9241706161137441, 0.943127962085308, 0.9265402843601895, 0.9289099526066351, 0.9265402843601895, 0.9289099526066351, 0.9170616113744076, 0.9383886255924171, 0.9146919431279621, 0.9312796208530806, 0.9502369668246445, 0.9265402843601895, 0.9454976303317536, 0.9360189573459715, 0.9383886255924171, 0.9241706161137441, 0.9478672985781991, 0.9289099526066351, 0.9312796208530806, 0.9312796208530806, 0.9454976303317536, 0.9407582938388626], "best_epoch": 55, "total_time": 871.8865220546722, "train_time_sum": 683.478098154068, "eval_time_sum": 188.3908462524414, "accuracy": 89.5, "k1": 0.8949999809265137, "k5": 1.0}