{"model_name": "mobilenet_v2", "train_loss_array": [1.987455396290639, 0.9487509130220924, 0.6784675501857, 0.5690097035026744, 0.4670825947275336, 0.42415150578310945, 0.3988924114261839, 0.3739480908528808, 0.3359750433192515, 0.3268095559781681, 0.3030182170601576, 0.2968877863262502, 0.27131098198099723, 0.26147890916206423, 0.2668418873885877, 0.2616987577264343, 0.2391735762256824, 0.24090685282273316, 0.2480508873621273, 0.2328101607820192, 0.20042774667389585, 0.21648328299347258, 0.20318824089130358, 0.19588736700462828, 0.20335389562733042, 0.19390897152184955, 0.1856165705557683, 0.20085456353954634, 0.19264089450815197, 0.17701481980856157, 0.17291571389058996, 0.1677383207763339, 0.1838063812772406, 0.17417871276107122, 0.1854539038405357, 0.17058897874467505, 0.15796383454911436, 0.17509545351535627, 0.15803222016216373, 0.17088375330354688, 0.16275900006596913, 0.16313817204255548, 0.15049995846678135, 0.1338993734355383, 0.14338324242949324, 0.15329485022656483, 0.15966449346905354, 0.14698405220307606, 0.15804676222000158, 0.12963181110092653, 0.15472327632805585, 0.1586033086631051, 0.14839137375062192, 0.14525301425579681, 0.15291391350215422, 0.1367710774957367, 0.14619495344872238, 0.14688622235202595, 0.1429665787151801, 0.1383445612385052, 0.13684670195316412, 0.15502149946407523, 0.1555522773023909, 0.13907944257689556, 0.14782330859893872, 0.13325781008189566, 0.1352235233245989, 0.13270349719876282, 0.1364058322836276, 0.1519780519343383, 0.15107989837097088, 0.16327358471051856, 0.13013174318750725], "valid_loss_array": [1.1299736878318245, 0.7516161600277887, 0.558620905847911, 0.48004767326947073, 0.41767148811246546, 0.38617671254616215, 0.3781571318329228, 0.37893181488412253, 0.2977072576246273, 0.3333931002871826, 0.3002097411919827, 0.30557710541438715, 0.27665365070669573, 0.27159413528491816, 0.27784988096963736, 0.25536684131788273, 0.24818579870677815, 0.27241669341003727, 0.25218202350484603, 0.22029655103646748, 0.24443813832145697, 0.2864510867390473, 0.221964315074315, 0.25002195890573564, 0.2299204218602448, 0.23553959745858571, 0.23500245145932547, 0.26870196655732514, 0.2671536993648045, 0.2579771702583897, 0.2045024128941658, 0.24699708486695318, 0.25676655937074483, 0.21348222677035356, 0.2224694101969707, 0.2063524234881051, 0.22828122036381496, 0.1851274160065763, 0.21875599492782666, 0.19701285767854496, 0.21073072406759052, 0.2043025629005673, 0.23219028474339307, 0.21513089216733572, 0.22706702916156854, 0.19522826575841842, 0.19694806977067036, 0.18925690801203984, 0.23153767835153533, 0.20910940476212103, 0.23166647306323424, 0.21364452770383702, 0.16952990876980814, 0.22624693779104887, 0.20451929731648932, 0.23104965706922498, 0.2223413552210547, 0.2456391260129404, 0.22417860733283357, 0.2144185001819816, 0.20185391655990687, 0.22279644128425108, 0.2341563351178485, 0.2108345435604619, 0.25271497754299005, 0.24984318397757685, 0.21502436499635638, 0.21518462557868462, 0.18014701679668949, 0.19244542879811644, 0.2642420762572436, 0.200511691082568, 0.21005879385370355], "train_accuracy_array": [0.4752877454299255, 0.7941773865944483, 0.8483412322274881, 0.8598510494245092, 0.8930264048747462, 0.8930264048747462, 0.8970886932972241, 0.8977657413676371, 0.903182125930941, 0.9119837508463101, 0.9113067027758971, 0.9174001354096141, 0.9255247122545701, 0.9309410968178741, 0.9255247122545701, 0.919431279620853, 0.9180771834800271, 0.9343263371699391, 0.9275558564658091, 0.9241706161137441, 0.943805010155721, 0.937034529451591, 0.940419769803656, 0.9417738659444821, 0.940419769803656, 0.9451591062965471, 0.943127962085308, 0.9356804333107651, 0.9410968178740691, 0.946513202437373, 0.95260663507109, 0.940419769803656, 0.9512525389302641, 0.950575490859851, 0.9343263371699391, 0.9444820582261341, 0.949898442789438, 0.9383886255924171, 0.9417738659444821, 0.940419769803656, 0.940419769803656, 0.9485443466486121, 0.946513202437373, 0.95937711577522, 0.9587000677048071, 0.9512525389302641, 0.9485443466486121, 0.953960731211916, 0.94583615436696, 0.9580230196343941, 0.943127962085308, 0.9444820582261341, 0.9451591062965471, 0.9519295870006771, 0.94583615436696, 0.9553148273527421, 0.9512525389302641, 0.949898442789438, 0.9512525389302641, 0.953283683141503, 0.9519295870006771, 0.946513202437373, 0.9417738659444821, 0.955991875423155, 0.950575490859851, 0.9546377792823291, 0.956668923493568, 0.953283683141503, 0.953283683141503, 0.94583615436696, 0.9478672985781991, 0.939742721733243, 0.9553148273527421], "valid_accuracy_array": [0.7796208530805687, 0.8317535545023697, 0.8767772511848341, 0.8744075829383886, 0.8981042654028436, 0.9052132701421801, 0.8909952606635071, 0.8933649289099526, 0.9123222748815166, 0.9075829383886256, 0.9218009478672986, 0.9123222748815166, 0.9004739336492891, 0.9123222748815166, 0.8886255924170616, 0.9265402843601895, 0.9123222748815166, 0.9028436018957346, 0.9265402843601895, 0.919431279620853, 0.9170616113744076, 0.9075829383886256, 0.9146919431279621, 0.9241706161137441, 0.9265402843601895, 0.9075829383886256, 0.919431279620853, 0.919431279620853, 0.909952606635071, 0.9218009478672986, 0.9289099526066351, 0.9170616113744076, 0.909952606635071, 0.9241706161137441, 0.9265402843601895, 0.9383886255924171, 0.9312796208530806, 0.9383886255924171, 0.9170616113744076, 0.9170616113744076, 0.9265402843601895, 0.9265402843601895, 0.9170616113744076, 0.9218009478672986, 0.919431279620853, 0.9218009478672986, 0.9478672985781991, 0.9289099526066351, 0.9123222748815166, 0.9265402843601895, 0.9052132701421801, 0.9265402843601895, 0.933649289099526, 0.9218009478672986, 0.9289099526066351, 0.9265402843601895, 0.9265402843601895, 0.9265402843601895, 0.9170616113744076, 0.9312796208530806, 0.9383886255924171, 0.919431279620853, 0.919431279620853, 0.9383886255924171, 0.919431279620853, 0.919431279620853, 0.919431279620853, 0.9289099526066351, 0.9383886255924171, 0.9312796208530806, 0.9146919431279621, 0.9360189573459715, 0.9289099526066351], "best_epoch": 54, "total_time": 858.3188345432281, "train_time_sum": 672.5881354808807, "eval_time_sum": 185.71238613128662, "accuracy": 95.5, "k1": 0.9550000429153442, "k5": 1.0}