{"model_name": "resnet34", "train_loss_array": [2.340375484125632, 1.2914330444387592, 0.9168005713596487, 0.7306941043870547, 0.6285118191082412, 0.558262359656106, 0.49794773758466615, 0.4623561200453126, 0.4377845708752453, 0.4015185235316639, 0.3690021652665264, 0.332911005456785, 0.3245967476853827, 0.31962280668515003, 0.312950997677056, 0.30222460283527686, 0.28499159610344094, 0.2929497649622028, 0.26193800886377905, 0.26676100743688597, 0.24126514241593708, 0.24046161840433355, 0.2521962683670571, 0.2365185618804126, 0.2226361860253154, 0.22267079377545645, 0.21194375149486996, 0.2112279775764947, 0.20979256239910746, 0.20228554397195922, 0.20922088036887454, 0.2093831902835203, 0.21699590873056437, 0.17541229441388684, 0.20765939513290743, 0.19189713608798903, 0.18593635665821562, 0.17983503496437034, 0.1843256731451405, 0.18679293008494716, 0.16653556050827314, 0.18041744917510083, 0.1773974945013315, 0.1778095775941537, 0.17943043378796542, 0.16484919836090156, 0.1772772154304815, 0.1532261430632043, 0.15580805472288087, 0.17260561180260026, 0.16875055292085286, 0.17172244687034377, 0.16735517529212066, 0.150970375262448, 0.14943683075295483, 0.1559405970660189, 0.13117812908858, 0.1482642333432477, 0.159768450962343, 0.1419436195707636, 0.16052991557883992, 0.14534863392515365, 0.1460438379381021, 0.13134842448708328, 0.14574622616837699, 0.14074938502679746, 0.15133806752367607, 0.12915556341379417, 0.1308559895913667], "valid_loss_array": [1.4828620714033949, 0.9229241428782025, 0.7305327953320544, 0.5878225364391273, 0.5452438491215638, 0.42448778711789026, 0.41530084454617794, 0.383175429609997, 0.3577807845803799, 0.364380379423711, 0.3378006763650343, 0.3287185678761717, 0.3048967238122783, 0.34139180960248433, 0.3202339161664106, 0.2610208309405611, 0.27676836037522806, 0.3213034878833599, 0.31372171089547507, 0.27188938725474887, 0.2881859073071118, 0.2975733895362377, 0.2757519759520253, 0.28546686570702995, 0.28732136632558575, 0.2861112857687671, 0.28583276167211796, 0.26289497731668404, 0.2643504068431978, 0.28760664376057243, 0.2661016182135349, 0.28182771434274756, 0.23724784868023407, 0.2210921586005092, 0.2584322942768431, 0.24511662924935892, 0.2761660472079405, 0.24001617082207072, 0.2576718174486081, 0.23869229332539496, 0.22533727649784696, 0.2554453650039237, 0.24933210409012452, 0.22069407996867224, 0.2034067173700303, 0.2511369690864007, 0.21038946705336253, 0.2237154647566696, 0.18504038397653108, 0.2296870606101749, 0.21344415681057066, 0.22617710390573995, 0.25928177349644566, 0.21507572211210407, 0.2217937975336237, 0.24835910026278674, 0.24936271283634326, 0.23037101045114064, 0.24790685632546383, 0.20875563024503502, 0.21946672038108958, 0.2417583995966585, 0.21107153476644042, 0.23194039250741674, 0.20289510388536405, 0.31365677558538896, 0.23120291319221117, 0.22837871657154785, 0.2430658173853293], "train_accuracy_array": [0.36831415030467163, 0.7169939065673663, 0.7995937711577522, 0.8496953283683142, 0.8544346648612051, 0.8720379146919431, 0.8876100203114421, 0.8855788761002031, 0.8896411645226812, 0.9038591740013541, 0.9119837508463101, 0.9085985104942451, 0.920108327691266, 0.919431279620853, 0.9289099526066351, 0.920108327691266, 0.926878808395396, 0.9248476641841571, 0.9316181448882871, 0.9282329045362221, 0.9410968178740691, 0.9316181448882871, 0.9187542315504401, 0.937034529451591, 0.939742721733243, 0.9377115775220041, 0.9478672985781991, 0.9417738659444821, 0.9356804333107651, 0.9485443466486121, 0.9350033852403521, 0.933649289099526, 0.9390656736628301, 0.953283683141503, 0.9356804333107651, 0.9444820582261341, 0.943805010155721, 0.949898442789438, 0.943805010155721, 0.9417738659444821, 0.960054163845633, 0.953283683141503, 0.949898442789438, 0.942450914014895, 0.939742721733243, 0.9519295870006771, 0.9417738659444821, 0.9546377792823291, 0.9485443466486121, 0.9519295870006771, 0.949221394719025, 0.949221394719025, 0.943805010155721, 0.9512525389302641, 0.953283683141503, 0.947190250507786, 0.963439404197698, 0.950575490859851, 0.949898442789438, 0.963439404197698, 0.950575490859851, 0.949221394719025, 0.95937711577522, 0.960054163845633, 0.949898442789438, 0.9546377792823291, 0.9451591062965471, 0.960731211916046, 0.95937711577522], "valid_accuracy_array": [0.6635071090047393, 0.7985781990521327, 0.8436018957345972, 0.8744075829383886, 0.8530805687203792, 0.919431279620853, 0.8909952606635071, 0.8957345971563981, 0.9052132701421801, 0.9028436018957346, 0.9028436018957346, 0.9004739336492891, 0.9123222748815166, 0.8933649289099526, 0.9075829383886256, 0.9360189573459715, 0.9123222748815166, 0.9004739336492891, 0.8957345971563981, 0.9170616113744076, 0.9028436018957346, 0.9052132701421801, 0.9289099526066351, 0.9004739336492891, 0.909952606635071, 0.8957345971563981, 0.919431279620853, 0.9146919431279621, 0.909952606635071, 0.9004739336492891, 0.9289099526066351, 0.9123222748815166, 0.919431279620853, 0.933649289099526, 0.9028436018957346, 0.9170616113744076, 0.9052132701421801, 0.9170616113744076, 0.9218009478672986, 0.9218009478672986, 0.909952606635071, 0.9241706161137441, 0.9123222748815166, 0.9123222748815166, 0.9312796208530806, 0.9146919431279621, 0.919431279620853, 0.9170616113744076, 0.9407582938388626, 0.919431279620853, 0.9312796208530806, 0.9123222748815166, 0.9123222748815166, 0.9312796208530806, 0.9218009478672986, 0.9123222748815166, 0.9123222748815166, 0.919431279620853, 0.919431279620853, 0.919431279620853, 0.9289099526066351, 0.9241706161137441, 0.933649289099526, 0.9218009478672986, 0.933649289099526, 0.8981042654028436, 0.9218009478672986, 0.9075829383886256, 0.9218009478672986], "best_epoch": 50, "total_time": 687.7110466957092, "train_time_sum": 533.9304068088531, "eval_time_sum": 153.76027297973633, "accuracy": 88.0, "k1": 0.8800000548362732, "k5": 1.0}