{"model_name": "resnet34", "train_loss_array": [2.335660492639406, 1.290972696822805, 0.9079160568434884, 0.7361640873678488, 0.6197768967137114, 0.5424253177868812, 0.5057023903689194, 0.4584574033137343, 0.42531219941987003, 0.4063226719441734, 0.3838266441365231, 0.3585494738942316, 0.34353967355003046, 0.30476866655440127, 0.31696059357579204, 0.28525736675766084, 0.2741192908769697, 0.2752755810743098, 0.2800338463397468, 0.25090693103839357, 0.2540090520113969, 0.2629702944931503, 0.23055737944333715, 0.2395691658769335, 0.2443894736857211, 0.19666156799267012, 0.22994191421494745, 0.21770788750377312, 0.21094699975761433, 0.22036075310563427, 0.20982104484382802, 0.2159481420255466, 0.2136457872677269, 0.20538926959925596, 0.20683489450346237, 0.1928383782657321, 0.19046121851850703, 0.19622619403683825, 0.1891523293025928, 0.1730832820436643, 0.1986227761310908, 0.17363107155506563, 0.18443484041403496, 0.1699625969477901, 0.16671574814907184, 0.17968153310895532, 0.16866640413662995, 0.17449933071554555, 0.18221593395470767, 0.1965033021139469, 0.16610073790044985, 0.14633130668060312, 0.18039550706391086, 0.1500172903288355, 0.1528000330341855, 0.17438962998608923, 0.15551494304078128, 0.16638990397802783, 0.14713437740231336, 0.17483757642087053, 0.16019893601062576, 0.16875911032378713, 0.14973492359461296, 0.1551720202978027, 0.14157404042729954, 0.14698005510026244, 0.14531001969717933, 0.14542521421842342, 0.13096049361904488, 0.13458686465739236], "valid_loss_array": [1.5789355694965164, 1.0525446542631394, 0.7682752439761049, 0.6342426304709855, 0.6113190307718883, 0.535298237126868, 0.48879618476634906, 0.4579203870341676, 0.42190007162743837, 0.45961612124013673, 0.42312111878564573, 0.3728151089419121, 0.37022673501081377, 0.3800535147647722, 0.35053918941467294, 0.36229058433218164, 0.3490313520275445, 0.3123414265036018, 0.35194137879598764, 0.3258466608822346, 0.3318237214750871, 0.30419611876115416, 0.3381463689023355, 0.2917345642902275, 0.3347760661377161, 0.2800351103052709, 0.28840206725019696, 0.3001783414262731, 0.310431573281762, 0.30515201931810493, 0.29355468041974153, 0.27102074916011065, 0.3092038630468162, 0.2812781436744, 0.31145333074986653, 0.3006683484567285, 0.2830078910089482, 0.27974804024702, 0.32350474114031025, 0.32708641410677286, 0.2660750934580491, 0.28924174443928974, 0.24396154133082143, 0.25309519544773473, 0.281360330909239, 0.24754786881137092, 0.30747082400228387, 0.2978005841665711, 0.28782732988668, 0.22230889356884911, 0.251093826684836, 0.2821599863805053, 0.26439524014255306, 0.23573999903142734, 0.27713488957787297, 0.3052224347773957, 0.2828547955088988, 0.2913832005943167, 0.2466931192742846, 0.258873598193816, 0.25164287232559934, 0.27930512394914975, 0.2882627382989249, 0.26978308765407455, 0.25812579271680414, 0.30740552785766634, 0.22384074021801706, 0.3210005907185146, 0.2481251075925632, 0.2725699862059188], "train_accuracy_array": [0.37237643872714965, 0.6885578876100203, 0.8165199729180772, 0.8300609343263372, 0.8584969532836831, 0.8720379146919431, 0.8849018280297901, 0.8903182125930941, 0.903182125930941, 0.8943805010155721, 0.8930264048747462, 0.9085985104942451, 0.9045362220717671, 0.9289099526066351, 0.9146919431279621, 0.920108327691266, 0.923493568043331, 0.9343263371699391, 0.9174001354096141, 0.9350033852403521, 0.926878808395396, 0.923493568043331, 0.932972241029113, 0.930264048747461, 0.9282329045362221, 0.9451591062965471, 0.9350033852403521, 0.929587000677048, 0.94583615436696, 0.9383886255924171, 0.942450914014895, 0.9316181448882871, 0.9377115775220041, 0.9417738659444821, 0.939742721733243, 0.94583615436696, 0.946513202437373, 0.950575490859851, 0.947190250507786, 0.9485443466486121, 0.9383886255924171, 0.947190250507786, 0.937034529451591, 0.9485443466486121, 0.95260663507109, 0.942450914014895, 0.950575490859851, 0.943805010155721, 0.943805010155721, 0.9383886255924171, 0.949898442789438, 0.9546377792823291, 0.9410968178740691, 0.9519295870006771, 0.957345971563981, 0.943805010155721, 0.953283683141503, 0.949221394719025, 0.9614082599864591, 0.94583615436696, 0.95260663507109, 0.939742721733243, 0.95260663507109, 0.957345971563981, 0.95937711577522, 0.9546377792823291, 0.9546377792823291, 0.9546377792823291, 0.960054163845633, 0.949221394719025], "valid_accuracy_array": [0.6421800947867299, 0.7677725118483413, 0.8293838862559242, 0.8483412322274881, 0.8436018957345972, 0.8649289099526066, 0.8649289099526066, 0.8886255924170616, 0.8886255924170616, 0.8696682464454977, 0.8886255924170616, 0.8886255924170616, 0.8720379146919431, 0.8838862559241706, 0.8815165876777251, 0.8981042654028436, 0.9028436018957346, 0.9028436018957346, 0.8720379146919431, 0.9028436018957346, 0.8767772511848341, 0.8815165876777251, 0.8720379146919431, 0.9075829383886256, 0.9004739336492891, 0.909952606635071, 0.9146919431279621, 0.9052132701421801, 0.8957345971563981, 0.9004739336492891, 0.9004739336492891, 0.9052132701421801, 0.8909952606635071, 0.909952606635071, 0.8981042654028436, 0.8981042654028436, 0.8981042654028436, 0.9075829383886256, 0.8838862559241706, 0.9004739336492891, 0.9241706161137441, 0.9146919431279621, 0.9052132701421801, 0.909952606635071, 0.9052132701421801, 0.9218009478672986, 0.9028436018957346, 0.9052132701421801, 0.9123222748815166, 0.9218009478672986, 0.9218009478672986, 0.9146919431279621, 0.9075829383886256, 0.919431279620853, 0.9146919431279621, 0.8981042654028436, 0.9146919431279621, 0.9123222748815166, 0.9123222748815166, 0.8957345971563981, 0.9265402843601895, 0.9218009478672986, 0.9170616113744076, 0.909952606635071, 0.919431279620853, 0.9028436018957346, 0.9241706161137441, 0.8981042654028436, 0.9146919431279621, 0.9075829383886256], "best_epoch": 51, "total_time": 701.3179001808167, "train_time_sum": 545.2674074172974, "eval_time_sum": 156.03361225128174, "accuracy": 88.5, "k1": 0.8849999308586121, "k5": 0.9799999594688416}