{"model_name": "resnet50", "train_loss_array": [1.911597657139106, 0.9197989563806362, 0.657696535519514, 0.5137029305130707, 0.4323781823377474, 0.3869172831241876, 0.34969208713875644, 0.33011948745559017, 0.31093752063361874, 0.30746142089003714, 0.2762662544997867, 0.25622143902605904, 0.24173769381051138, 0.22361666530108404, 0.22198836255210755, 0.22306296457369423, 0.20990169110859902, 0.21635001329812312, 0.2041937513081464, 0.2003356701339429, 0.1946493792590372, 0.17703794810565324, 0.18328285318173182, 0.1819335198686909, 0.1815788074167661, 0.15933918595798288, 0.13074800014980112, 0.16953811050974685, 0.1521484669128946, 0.1512675420377976, 0.1468514260169454, 0.14638623929681532, 0.1400412970960907, 0.14208224048042264, 0.14991962781570695, 0.13763327179028928, 0.155283971652439, 0.14012201567739752, 0.1549284443531637, 0.1446460833723834, 0.12882059353505265, 0.12274374433376334, 0.10766243561850097, 0.11281153100139803, 0.11997446889712267, 0.11821369857816738, 0.13858286010639928, 0.12410448508724298, 0.12074792669605547, 0.10434003230297816, 0.12264307524527177, 0.1220703941638113, 0.13416553108108634, 0.13525006983910934, 0.11408986269320458, 0.12494671731914873, 0.13527644176437148, 0.11488753056043939, 0.10238672022631463, 0.09003425254590541, 0.12856944077998178, 0.10940470045259677, 0.1048762979869937, 0.09927597542570181, 0.11050059674931949, 0.10369471047192146, 0.11342914714481109, 0.08986764461225807, 0.10604711736255429, 0.11106855916861916, 0.09794625083013572, 0.08381834203855323, 0.10856802388899578, 0.10556591414646596, 0.09815570311311862, 0.10029970224348976, 0.10717475343528396, 0.10377993587386834, 0.10973888801596177, 0.11427588350995214, 0.12844938347488138, 0.08323541842211862, 0.09022087824878333, 0.08638852892144656, 0.08400617426888073, 0.07911408169872267, 0.08873520392014032, 0.10195689160217888, 0.09417026408001548, 0.07998092410696284, 0.07378127721889284, 0.12746026378551203, 0.08749644084377675, 0.10065030466296036, 0.09681088220297826, 0.07832888142220278, 0.09476178574275551, 0.0763087395141021, 0.07303359638521234, 0.0726819153289962, 0.0893456500364731, 0.0887853599272633, 0.07569774770043594, 0.0973584927623548, 0.08044028409788878, 0.08285533250785593, 0.09150684596661708], "valid_loss_array": [1.1191881208623191, 0.7521539659579218, 0.5679082528674771, 0.4617428136768782, 0.46428657153630143, 0.4259503915976574, 0.36946786782964713, 0.33704511976637547, 0.3688016923153287, 0.33658937250056536, 0.3447228834668607, 0.29794170198988573, 0.2988802870444212, 0.3145872279295424, 0.3050574580851889, 0.30213451812317443, 0.2913324314553591, 0.2907646571625889, 0.3161191065460267, 0.29425345714340845, 0.3047137248431337, 0.32536345875438005, 0.28007043203586157, 0.3050889614969492, 0.24261322718166628, 0.2581922485585814, 0.3113735212383889, 0.23730806972206928, 0.240076585606588, 0.2477600379997061, 0.24829017846697227, 0.2561511778453656, 0.22627354418126186, 0.2472290073899923, 0.29985427131111647, 0.2594508016261303, 0.29712600879132817, 0.24783253120214313, 0.27294920688336144, 0.22012611891482892, 0.3291352191323114, 0.2475442911577698, 0.2110194752513656, 0.25333785185352037, 0.26317540432245945, 0.26922548466949103, 0.29453283857324675, 0.2576511177406492, 0.27447465629541973, 0.25166987360951515, 0.31796567529407926, 0.2715915761111741, 0.2732132923418559, 0.2715534830435016, 0.27748440247541073, 0.22780500359886208, 0.22896495194922498, 0.21722979375748272, 0.22472341570526502, 0.23195417793864886, 0.30639889196633974, 0.254899103110612, 0.2096689683194846, 0.2959820345878354, 0.25712192329821965, 0.26012615262093775, 0.2551607341280481, 0.22177332743750752, 0.29836194865489424, 0.23434300567972435, 0.2573723622831688, 0.22312591214660418, 0.21777151004131, 0.1978272454983056, 0.2896668073849232, 0.28177316970703903, 0.26987724201709595, 0.3120378997437303, 0.21643257422772152, 0.22449217866833093, 0.24886353831115882, 0.22030902760746043, 0.23059715289110538, 0.24279209181838238, 0.2738452394497338, 0.2658900826886932, 0.1833388873351676, 0.2420470955830191, 0.25475497606157443, 0.3040753539598666, 0.2490176689155594, 0.20653242916332212, 0.23567435288386887, 0.2403421227895253, 0.26799332091840805, 0.22447288253507908, 0.2456429467593889, 0.28104631890119625, 0.24631587330291105, 0.2900629771687973, 0.28944082496581836, 0.3081470573435745, 0.2786316731503295, 0.2621557128271397, 0.22319514261805828, 0.2830157566978927, 0.19932803734877672], "train_accuracy_array": [0.5044008124576845, 0.7799593771157752, 0.8449559918754231, 0.8788083953960731, 0.899796885578876, 0.9011509817197021, 0.9072444143534191, 0.9153689911983751, 0.913337846987136, 0.913337846987136, 0.9282329045362221, 0.936357481381178, 0.932972241029113, 0.943127962085308, 0.940419769803656, 0.9410968178740691, 0.942450914014895, 0.933649289099526, 0.9417738659444821, 0.940419769803656, 0.943127962085308, 0.947190250507786, 0.9444820582261341, 0.942450914014895, 0.9478672985781991, 0.950575490859851, 0.965470548408937, 0.946513202437373, 0.960731211916046, 0.9580230196343941, 0.9580230196343941, 0.949898442789438, 0.9580230196343941, 0.9580230196343941, 0.947190250507786, 0.960054163845633, 0.9485443466486121, 0.9587000677048071, 0.946513202437373, 0.953960731211916, 0.960054163845633, 0.9620853080568721, 0.970209884901828, 0.965470548408937, 0.96614759647935, 0.965470548408937, 0.956668923493568, 0.9620853080568721, 0.960731211916046, 0.96614759647935, 0.960054163845633, 0.964116452268111, 0.9512525389302641, 0.9546377792823291, 0.965470548408937, 0.9580230196343941, 0.947190250507786, 0.9580230196343941, 0.969532836831415, 0.967501692620176, 0.95937711577522, 0.96614759647935, 0.960054163845633, 0.970886932972241, 0.962762356127285, 0.967501692620176, 0.9580230196343941, 0.9715639810426541, 0.962762356127285, 0.9614082599864591, 0.966824644549763, 0.975626269465132, 0.9647935003385241, 0.967501692620176, 0.962762356127285, 0.9647935003385241, 0.964116452268111, 0.9620853080568721, 0.960054163845633, 0.963439404197698, 0.9580230196343941, 0.968855788761002, 0.970886932972241, 0.970209884901828, 0.972241029113067, 0.97291807718348, 0.970209884901828, 0.9681787406905891, 0.965470548408937, 0.970886932972241, 0.977657413676371, 0.9580230196343941, 0.968855788761002, 0.965470548408937, 0.969532836831415, 0.9749492213947191, 0.966824644549763, 0.973595125253893, 0.976980365605958, 0.972241029113067, 0.973595125253893, 0.970209884901828, 0.972241029113067, 0.966824644549763, 0.974272173324306, 0.9715639810426541, 0.96614759647935],