{"model_name": "vgg16_bn", "train_loss_array": [1.473934573342692, 0.7010951687051544, 0.5662473100782974, 0.5241219662457766, 0.479969222439086, 0.47527040076078236, 0.4217886219939914, 0.42570584604848294, 0.38579595902116215, 0.38824421873589826, 0.38034019324128987, 0.3564491505931985, 0.3876730560368594, 0.3670977869385711, 0.3401016520945382, 0.31605748942193745, 0.3077820442621984, 0.30155376208215934, 0.3117077737118476, 0.3273696651431299, 0.3200930176692471, 0.3588263262706426, 0.3262920455405578, 0.3053986504421738, 0.3091770619779482, 0.33083934554314404, 0.33309078963124117, 0.2854654597788141, 0.3260931492093938, 0.2844160118858477, 0.3275283647495585, 0.32168745391761927, 0.31380168634568345, 0.30674590215278624, 0.29491872848159734, 0.2903726188441992, 0.3055058522307558, 0.2824177961234071, 0.3547581840576396, 0.30410589558213, 0.2898593470302884, 0.27582824285682506, 0.3108768698607414, 0.3275246264547937, 0.2640195549513007, 0.2855661798397189, 0.276923675423005, 0.2960118500612923, 0.3138587703031709, 0.26084159530532786, 0.23972240164396766, 0.25613891151995377, 0.2893189394855386, 0.2894426058919832, 0.2408203359821921, 0.29038262986701, 0.34556701612269747, 0.2724789767327467, 0.33029592867761587, 0.2840935586722783, 0.2744224052813179], "valid_loss_array": [0.6437418234150557, 0.5193939324803827, 0.40675124511458155, 0.4047383981187479, 0.39011445413762924, 0.39920622259444644, 0.3482209844751972, 0.33460150425150215, 0.34132756372269296, 0.30873830488913856, 0.31765213255744024, 0.30923520237587004, 0.2937839913195202, 0.2916229613549054, 0.30121572121262763, 0.2900981840664318, 0.3177611439828695, 0.3503413017027045, 0.2857104292535554, 0.28417417395339123, 0.33183634467754003, 0.309324828506187, 0.30600367004484363, 0.2902971069059242, 0.3341189661576433, 0.2886727907787567, 0.27013840131026856, 0.3338664009314973, 0.3714901816753132, 0.29976392267779467, 0.3228334351597223, 0.32288362932306225, 0.3394305146082334, 0.34457837572261707, 0.32631045286099525, 0.25959410399675226, 0.30153443948945413, 0.27695879336634915, 0.2489479209843447, 0.3161676043000711, 0.20219844226544173, 0.305552122770738, 0.27479424102391725, 0.2913042678988704, 0.3053375897045337, 0.25315394382154177, 0.2610658701313269, 0.28403021166651726, 0.26906549214069997, 0.3345917291737256, 0.33972112995338455, 0.2885006763637553, 0.2503416792727384, 0.24075539666338341, 0.3540861291234104, 0.34458028132995977, 0.3076788456423015, 0.3197415488014084, 0.35733546472156763, 0.23656138297247228, 0.31355592014788874], "train_accuracy_array": [0.5917400135409614, 0.7989167230873392, 0.8320920785375762, 0.8463100880162492, 0.8456330399458362, 0.8591740013540962, 0.8632362897765742, 0.8666215301286392, 0.8835477318889641, 0.8632362897765742, 0.8740690589031821, 0.8706838185511171, 0.8706838185511171, 0.8774542992552471, 0.8930264048747462, 0.8889641164522681, 0.9004739336492891, 0.903182125930941, 0.8896411645226812, 0.8916723087339201, 0.8869329722410291, 0.8903182125930941, 0.8808395396073121, 0.8957345971563981, 0.8943805010155721, 0.8842247799593771, 0.8916723087339201, 0.9004739336492891, 0.8862559241706162, 0.9004739336492891, 0.8943805010155721, 0.8882870683818551, 0.8937034529451591, 0.8970886932972241, 0.899796885578876, 0.9018280297901151, 0.8882870683818551, 0.9045362220717671, 0.8882870683818551, 0.8923493568043331, 0.8991198375084631, 0.9038591740013541, 0.8896411645226812, 0.8916723087339201, 0.9072444143534191, 0.9025050778605281, 0.8984427894380501, 0.9004739336492891, 0.8937034529451591, 0.9174001354096141, 0.9140148950575491, 0.9113067027758971, 0.9025050778605281, 0.9011509817197021, 0.9180771834800271, 0.8991198375084631, 0.8821936357481381, 0.9079214624238321, 0.8991198375084631, 0.9079214624238321, 0.9011509817197021], "valid_accuracy_array": [0.8412322274881516, 0.8459715639810427, 0.8767772511848341, 0.8744075829383886, 0.8838862559241706, 0.8672985781990521, 0.8909952606635071, 0.8744075829383886, 0.8601895734597157, 0.8981042654028436, 0.9052132701421801, 0.8862559241706162, 0.9052132701421801, 0.9052132701421801, 0.8815165876777251, 0.9052132701421801, 0.8862559241706162, 0.8791469194312796, 0.9052132701421801, 0.9004739336492891, 0.8696682464454977, 0.9075829383886256, 0.8838862559241706, 0.9075829383886256, 0.8933649289099526, 0.8933649289099526, 0.8909952606635071, 0.8838862559241706, 0.8601895734597157, 0.8791469194312796, 0.9028436018957346, 0.8933649289099526, 0.8886255924170616, 0.8696682464454977, 0.8933649289099526, 0.9075829383886256, 0.909952606635071, 0.8909952606635071, 0.8981042654028436, 0.8862559241706162, 0.9241706161137441, 0.8957345971563981, 0.9028436018957346, 0.9123222748815166, 0.8886255924170616, 0.9170616113744076, 0.9146919431279621, 0.9052132701421801, 0.9028436018957346, 0.8957345971563981, 0.8957345971563981, 0.8909952606635071, 0.919431279620853, 0.9052132701421801, 0.8791469194312796, 0.8957345971563981, 0.8981042654028436, 0.8957345971563981, 0.8744075829383886, 0.9218009478672986, 0.9123222748815166], "best_epoch": 42, "total_time": 940.3924605846405, "train_time_sum": 709.7446117401123, "eval_time_sum": 230.62074828147888, "accuracy": 89.0, "k1": 0.8899999856948853, "k5": 1.0}