{"model_name": "vgg16_bn", "train_loss_array": [1.5197086689354362, 0.7259830503586425, 0.6019242855246679, 0.5125128229324609, 0.4816330611181162, 0.49378186436061045, 0.4447551626931515, 0.42090607284692466, 0.43973800459259976, 0.4188120982779307, 0.39734187295449774, 0.37797880673134093, 0.38440632356044485, 0.34817958207259975, 0.349450979762652, 0.34095922775803666, 0.3814216432695705, 0.34372338473030095, 0.355484632831937, 0.3140066616242208, 0.34887528784709276, 0.34218681819066055, 0.315088060915914, 0.3365649907832704, 0.31273359005807944, 0.33838757802968744, 0.3298581780496286, 0.31711965594528974, 0.319036166900586, 0.33988801655772577, 0.30606217613757747, 0.3128660176864894, 0.348449016962208, 0.28815209478412274, 0.3343564105764304, 0.35644919219941973, 0.29424402029956603, 0.3225720737056306, 0.30315959789539887, 0.34940789033612774, 0.28264142885632665, 0.3052489368463176, 0.30024992415306934, 0.32721698935759697, 0.2551345336594611, 0.3484035586495616, 0.30245809944077934, 0.2875369138405302, 0.28456241999151904, 0.3190132298770997, 0.315671128865909, 0.3381016769155749, 0.29974744960252064, 0.27220808360511256, 0.29915551105533084, 0.2974651740786992, 0.27747157556569163, 0.28965796575646346, 0.3049413541693823, 0.34425913512242673, 0.29294696968293465, 0.2953385706901419, 0.2613573418192429, 0.2902269322789585, 0.2780407669858789, 0.3277106438949452, 0.30518582730617727, 0.35233697835948713, 0.3334609943826052], "valid_loss_array": [0.8254390977570231, 0.6339154511831383, 0.5477717655812394, 0.4858888935703802, 0.46095929609090797, 0.47788268242967075, 0.4316139594073544, 0.44790423601442036, 0.3818309042973541, 0.4088630526551703, 0.4150997638984879, 0.43903691875991097, 0.4301244263400399, 0.3701101223721888, 0.3753220474974239, 0.40394681113026154, 0.39240365839117514, 0.35236156474957814, 0.36427337287867806, 0.4002588346106181, 0.4261107894799438, 0.42135619638726046, 0.4142218046066885, 0.3795144330551274, 0.38776390438113734, 0.403366056222345, 0.3011703579487959, 0.3683549423141502, 0.41318836984758694, 0.37305646760486316, 0.2987318159703395, 0.33770150521778947, 0.30546312069440906, 0.33375232973934915, 0.4279479147310223, 0.33030633146375843, 0.3681871146669885, 0.3577205887620483, 0.40423039421086066, 0.4294799631947025, 0.3492254124715995, 0.3978511259595365, 0.39744853782710304, 0.3673194883417744, 0.3808225490797258, 0.3559398637042862, 0.35057539528156345, 0.3974833643125697, 0.25832503772742377, 0.3645950976706229, 0.35707273420776237, 0.3899770258303502, 0.3496274566586831, 0.33941094481090517, 0.3635073441535376, 0.33907257840346317, 0.33378615041850446, 0.441943427680228, 0.35964937818841347, 0.36610669158928766, 0.3535141796932966, 0.4017177979810543, 0.4489234208142588, 0.2780496510037031, 0.3400395600504785, 0.31680973839915194, 0.35972790119913517, 0.4541753752872136, 0.40568871349449404], "train_accuracy_array": [0.5781990521327014, 0.7935003385240352, 0.8178740690589031, 0.8375084631008801, 0.8517264725795531, 0.8496953283683142, 0.8490182802979012, 0.8598510494245092, 0.8557887610020312, 0.8672985781990521, 0.8700067704807042, 0.8781313473256601, 0.8788083953960731, 0.8781313473256601, 0.8781313473256601, 0.8896411645226812, 0.8747461069735951, 0.8903182125930941, 0.8754231550440081, 0.8916723087339201, 0.8761002031144212, 0.8794854434664862, 0.8950575490859851, 0.8842247799593771, 0.8970886932972241, 0.8876100203114421, 0.8876100203114421, 0.8862559241706162, 0.8903182125930941, 0.8882870683818551, 0.9052132701421801, 0.8943805010155721, 0.8896411645226812, 0.9018280297901151, 0.8909952606635071, 0.8754231550440081, 0.9018280297901151, 0.8916723087339201, 0.8923493568043331, 0.8821936357481381, 0.896411645226811, 0.8970886932972241, 0.903182125930941, 0.8842247799593771, 0.9058903182125931, 0.8835477318889641, 0.8889641164522681, 0.903182125930941, 0.9018280297901151, 0.8930264048747462, 0.8937034529451591, 0.8869329722410291, 0.903182125930941, 0.916723087339201, 0.899796885578876, 0.8916723087339201, 0.9119837508463101, 0.9052132701421801, 0.8991198375084631, 0.8869329722410291, 0.9045362220717671, 0.9079214624238321, 0.9052132701421801, 0.9072444143534191, 0.9045362220717671, 0.8991198375084631, 0.896411645226811, 0.8937034529451591, 0.8957345971563981], "valid_accuracy_array": [0.7322274881516587, 0.7819905213270142, 0.8151658767772512, 0.8293838862559242, 0.8412322274881516, 0.8601895734597157, 0.8436018957345972, 0.8388625592417062, 0.8530805687203792, 0.8601895734597157, 0.8672985781990521, 0.8578199052132701, 0.8459715639810427, 0.8744075829383886, 0.8767772511848341, 0.8412322274881516, 0.8767772511848341, 0.8815165876777251, 0.8578199052132701, 0.8744075829383886, 0.8578199052132701, 0.8507109004739336, 0.8554502369668247, 0.8767772511848341, 0.8601895734597157, 0.8601895734597157, 0.8909952606635071, 0.8838862559241706, 0.8815165876777251, 0.8815165876777251, 0.8981042654028436, 0.8791469194312796, 0.8957345971563981, 0.8838862559241706, 0.8720379146919431, 0.8886255924170616, 0.8981042654028436, 0.8933649289099526, 0.8767772511848341, 0.8649289099526066, 0.8720379146919431, 0.8838862559241706, 0.8720379146919431, 0.8720379146919431, 0.8791469194312796, 0.8791469194312796, 0.8862559241706162, 0.8791469194312796, 0.9241706161137441, 0.8933649289099526, 0.8838862559241706, 0.8838862559241706, 0.9004739336492891, 0.8981042654028436, 0.8933649289099526, 0.8862559241706162, 0.9028436018957346, 0.8649289099526066, 0.8838862559241706, 0.8791469194312796, 0.8933649289099526, 0.8886255924170616, 0.8601895734597157, 0.9028436018957346, 0.8909952606635071, 0.8957345971563981, 0.8909952606635071, 0.8720379146919431, 0.8862559241706162], "best_epoch": 50, "total_time": 1032.8647499084473, "train_time_sum": 790.916069984436, "eval_time_sum": 241.92779231071472, "accuracy": 91.0, "k1": 0.9100000262260437, "k5": 0.9950000047683716}