{"model_name": "vgg16_bn", "train_loss_array": [1.5098972994488644, 0.7273137499612977, 0.6015206146014245, 0.5254338619752599, 0.47832900915262094, 0.436864033432207, 0.4189380064717643, 0.4265325240937132, 0.4099599878450625, 0.3711211599142227, 0.3943273392414514, 0.3438178717121532, 0.3409638870948864, 0.3714767289912289, 0.35219747574650606, 0.35201757320013094, 0.3365578239098867, 0.3236777132015093, 0.34344940108468425, 0.3707568627620115, 0.3234700046141727, 0.32320410938342037, 0.35544114277906813, 0.29651792488674417, 0.3486898446413982, 0.31965732595649377, 0.3123435498534947, 0.3291484165026194, 0.3474478340968137, 0.30619170973247667, 0.3493604227022779, 0.3129144296322469, 0.31002292664533704, 0.3060112629153879, 0.29135013656714676, 0.28657605600421626, 0.3121845004632413, 0.2845363047834014, 0.3022301746387294, 0.33450706171208566, 0.2950745563558129, 0.33688340543409256, 0.30734063149224927, 0.3330862985302164, 0.33316661632375777, 0.30635472055658264, 0.2897501604413373, 0.27815627864106085, 0.34517553666595197, 0.2939486245630396, 0.2667439494309751, 0.3466641541517459, 0.31919357414907834, 0.30925325745654897, 0.28229431658680565, 0.29495266677664195, 0.30283155653830024], "valid_loss_array": [0.7658831396568302, 0.5292170641511255, 0.47186117947666567, 0.4231309922261967, 0.3837054430096635, 0.36803435626046915, 0.3348685521367602, 0.33937113970888877, 0.3559069364238972, 0.35492218698935485, 0.3268115285991457, 0.3359768052819357, 0.3288521537539589, 0.3811234104804589, 0.354634201895226, 0.36894779524245075, 0.2753721826014074, 0.31543218178489196, 0.37604345194995403, 0.3113056123085647, 0.37134446073975913, 0.32793835057202236, 0.28962840702852577, 0.32730161698175564, 0.349844080968142, 0.3322788725068607, 0.29614353589081843, 0.29816941352411047, 0.33556208015302025, 0.32963798713971865, 0.3365072540351812, 0.30007467111815384, 0.36780794632237107, 0.2607679791905491, 0.3070194294314249, 0.2837044201538593, 0.25764095267695836, 0.31170504092102563, 0.27178275686087955, 0.2707244298019186, 0.3469417075057165, 0.31739754146362226, 0.31684047156741835, 0.34344249730619386, 0.25865295694664264, 0.29239229292948665, 0.3237414788197871, 0.28834236467517005, 0.2954713498635032, 0.3197933201859065, 0.3172305528939618, 0.38715035973601725, 0.36107970648323806, 0.335546536019659, 0.2673791089609389, 0.3423225846476674, 0.30415816114270855], "train_accuracy_array": [0.5781990521327014, 0.7792823290453622, 0.8171970209884902, 0.8334461746784022, 0.8503723764387271, 0.8598510494245092, 0.8693297224102912, 0.8564658090724442, 0.8605280974949221, 0.8740690589031821, 0.8774542992552471, 0.8909952606635071, 0.8869329722410291, 0.8781313473256601, 0.8788083953960731, 0.8835477318889641, 0.8862559241706162, 0.8916723087339201, 0.8903182125930941, 0.8733920108327691, 0.8923493568043331, 0.8882870683818551, 0.8781313473256601, 0.906567366283006, 0.8835477318889641, 0.8869329722410291, 0.9018280297901151, 0.8957345971563981, 0.8828706838185512, 0.8923493568043331, 0.8788083953960731, 0.8876100203114421, 0.8970886932972241, 0.8923493568043331, 0.8970886932972241, 0.9004739336492891, 0.899796885578876, 0.9025050778605281, 0.8950575490859851, 0.8957345971563981, 0.8957345971563981, 0.8909952606635071, 0.8943805010155721, 0.8903182125930941, 0.8815165876777251, 0.8937034529451591, 0.9018280297901151, 0.909952606635071, 0.8882870683818551, 0.9025050778605281, 0.9085985104942451, 0.8774542992552471, 0.8937034529451591, 0.8930264048747462, 0.9004739336492891, 0.8909952606635071, 0.8984427894380501], "valid_accuracy_array": [0.7985781990521327, 0.8507109004739336, 0.8317535545023697, 0.8601895734597157, 0.8791469194312796, 0.8625592417061612, 0.8862559241706162, 0.8886255924170616, 0.8886255924170616, 0.8838862559241706, 0.9075829383886256, 0.9028436018957346, 0.8815165876777251, 0.8744075829383886, 0.8815165876777251, 0.8838862559241706, 0.8933649289099526, 0.9075829383886256, 0.8791469194312796, 0.9028436018957346, 0.8791469194312796, 0.8981042654028436, 0.8886255924170616, 0.8957345971563981, 0.8791469194312796, 0.8909952606635071, 0.8981042654028436, 0.9146919431279621, 0.8862559241706162, 0.8909952606635071, 0.8957345971563981, 0.9075829383886256, 0.9004739336492891, 0.9052132701421801, 0.9028436018957346, 0.8957345971563981, 0.9146919431279621, 0.9146919431279621, 0.9265402843601895, 0.909952606635071, 0.8933649289099526, 0.8957345971563981, 0.9004739336492891, 0.8933649289099526, 0.9218009478672986, 0.909952606635071, 0.8957345971563981, 0.9028436018957346, 0.9170616113744076, 0.9004739336492891, 0.9004739336492891, 0.8933649289099526, 0.8909952606635071, 0.8815165876777251, 0.9075829383886256, 0.9052132701421801, 0.9028436018957346], "best_epoch": 38, "total_time": 847.680632352829, "train_time_sum": 646.1702222824097, "eval_time_sum": 201.48379182815552, "accuracy": 87.5, "k1": 0.875, "k5": 0.9850000739097595}