{"model_name": "vgg11_bn", "train_loss_array": [1.5443863877591526, 0.707997431646914, 0.5660185312288551, 0.5021243028408301, 0.46960050192489444, 0.42044017564306085, 0.41768417067033825, 0.3883760970996374, 0.3726920172440982, 0.3528170568279584, 0.36283210763353385, 0.36506388729378914, 0.30985034419098817, 0.3388574948041279, 0.31067694253467915, 0.3258849790997011, 0.3465341968801107, 0.31462189756944203, 0.28689516557175, 0.3113522795845547, 0.2953386015095417, 0.2816364286705781, 0.29812537117551613, 0.31306953193492476, 0.2794164719013403, 0.2904919197652981, 0.29073139512627694, 0.28266680992246884, 0.3048769799373242, 0.28900635018490745, 0.2818426639068627, 0.2790445519930298, 0.26910651959453635, 0.2791211391290298, 0.2707692760578183, 0.26860071495225807, 0.3022630413087462, 0.252987258017729, 0.27497289246786827, 0.2380517649192542, 0.2519181229819821, 0.279620903186606, 0.27552930383199603, 0.2407143727769683, 0.23808575883134442, 0.2517632057810847, 0.2524592190698425, 0.2408589727535955], "valid_loss_array": [0.6692537809435225, 0.46742026853900387, 0.3928090070343413, 0.3936555769771196, 0.37907116298709437, 0.38881320509865386, 0.3265319535358681, 0.31185405723688797, 0.29441231060789685, 0.25546931513360044, 0.317875156845562, 0.29846153575794604, 0.29447383611017214, 0.3145583199206916, 0.28224217768105286, 0.28917384756976183, 0.24157271456520704, 0.2895513908469705, 0.2471956903053121, 0.24091965848606486, 0.2667577788746867, 0.2502045914711722, 0.2768515337438442, 0.244910018580361, 0.21571714410523032, 0.2625483548438609, 0.23985356607935635, 0.19825477498032867, 0.24897940083096792, 0.24086473507903763, 0.2316862232541059, 0.22148658622991982, 0.2647579867013187, 0.20451641707764984, 0.2115686115272502, 0.23411948292657414, 0.2021307783704085, 0.26667479577480624, 0.20898421731351552, 0.21443906505658375, 0.23465589538599493, 0.2253063306270633, 0.22790936528212916, 0.24978475245068918, 0.2327103766439465, 0.24606392341908687, 0.2339972611428157, 0.2292833198634334], "train_accuracy_array": [0.5775220040622884, 0.8070412999322952, 0.8219363574813812, 0.8429248476641842, 0.8483412322274881, 0.8706838185511171, 0.8625592417061612, 0.8761002031144212, 0.8727149627623562, 0.8849018280297901, 0.8794854434664862, 0.8754231550440081, 0.9052132701421801, 0.8916723087339201, 0.8903182125930941, 0.8909952606635071, 0.8774542992552471, 0.8821936357481381, 0.906567366283006, 0.8923493568043331, 0.9004739336492891, 0.9018280297901151, 0.899796885578876, 0.8862559241706162, 0.899796885578876, 0.9011509817197021, 0.9011509817197021, 0.9018280297901151, 0.8903182125930941, 0.8977657413676371, 0.8991198375084631, 0.9045362220717671, 0.9045362220717671, 0.9045362220717671, 0.9052132701421801, 0.906567366283006, 0.8930264048747462, 0.9160460392687881, 0.9085985104942451, 0.919431279620853, 0.9187542315504401, 0.9092755585646581, 0.9018280297901151, 0.9085985104942451, 0.923493568043331, 0.9106296547054841, 0.906567366283006, 0.9113067027758971], "valid_accuracy_array": [0.8364928909952607, 0.8696682464454977, 0.8886255924170616, 0.8815165876777251, 0.8672985781990521, 0.8791469194312796, 0.8886255924170616, 0.8933649289099526, 0.8815165876777251, 0.9146919431279621, 0.8933649289099526, 0.8886255924170616, 0.9146919431279621, 0.8933649289099526, 0.9052132701421801, 0.9052132701421801, 0.919431279620853, 0.9028436018957346, 0.919431279620853, 0.9146919431279621, 0.9004739336492891, 0.9146919431279621, 0.9052132701421801, 0.909952606635071, 0.9241706161137441, 0.9123222748815166, 0.9146919431279621, 0.919431279620853, 0.9123222748815166, 0.9075829383886256, 0.919431279620853, 0.933649289099526, 0.9028436018957346, 0.9170616113744076, 0.9312796208530806, 0.9170616113744076, 0.9170616113744076, 0.9146919431279621, 0.919431279620853, 0.9123222748815166, 0.9218009478672986, 0.9218009478672986, 0.9146919431279621, 0.9170616113744076, 0.9075829383886256, 0.919431279620853, 0.9265402843601895, 0.9170616113744076], "best_epoch": 29, "total_time": 1128.1885917186737, "train_time_sum": 867.6198921203613, "eval_time_sum": 260.53466963768005, "accuracy": 92.5, "k1": 0.925000011920929, "k5": 1.0}