{"model_name": "vgg11_bn", "train_loss_array": [1.4834196171650793, 0.6658783308864044, 0.5491322293504316, 0.48191377080689435, 0.44239367192551826, 0.4093899102370805, 0.3909779934662778, 0.37817215354521694, 0.3612226867239945, 0.35182917471180597, 0.3146670064917269, 0.2890736589015297, 0.3237964955228523, 0.32559551377815416, 0.2930751601706991, 0.2708777578430315, 0.28639063153342775, 0.2899973055117019, 0.2995822880122011, 0.26367974806937644, 0.2920116077611676, 0.25275343515296683, 0.28367632064532006, 0.271669799929829, 0.27492449065883495, 0.25592427841496773, 0.2582149156744446, 0.22874438528100138, 0.2946573992839276, 0.26989972823442604, 0.22548206298837165, 0.25138964295165317, 0.2730149590210408, 0.238701276913709, 0.24119739636234036, 0.279255116014119, 0.23877276933689576, 0.23736587835169354, 0.27019233508798507, 0.2569936588406563, 0.24530412510198843, 0.2378769971470657, 0.22821347573084774, 0.24172431606100714], "valid_loss_array": [0.7443554021453406, 0.598324515247691, 0.5044845154473637, 0.4363172873501529, 0.46940525890862067, 0.46174127114020835, 0.41024771461625237, 0.4072899083889385, 0.43281715675764737, 0.44053212373756906, 0.35279916132090205, 0.3757317213515941, 0.35729223185910813, 0.37668138547906416, 0.3960207330330713, 0.41644962320007134, 0.4478917691781587, 0.36367052426877305, 0.40252359195403264, 0.40342173745670307, 0.3738207056322819, 0.37334704696243826, 0.4544875225607284, 0.2932845801791769, 0.3404685626821912, 0.31738869930567837, 0.3960429015472836, 0.378657200235466, 0.36700056234851336, 0.377335931375977, 0.4296905911787442, 0.34714607995497815, 0.35404324425622724, 0.3808168783590531, 0.3388903196459695, 0.41678331640421556, 0.4058669660117238, 0.4242913511126963, 0.33502698862701014, 0.4165575222445312, 0.4212533061655229, 0.3756575265608124, 0.3946450619265097, 0.3957984873327598], "train_accuracy_array": [0.5985104942450914, 0.7962085308056872, 0.8293838862559242, 0.8490182802979012, 0.8564658090724442, 0.8693297224102912, 0.8788083953960731, 0.8821936357481381, 0.8788083953960731, 0.8849018280297901, 0.8984427894380501, 0.8937034529451591, 0.8937034529451591, 0.8896411645226812, 0.8970886932972241, 0.9045362220717671, 0.9079214624238321, 0.9011509817197021, 0.896411645226811, 0.9119837508463101, 0.9038591740013541, 0.9119837508463101, 0.9126607989167231, 0.899796885578876, 0.9058903182125931, 0.9146919431279621, 0.9153689911983751, 0.923493568043331, 0.8984427894380501, 0.9126607989167231, 0.9255247122545701, 0.9214624238320921, 0.9113067027758971, 0.9174001354096141, 0.9140148950575491, 0.899796885578876, 0.913337846987136, 0.9146919431279621, 0.9119837508463101, 0.9113067027758971, 0.9180771834800271, 0.9207853757616791, 0.922816519972918, 0.920108327691266], "valid_accuracy_array": [0.7843601895734598, 0.8293838862559242, 0.8507109004739336, 0.8696682464454977, 0.8507109004739336, 0.8672985781990521, 0.8649289099526066, 0.8530805687203792, 0.8507109004739336, 0.8672985781990521, 0.8744075829383886, 0.8886255924170616, 0.8957345971563981, 0.8744075829383886, 0.8862559241706162, 0.8744075829383886, 0.8672985781990521, 0.8862559241706162, 0.8815165876777251, 0.8815165876777251, 0.8933649289099526, 0.8957345971563981, 0.8672985781990521, 0.9075829383886256, 0.8815165876777251, 0.8981042654028436, 0.8909952606635071, 0.9028436018957346, 0.8933649289099526, 0.8933649289099526, 0.8909952606635071, 0.8886255924170616, 0.8981042654028436, 0.8767772511848341, 0.9004739336492891, 0.8649289099526066, 0.9028436018957346, 0.8696682464454977, 0.8886255924170616, 0.8696682464454977, 0.9028436018957346, 0.8933649289099526, 0.9004739336492891, 0.9004739336492891], "best_epoch": 25, "total_time": 1026.1322846412659, "train_time_sum": 793.8578321933746, "eval_time_sum": 232.24270176887512, "accuracy": 90.0, "k1": 0.9000000357627869, "k5": 1.0}