{"model_name": "mobilenet_v2", "train_loss_array": [1.5372566805134555, 0.912807614287011, 0.8111892327700072, 0.7630127668380737, 0.7401936290756105, 0.7297701616000697, 0.71495956108143, 0.70656921831118, 0.6970376819372177, 0.6832540702252161, 0.6752606316083143, 0.6689444606671798, 0.6772067954345625, 0.6620425842111073, 0.6818303740889577, 0.6721646324171772, 0.67533724185696, 0.6621417292391633, 0.6679930793049654, 0.6673649904273805, 0.6654745918147418, 0.6647406521162479, 0.6511570599073726, 0.6647095422423075, 0.6671144896083407, 0.6575467470281519, 0.6554856210811879, 0.6578867695972223, 0.6531300206168168, 0.6752403249410815, 0.6569961199955064, 0.6527208322300122, 0.6670743122933402, 0.6530837169647757, 0.6550512898400798, 0.6603303064429571, 0.6608638976301465, 0.6482372077143922, 0.6683303393136346, 0.6491885583957577, 0.6609391832635516, 0.6527932488661504, 0.6579097906072664, 0.655839811106658, 0.6496520138043665, 0.6667832216911035, 0.6549787668008653, 0.6576178688175824, 0.6675130338355257, 0.653792694548901, 0.6510175309416388, 0.6581535529252353, 0.6633676338831043, 0.6432419809895038, 0.6617096698338212, 0.6730468968550364, 0.6619060209143459, 0.6587373295676411, 0.6584887552896594, 0.6660019608717116, 0.6584250875611424, 0.6626075055458649, 0.6514301715659446, 0.65434981308151, 0.6711647764963358, 0.6679443850133424, 0.6506430569216778, 0.6660569014868228, 0.65493638789843, 0.652483921607876, 0.6548452168838237, 0.6733500836522671, 0.6609016628492446, 0.6578405694761514, 0.6680855870990255, 0.6505146412487203, 0.6495765546957651, 0.6595479584807982, 0.6553064832408952, 0.6600750187019102, 0.6577592375191972], "valid_loss_array": [0.9276628659831153, 0.7774343050661541, 0.7142337792449527, 0.686433273175406, 0.6604230924258156, 0.6719912477428951, 0.6596140963217568, 0.6420644339587953, 0.6449550842008893, 0.6233921207132793, 0.6278435878810429, 0.6122825157547754, 0.615660605331262, 0.6197926494337264, 0.6240322844140114, 0.6119160581202734, 0.6050436766374678, 0.5992217966251903, 0.602098038153989, 0.5946019529586747, 0.6132922106319003, 0.5849350284016321, 0.6021531869967779, 0.6087472024891112, 0.587060984519739, 0.6068814782396196, 0.5924622433053123, 0.6022475180881364, 0.5948686422336669, 0.5778073151669805, 0.5971063878091555, 0.5844398889513243, 0.5972172920666043, 0.5822265402428688, 0.5906264140965447, 0.5811933015310575, 0.590828453146276, 0.5934740767355949, 0.5755252379273611, 0.5727901185552279, 0.5781793180439208, 0.5945284527445597, 0.58181665104533, 0.5894038279851278, 0.5999684466256036, 0.5680829324419536, 0.5877374163459218, 0.5778726491899717, 0.5812626685651522, 0.5994548318641526, 0.5839521980711392, 0.5963436171175942, 0.5831721035970582, 0.6051261278371962, 0.5964855290358029, 0.5743821607459159, 0.5752204456736171, 0.5666549798278582, 0.5795623198861167, 0.5828024692951687, 0.5440218947709553, 0.5646989645939025, 0.5923643935294378, 0.5924014117982652, 0.5708914834355551, 0.5916011180906069, 0.5812771203262466, 0.5941650848540049, 0.5904055962723399, 0.5996607367008452, 0.5786217998654123, 0.5680147054649535, 0.5806189305962078, 0.5744789016861764, 0.5840078426731957, 0.5632237090714394, 0.5991294972953343, 0.6021821585202974, 0.5912949513821375, 0.6073630964235653, 0.58080974126619], "train_accuracy_array": [0.6077097505668935, 0.7376417233560091, 0.7563718820861678, 0.7692517006802722, 0.7766893424036281, 0.7777777777777778, 0.7816780045351474, 0.7814512471655328, 0.7864399092970522, 0.7877097505668934, 0.7909750566893424, 0.7917460317460318, 0.7902494331065759, 0.7933786848072563, 0.792063492063492, 0.7945124716553288, 0.7893877551020408, 0.7918367346938775, 0.7941043083900227, 0.7937414965986395, 0.7960090702947846, 0.7955102040816326, 0.7970975056689342, 0.7963265306122449, 0.7959637188208617, 0.7969614512471656, 0.7990022675736962, 0.7978684807256236, 0.7979591836734694, 0.7952834467120181, 0.8002721088435374, 0.8007709750566894, 0.7922448979591836, 0.8039909297052155, 0.797641723356009, 0.7960090702947846, 0.7991383219954649, 0.800952380952381, 0.7971882086167801, 0.8015873015873016, 0.7963265306122449, 0.7991383219954649, 0.799047619047619, 0.7988662131519274, 0.8001360544217687, 0.7984126984126985, 0.7999546485260771, 0.7990929705215419, 0.7977324263038549, 0.8012698412698412, 0.8024036281179139, 0.7995918367346939, 0.7988208616780046, 0.8036734693877551, 0.7966439909297052, 0.796235827664399, 0.8017233560090703, 0.7965532879818594, 0.7986848072562358, 0.7985487528344671, 0.7991383219954649, 0.799546485260771, 0.8001360544217687, 0.7998639455782313, 0.795374149659864, 0.7973242630385488, 0.8024489795918367, 0.7994557823129251, 0.7997732426303855, 0.8017687074829932, 0.8034920634920635, 0.7980498866213152, 0.7996371882086167, 0.8000453514739229, 0.8011791383219955, 0.8028571428571428, 0.7998639455782313, 0.8003628117913832, 0.7999092970521542, 0.8004081632653062, 0.7972789115646258], "valid_accuracy_array": [0.7425396825396825, 0.7703174603174603, 0.7846031746031746, 0.7941269841269841, 0.7977777777777778, 0.7955555555555556, 0.799047619047619, 0.8007936507936508, 0.8004761904761905, 0.8142857142857143, 0.8057142857142857, 0.8150793650793651, 0.8112698412698413, 0.806031746031746, 0.8074603174603174, 0.8141269841269841, 0.810952380952381, 0.8096825396825397, 0.8134920634920635, 0.819047619047619, 0.8144444444444444, 0.8228571428571428, 0.8112698412698413, 0.8122222222222222, 0.8153968253968253, 0.8163492063492064, 0.8193650793650794, 0.8115873015873016, 0.8192063492063492, 0.8207936507936507, 0.8177777777777778, 0.823015873015873, 0.8171428571428572, 0.8274603174603175, 0.8171428571428572, 0.8211111111111111, 0.823015873015873, 0.8150793650793651, 0.8274603174603175, 0.8280952380952381, 0.8223809523809524, 0.819047619047619, 0.8215873015873015, 0.8244444444444444, 0.8219047619047619, 0.8207936507936507, 0.8192063492063492, 0.822063492063492, 0.8261904761904761, 0.8171428571428572, 0.82, 0.8207936507936507, 0.8242857142857143, 0.8125396825396826, 0.8157142857142857, 0.8301587301587302, 0.8253968253968254, 0.8288888888888889, 0.8261904761904761, 0.8203174603174603, 0.8366666666666667, 0.8280952380952381, 0.8250793650793651, 0.8184126984126984, 0.8271428571428572, 0.8203174603174603, 0.8231746031746032, 0.8238095238095238, 0.8226984126984127, 0.8192063492063492, 0.8280952380952381, 0.8258730158730159, 0.8250793650793651, 0.8263492063492064, 0.8222222222222222, 0.8284126984126984, 0.8233333333333334, 0.8158730158730159, 0.819047619047619, 0.8203174603174603, 0.8241269841269842], "best_epoch": 62, "total_time": 10071.813971996307, "train_time_sum": 7878.123627662659, "eval_time_sum": 2193.6719014644623, "accuracy": 82.7936507936508, "k1": 0.827936589717865, "k5": 0.9774599671363831, "class_accuracy": {"airplane": 0.8852459016393442, "airport": 0.8166666666666667, "baseball_diamond": 0.8115942028985508, "basketball_court": 0.6710526315789473, "beach": 0.8266666666666667, "bridge": 0.8, "chaparral": 0.9833333333333333, "church": 0.5915492957746479, "circular_farmland": 0.9041095890410958, "cloud": 1.0, "commercial_area": 0.6, "dense_residential": 0.8695652173913043, "desert": 0.9452054794520548, "forest": 0.9696969696969697, "freeway": 0.7384615384615385, "golf_course": 0.8974358974358975, "ground_track_field": 0.7246376811594203, "harbor": 0.9705882352941176, "industrial_area": 0.6875, "intersection": 0.8135593220338984, "island": 0.9104477611940298, "lake": 0.8620689655172413, "meadow": 0.8656716417910447, "medium_residential": 0.7142857142857143, "mobile_home_park": 0.8939393939393939, "mountain": 0.8412698412698413, "overpass": 0.8860759493670886, "palace": 0.7230769230769231, "parking_lot": 0.8888888888888888, "railway": 0.7536231884057971, "railway_station": 0.6756756756756757, "rectangular_farmland": 0.873015873015873, "river": 0.8428571428571429, "roundabout": 0.8767123287671232, "runway": 0.7714285714285715, "sea_ice": 0.9857142857142858, "ship": 0.8571428571428571,