{"model_name": "mobilenet_v2", "train_loss_array": [1.5333476499094714, 0.9156799386688371, 0.8051004966640689, 0.7720173441904202, 0.7433678023939501, 0.7238605391411554, 0.7159797787125689, 0.7117684330123892, 0.7093992977996532, 0.6945057674870739, 0.6809914118848961, 0.6895321895476101, 0.6766089026619788, 0.6816502356069699, 0.6760031922198747, 0.6755213851696239, 0.6726838400304452, 0.6739196029244637, 0.6711248701729742, 0.6731420762144249, 0.6694992737096994, 0.678376965478164, 0.6613435309017056, 0.6641099184008142, 0.6610395581949324, 0.6690081710718117, 0.6595281004027174, 0.6672270555817892, 0.6578677754148063, 0.6552715002476763, 0.6556086556441119, 0.6638361901855793, 0.6614450265625977, 0.6558939143846365, 0.6584777090352139, 0.6580079051913047, 0.6660715524706982, 0.6572549346825973, 0.6529066870812656, 0.6615236833387491, 0.657193964672467, 0.6488132193650789, 0.6547567826820339, 0.6645036462415643, 0.6551342957279309, 0.6625627465799552, 0.6671664182966799, 0.6453413494657767, 0.6514139480871949, 0.6518341141357984, 0.6688476672518551, 0.6609029345839472, 0.6429666230062239, 0.652061850339377, 0.6486916055822589, 0.6590877301027985, 0.6560015557777314, 0.6702948540719458, 0.6597653329034511, 0.655361570874039, 0.6654777108541692, 0.6688165310221195, 0.6697101350409104, 0.665633207140596, 0.6502024687471843, 0.662911909575365, 0.6476939587163276, 0.6582329530699723, 0.6600753733563045, 0.6494056463173998, 0.6590352581471813, 0.6519558718955977, 0.6700519276043725, 0.6616272598572599], "valid_loss_array": [0.9033706595027258, 0.7555912316791595, 0.6944614234897826, 0.6647021749189922, 0.6365681432542347, 0.6093455659491676, 0.6272514564177346, 0.5962437684573825, 0.6105773174573504, 0.6170224043585005, 0.597812503812805, 0.5836104415948429, 0.5853036443392435, 0.5926899444016199, 0.5774167544311948, 0.5726512769858042, 0.5656800629600646, 0.5632195909108434, 0.5544855931685084, 0.5743560738979824, 0.5715454873584566, 0.58379451599386, 0.579754244595293, 0.5582591495107091, 0.587886513225616, 0.5553278021869206, 0.5735546091482753, 0.5832352470310908, 0.5698699227401188, 0.5524785179230902, 0.5427109998843026, 0.551733794666472, 0.5630009464091725, 0.5341743791387195, 0.5569843076287754, 0.5586483874727809, 0.576588506381663, 0.5566979851278048, 0.5744201116382129, 0.5647986928621928, 0.5558693028158612, 0.5578243406046004, 0.5689000144364342, 0.5456271104159809, 0.5445325293001675, 0.567747986505902, 0.5815917260590053, 0.5518251859716007, 0.5733427363965247, 0.5454987990004676, 0.5371050490509897, 0.5311294608409443, 0.5417046699495542, 0.5222471074925529, 0.545279727450439, 0.5224677557273517, 0.5395857733156946, 0.5579206455085013, 0.5479939943031659, 0.5580677611250726, 0.5492946025398042, 0.5581467177659746, 0.5774787618290811, 0.5733831105014634, 0.5572242111204162, 0.5632399380916641, 0.5542480257295427, 0.5573107450017853, 0.5690806976386479, 0.5568443089723587, 0.5583823565689344, 0.5707530204265837, 0.5601011469723687, 0.5609343224574649], "train_accuracy_array": [0.6092063492063492, 0.7339229024943311, 0.7601360544217687, 0.7666666666666667, 0.773469387755102, 0.779501133786848, 0.7796371882086168, 0.7780952380952381, 0.7804988662131519, 0.7852154195011338, 0.7881179138321995, 0.7894784580498866, 0.7888435374149659, 0.7884807256235827, 0.7936507936507936, 0.7907936507936508, 0.7922902494331066, 0.7927891156462585, 0.7922448979591836, 0.7909297052154195, 0.7936054421768708, 0.7913378684807256, 0.7937414965986395, 0.7956916099773242, 0.7990022675736962, 0.7927437641723356, 0.7931972789115647, 0.7910204081632654, 0.7952834467120181, 0.7964172335600908, 0.7974603174603174, 0.7988662131519274, 0.794875283446712, 0.799546485260771, 0.7957823129251701, 0.796281179138322, 0.796281179138322, 0.7989569160997733, 0.7980952380952381, 0.7978231292517007, 0.7965079365079365, 0.8014965986394558, 0.7981859410430839, 0.796235827664399, 0.8005442176870748, 0.7960997732426304, 0.7991836734693878, 0.8030385487528344, 0.8006349206349206, 0.8000453514739229, 0.7960997732426304, 0.8007256235827664, 0.8021768707482994, 0.7975510204081633, 0.7991383219954649, 0.8005442176870748, 0.800952380952381, 0.793968253968254, 0.7961451247165533, 0.8007709750566894, 0.7973242630385488, 0.7971428571428572, 0.7947392290249433, 0.7984126984126985, 0.8010430839002267, 0.7982766439909297, 0.7971428571428572, 0.7948299319727891, 0.7974149659863946, 0.7996371882086167, 0.7996825396825397, 0.799546485260771, 0.7960544217687074, 0.7963718820861678], "valid_accuracy_array": [0.7515873015873016, 0.776984126984127, 0.7928571428571428, 0.7942857142857143, 0.8058730158730159, 0.8125396825396826, 0.81, 0.816984126984127, 0.8131746031746032, 0.8065079365079365, 0.8171428571428572, 0.8192063492063492, 0.8185714285714286, 0.8104761904761905, 0.8215873015873015, 0.8168253968253968, 0.8247619047619048, 0.8261904761904761, 0.8306349206349206, 0.8244444444444444, 0.823015873015873, 0.8171428571428572, 0.8261904761904761, 0.8298412698412698, 0.8204761904761905, 0.8246031746031746, 0.8226984126984127, 0.8268253968253968, 0.8246031746031746, 0.8338095238095238, 0.8342857142857143, 0.8298412698412698, 0.8295238095238096, 0.8334920634920635, 0.830952380952381, 0.8296825396825397, 0.8271428571428572, 0.8311111111111111, 0.8288888888888889, 0.8317460317460318, 0.8304761904761905, 0.8334920634920635, 0.8325396825396826, 0.8320634920634921, 0.8333333333333334, 0.8288888888888889, 0.8298412698412698, 0.8312698412698413, 0.8242857142857143, 0.8306349206349206, 0.837936507936508, 0.8385714285714285, 0.8363492063492064, 0.8426984126984127, 0.8355555555555556, 0.8439682539682539, 0.8334920634920635, 0.8347619047619048, 0.8314285714285714, 0.8314285714285714, 0.8328571428571429, 0.8306349206349206, 0.8271428571428572, 0.8269841269841269, 0.8298412698412698, 0.8325396825396826, 0.8352380952380952, 0.8373015873015873, 0.8282539682539682, 0.8317460317460318, 0.833015873015873, 0.826031746031746, 0.83, 0.8288888888888889], "best_epoch": 55, "total_time": 11121.002267837524, "train_time_sum": 8711.352919340134, "eval_time_sum": 2409.6329338550568, "accuracy": 83.9047619047619, "k1": 0.8390476107597351, "k5": 0.9809521436691284, "class_accuracy": {"airplane": 0.8970588235294118, "airport": 0.7636363636363637, "baseball_diamond": 0.9305555555555556, "basketball_court": 0.7564102564102564, "beach": 0.9117647058823529, "bridge": 0.7971014492753623, "chaparral": 0.9852941176470589, "church": 0.5675675675675675, "circular_farmland": 0.9523809523809523, "cloud": 0.9875, "commercial_area": 0.7534246575342466, "dense_residential": 0.8088235294117647, "desert": 0.9333333333333333, "forest": 0.8913043478260869, "freeway": 0.6585365853658537, "golf_course": 0.9605263157894737, "ground_track_field": 0.9, "harbor": 0.9178082191780822, "industrial_area": 0.7777777777777778, "intersection": 0.8170731707317073, "island": 0.9545454545454546, "lake": 0.7804878048780488, "meadow": 0.8970588235294118, "medium_residential": 0.734375, "mobile_home_park": 0.828125, "mountain": 0.8142857142857143, "overpass": 0.8051948051948052, "palace": 0.6923076923076923, "parking_lot": 0.9295774647887324, "railway": 0.8095238095238095, "railway_station": 0.6710526315789473, "rectangular_farmland": 0.8387096774193549, "river": 0.7868852459016393, "roundabout": 0.8876404494382022, "runway": 0.7916666666666666, "sea_ice": 0.9818181818181818, "ship": 0.8983050847457628, "snowberg": 0.9259259259259259, "sparse_residential": 0.8823529411764706, "stadium": 0.8148148148148148, "storage_tank": 0.8505747126436781, "tennis_court": 0.7971014492753623, "terrace": 0.873015873015873, "thermal_power_station": 0.863013698630137, "wetland": 0.8169014084507042}, "f1": 0.8375239812271065, "precision": 0.883120907738095, "recall": 0.8343749999999999,