{"model_name": "vgg13_bn", "train_loss_array": [1.450410451748474, 1.0862502219184997, 1.0409702122076299, 1.0164214590239147, 1.0347295807602725, 1.0260642600032477, 1.016417382390591, 1.0060515583507599, 1.0030405127407471, 1.0120954147947618, 1.0009822216974635, 1.0091496949968966, 1.0154642718178886, 1.0078766006055602, 1.021678016637188, 1.0185854590398655, 1.0177943338207107, 1.0282260250477564, 1.0112176066488365, 0.9978177850208585, 1.018227289323093, 1.0261273752399582, 1.0418644450148757, 1.0244323335537293, 1.0126005669975497, 1.0272705707014824, 1.0379998300756728, 1.0203437761925245, 1.0420291962401937, 1.033774579125467, 1.03400527957886, 1.0335838919729332, 1.0229403794893062, 1.053145887900372, 1.054938929286403, 1.0270230639683686, 1.045478315242564, 1.0367767733781517, 1.0457038171167006, 1.048983888290907, 1.0475953718702269, 1.0398295392660326, 1.0419019561370755, 1.0564396657100341, 1.0444819662306044, 1.025305932408828, 1.0400991817585736, 1.027248488937646, 1.0613214653365466, 1.0268021598965131, 1.0359684435688719, 1.0410992012542932, 1.042675210167221], "valid_loss_array": [0.9493231028318405, 0.8423290368583467, 0.7874638130740513, 0.7627286367000096, 0.7456461264500542, 0.736997243194353, 0.7291386531932014, 0.7100213146398938, 0.7141153722528427, 0.7133952603926734, 0.7240188966194788, 0.7019560391467715, 0.7205796040712841, 0.6991452886944726, 0.7014871800229663, 0.6953357171917719, 0.6914542118708292, 0.6951590187492824, 0.6787903604526369, 0.67580146827395, 0.6825245533670697, 0.6931246867965138, 0.652733783400248, 0.693476967986614, 0.6753217925628027, 0.68750189907021, 0.6754563559615423, 0.6650232235117565, 0.6771274570907865, 0.6808610174154478, 0.6861132924991941, 0.6620008446394451, 0.6445486499440103, 0.7002443675957029, 0.6916479030771862, 0.6879702253001077, 0.6667841632687856, 0.6631465639386859, 0.6612712083354829, 0.6693901599399628, 0.7007285587134815, 0.6880842935707834, 0.6815184010636239, 0.6519951152186545, 0.6701071698750768, 0.6512525417501964, 0.695139773544811, 0.6887534713697812, 0.6579758692828436, 0.6902453231196555, 0.6737725888452832, 0.6511818920336072, 0.6582780567899583], "train_accuracy_array": [0.5905215419501134, 0.6751020408163265, 0.6873922902494332, 0.6945124716553288, 0.6942857142857143, 0.6963265306122449, 0.7002721088435374, 0.703764172335601, 0.7063492063492064, 0.703764172335601, 0.7081632653061225, 0.7072562358276644, 0.707437641723356, 0.7123809523809523, 0.7100680272108844, 0.7083900226757369, 0.7112018140589569, 0.7049886621315192, 0.7120634920634921, 0.7183219954648526, 0.710204081632653, 0.7126984126984127, 0.709342403628118, 0.7146031746031746, 0.7137868480725623, 0.7141043083900227, 0.7111111111111111, 0.7126984126984127, 0.7095238095238096, 0.7141496598639456, 0.7105215419501134, 0.7168707482993197, 0.7163718820861678, 0.710249433106576, 0.7066666666666667, 0.7159183673469388, 0.7104308390022676, 0.7170975056689343, 0.7150113378684807, 0.7127437641723356, 0.7126077097505669, 0.7200453514739229, 0.7160090702947846, 0.7139682539682539, 0.7170521541950113, 0.7197278911564626, 0.7151473922902495, 0.7164625850340136, 0.7147392290249434, 0.7231746031746031, 0.7195918367346938, 0.7169614512471655, 0.7165532879818595], "valid_accuracy_array": [0.7188888888888889, 0.7458730158730159, 0.7660317460317461, 0.7725396825396825, 0.7715873015873016, 0.7753968253968254, 0.7728571428571429, 0.7857142857142857, 0.780952380952381, 0.7828571428571428, 0.7861904761904762, 0.7857142857142857, 0.7834920634920635, 0.790952380952381, 0.7895238095238095, 0.7907936507936508, 0.7934920634920635, 0.7898412698412698, 0.7947619047619048, 0.7955555555555556, 0.7925396825396825, 0.7912698412698412, 0.803015873015873, 0.7915873015873016, 0.7930158730158731, 0.7907936507936508, 0.8004761904761905, 0.7992063492063493, 0.7979365079365079, 0.7980952380952381, 0.8042857142857143, 0.8028571428571428, 0.8107936507936508, 0.8003174603174603, 0.796031746031746, 0.8015873015873016, 0.807936507936508, 0.8011111111111111, 0.8092063492063492, 0.7992063492063493, 0.7949206349206349, 0.7961904761904762, 0.8033333333333333, 0.8068253968253968, 0.8050793650793651, 0.8077777777777778, 0.7966666666666666, 0.8019047619047619, 0.8080952380952381, 0.8017460317460318, 0.8038095238095239, 0.8133333333333334, 0.8087301587301587], "best_epoch": 34, "total_time": 11907.871896982193, "train_time_sum": 9292.217649698257, "eval_time_sum": 2615.636776447296, "accuracy": 82.0, "k1": 0.8200000524520874, "k5": 0.9707933068275452, "class_accuracy": {"airplane": 0.8714285714285714, "airport": 0.7605633802816901, "baseball_diamond": 0.855072463768116, "basketball_court": 0.6, "beach": 0.8260869565217391, "bridge": 0.8026315789473685, "chaparral": 1.0, "church": 0.5681818181818182, "circular_farmland": 0.9855072463768116, "cloud": 0.9620253164556962, "commercial_area": 0.711864406779661, "dense_residential": 0.7530864197530864, "desert": 0.8450704225352113, "forest": 0.9583333333333334, "freeway": 0.7027027027027027, "golf_course": 0.8333333333333334, "ground_track_field": 0.8, "harbor": 0.8333333333333334, "industrial_area": 0.7571428571428571, "intersection": 0.7323943661971831, "island": 0.9180327868852459, "lake": 0.7543859649122807, "meadow": 0.8787878787878788, "medium_residential": 0.7384615384615385, "mobile_home_park": 0.891566265060241, "mountain": 0.9193548387096774, "overpass": 0.8311688311688312, "palace": 0.5714285714285714, "parking_lot": 0.8870967741935484, "railway": 0.8309859154929577, "railway_station": 0.7647058823529411, "rectangular_farmland": 0.8507462686567164, "river": 0.7846153846153846, "roundabout": 0.8243243243243243, "runway": 0.8571428571428571, "sea_ice": 0.9879518072289156, "ship": 0.88, "snowberg": 0.9411764705882353, "sparse_residential": 0.8333333333333334, "stadium": 0.7285714285714285, "storage_tank": 0.9178082191780822, "tennis_court": 0.6428571428571429, "terrace": 0.863013698630137, "thermal_power_station": 0.7887323943661971, "wetland": 0.85}, "f1": 0.8124805706446331, "precision": 0.8567876984126983, "recall": 0.8109374999999999,