{"model_name": "cifar_resnet50", "train_loss_array": [2.7248128876140494, 2.379993131214005, 2.288913633989658, 2.2145509279169744, 2.1963767419413447, 2.1707072337091815, 2.162486902668255, 2.143869206965091, 2.1629845181589764, 2.1476321025078735, 2.1439344970939445, 2.1432053927400263, 2.112814994623472, 2.1537449711791226, 2.0946245084522377, 2.1355195442566455, 2.1141154954945147, 2.1073208605024405, 2.101643691937828, 2.1148169367557133, 2.0920973190521983, 2.1099043702788665, 2.137286908818647, 2.1222575232235257, 2.104989485718063, 2.1569246275649334, 2.135624829788182, 2.133739635035567, 2.126452360430842, 2.0665188164184767, 2.123380384819687, 2.1123740757004024, 2.121047819798753, 2.096347919895428, 2.0727070858128265, 2.1473088961803355, 2.092814663978711, 2.094916244980122, 2.0881297208202314, 2.115246214734273, 2.0845679901061063, 2.112354305844575, 2.1205505066492627, 2.119870306594838, 2.1074632735533254, 2.071735075380484, 2.114972970416276, 2.0877206906646024, 2.099910351418125, 2.107211353412414, 2.1064330000448, 2.1617984073583387, 2.1128553678316284, 2.1076135534487954, 2.1107681808878462, 2.1135750739414627, 2.1157484330595064, 2.1281680183468756, 2.1280303375900154], "valid_loss_array": [2.4613010194064318, 2.3082720236190686, 2.2097223505589634, 2.204457088386843, 2.154052125616661, 2.1145658375810106, 2.108052963894125, 2.132866691639073, 2.1160573017258213, 2.1323728256315984, 2.138654176234069, 2.0514776760367988, 2.107384176615855, 2.0874850238668974, 2.097352790112179, 2.0508265605470015, 2.083637823637628, 2.066688633713677, 2.0699987693985493, 2.1028333165069326, 2.0772814363664924, 2.069880717138261, 2.081357094066403, 2.055626198225677, 2.086375997247289, 2.0219934409687306, 2.0395551922762, 2.1237717186105196, 2.0534772922359936, 1.9949642179348457, 2.073464530056687, 2.060509503417388, 2.101762956281974, 2.065198987722397, 2.1204362674770763, 2.0329142211455307, 2.013785517752453, 2.060445025633862, 1.9741200783523902, 2.063530805940029, 2.08642785357073, 2.0049128160939964, 2.036223885996082, 2.0557415567303154, 2.080221637518485, 2.0501223606238432, 2.0517421084416423, 2.070988862276501, 1.994983590892141, 2.0959733881374105, 2.0665035468848396, 2.0529792673214917, 2.1014911123855984, 2.006888903006558, 2.1069722791771754, 2.054310470360433, 2.059338593829017, 1.976964006844855, 2.1289231613702118], "train_accuracy_array": [0.1895734597156398, 0.2857142857142857, 0.2972241029113067, 0.3188896411645227, 0.3243060257278267, 0.3141503046716317, 0.3344617467840217, 0.3324306025727827, 0.3094109681787407, 0.3161814488828707, 0.3263371699390657, 0.3195666892349357, 0.3229519295870007, 0.32024373730534866, 0.3256601218686527, 0.33310765064319564, 0.3297224102911307, 0.3310765064319567, 0.33649289099526064, 0.33987813134732564, 0.3324306025727827, 0.3222748815165877, 0.3276912660798917, 0.3243060257278267, 0.34326337169939064, 0.3182125930941097, 0.3155044008124577, 0.32159783344617465, 0.3256601218686527, 0.32701421800947866, 0.32498307379823965, 0.3324306025727827, 0.3310765064319567, 0.34190927555856465, 0.34867975626269465, 0.3188896411645227, 0.31685849695328366, 0.31685849695328366, 0.34529451591062965, 0.3290453622207177, 0.33310765064319564, 0.31685849695328366, 0.3195666892349357, 0.3209207853757617, 0.3344617467840217, 0.32836831415030465, 0.3378469871360867, 0.35071090047393366, 0.3358158429248477, 0.32701421800947866, 0.3209207853757617, 0.3155044008124577, 0.32701421800947866, 0.34055517941773866, 0.3263371699390657, 0.3344617467840217, 0.3121191604603927, 0.33716993906567366, 0.3229519295870007], "valid_accuracy_array": [0.23933649289099526, 0.2772511848341232, 0.3175355450236967, 0.33175355450236965, 0.3246445497630332, 0.3412322274881517, 0.32701421800947866, 0.33649289099526064, 0.3222748815165877, 0.33175355450236965, 0.3341232227488152, 0.3293838862559242, 0.3293838862559242, 0.3459715639810427, 0.33175355450236965, 0.3246445497630332, 0.3293838862559242, 0.3341232227488152, 0.3412322274881517, 0.3080568720379147, 0.35308056872037913, 0.33886255924170616, 0.3293838862559242, 0.34360189573459715, 0.36492890995260663, 0.3791469194312796, 0.36255924170616116, 0.3293838862559242, 0.33886255924170616, 0.3696682464454976, 0.3578199052132701, 0.35308056872037913, 0.3459715639810427, 0.33649289099526064, 0.3459715639810427, 0.3696682464454976, 0.35071090047393366, 0.33175355450236965, 0.36492890995260663, 0.33175355450236965, 0.31516587677725116, 0.36729857819905215, 0.3293838862559242, 0.3412322274881517, 0.31990521327014215, 0.3293838862559242, 0.36255924170616116, 0.3412322274881517, 0.36729857819905215, 0.33886255924170616, 0.3459715639810427, 0.3459715639810427, 0.36255924170616116, 0.33886255924170616, 0.35308056872037913, 0.3791469194312796, 0.35071090047393366, 0.35071090047393366, 0.3056872037914692], "best_epoch": 40, "total_time": 1926.822520017624, "train_time_sum": 1510.581913948059, "eval_time_sum": 416.2260317802429, "accuracy": 39.5, "k1": 0.39500001072883606, "k5": 0.7599999308586121}