{"model_name": "cifar_resnet18", "train_loss_array": [2.794167222408483, 2.47800327299734, 2.309073975543033, 2.224235506822874, 2.1536926884221805, 2.1306107289579646, 2.102555701921498, 2.0750537303628835, 2.0420835260289216, 2.0428233095819914, 2.0403445504691526, 2.0401509259307233, 2.031548253329283, 2.0390756074528316, 2.0266512955211673, 2.0109058730733014, 1.9742833325083222, 1.9983268888237191, 1.9933223060925587, 1.9863858938055743, 2.00480880483874, 2.008436207926265, 1.9617060616602346, 1.9884023826188466, 1.9966239433637243, 1.9893058371366321, 2.0238188394599455, 1.9939344338492597, 1.9607610331246719, 1.9857727579757338, 1.9706063433603895, 2.0040238541207285, 1.9889947403582997, 2.003205788966846, 1.9861890360884515, 1.9272499354045458, 1.9651946201466512, 1.9641050771837227, 1.9493951861246583, 1.9765425274803095, 1.9299521401837296, 1.9589038352830714, 1.9520628640356303, 1.958326508325746, 1.9602633978598976, 1.9471598523003715, 1.9981009018283966, 1.991361881642222], "valid_loss_array": [2.56464124855837, 2.3411592273350577, 2.2380753687772708, 2.1500798345177095, 2.0980800429791637, 2.0953086863196857, 2.096259933512358, 2.064746404146131, 2.031454281784347, 2.029721993405672, 1.9941069401835942, 2.0463167355523857, 2.0501925736241997, 1.916913903720006, 1.9993679709909087, 1.9333986236020853, 1.9893230750662456, 2.007195472717285, 1.9569496506763295, 1.89373074493137, 1.9785163357359539, 1.9643921750416689, 1.9355143625024371, 1.9463337597688792, 1.9379846416943447, 1.9988879185717252, 1.9749658136006216, 1.8857420027538498, 1.9084711018331808, 1.966415064029784, 1.920097114633045, 2.0390421191662975, 1.9481185635119254, 2.006815693954721, 1.9399784057626228, 1.9677968064755624, 1.9530127489171323, 2.029491726821068, 1.947273557784998, 2.063612111936813, 1.940192612426541, 1.9127019768077616, 1.9237467056202098, 1.894972596688293, 1.9715448374996818, 1.96873358047404, 1.9015130242465232, 2.0212371555549837], "train_accuracy_array": [0.20108327691266079, 0.2762356127285037, 0.31008801624915366, 0.3127962085308057, 0.32836831415030465, 0.34326337169939064, 0.34055517941773866, 0.34190927555856465, 0.3493568043331077, 0.35341909275558564, 0.33378469871360866, 0.3628977657413676, 0.35409614082599866, 0.33987813134732564, 0.3527420446851727, 0.3412322274881517, 0.36018957345971564, 0.36018957345971564, 0.35341909275558564, 0.3561272850372376, 0.35206499661475965, 0.34732566012186866, 0.36425186188219366, 0.35477318889641163, 0.35815842924847663, 0.37034529451591064, 0.36086662153012866, 0.35883547731888965, 0.3764387271496276, 0.36696005416384564, 0.35341909275558564, 0.37373053486797564, 0.36831415030467163, 0.3378469871360867, 0.35341909275558564, 0.3676371022342586, 0.36425186188219366, 0.37373053486797564, 0.36154366960054163, 0.3662830060934326, 0.3791469194312796, 0.3825321597833446, 0.3662830060934326, 0.3744075829383886, 0.3798239675016926, 0.36492890995260663, 0.3696682464454976, 0.3628977657413676], "valid_accuracy_array": [0.24881516587677724, 0.2890995260663507, 0.2962085308056872, 0.3033175355450237, 0.3246445497630332, 0.3222748815165877, 0.32701421800947866, 0.36492890995260663, 0.34834123222748814, 0.35545023696682465, 0.36729857819905215, 0.3459715639810427, 0.35545023696682465, 0.4075829383886256, 0.3862559241706161, 0.3578199052132701, 0.38388625592417064, 0.3459715639810427, 0.35308056872037913, 0.3767772511848341, 0.35071090047393366, 0.35545023696682465, 0.3767772511848341, 0.36492890995260663, 0.35308056872037913, 0.38388625592417064, 0.3767772511848341, 0.4052132701421801, 0.3933649289099526, 0.4099526066350711, 0.33649289099526064, 0.36492890995260663, 0.3886255924170616, 0.35545023696682465, 0.42417061611374407, 0.3791469194312796, 0.3744075829383886, 0.3909952606635071, 0.3791469194312796, 0.3909952606635071, 0.3744075829383886, 0.3981042654028436, 0.41706161137440756, 0.4052132701421801, 0.3862559241706161, 0.3815165876777251, 0.3744075829383886, 0.3744075829383886], "best_epoch": 29, "total_time": 549.8218228816986, "train_time_sum": 429.01101899147034, "eval_time_sum": 120.79877233505249, "accuracy": 40.0, "k1": 0.4000000059604645, "k5": 0.7999999523162842}