{"model_name": "cifar_densenet121", "train_loss_array": [2.838939848830753, 2.570925648824218, 2.4457171615427544, 2.3753802361485112, 2.3286761819468857, 2.3094739227901866, 2.2641102026343427, 2.2602408313234674, 2.240313205996638, 2.2722620131118765, 2.2173446774402015, 2.2298078585413554, 2.193066585523984, 2.1924798333652937, 2.170372331957601, 2.197291549670995, 2.217013135824804, 2.2120548004061287, 2.2145098551916123, 2.179761520817059, 2.1751559573246486, 2.1749573260767683, 2.1845170278039103, 2.172800254563504, 2.162991791055585, 2.1726545030068287, 2.1402126911450012, 2.1572886423719195, 2.193291554357365, 2.180816544982817, 2.176605214843414, 2.172871312501064, 2.1732065172395596, 2.1434886930113155, 2.168046214730657, 2.1401544492149482, 2.1206066519647493, 2.1684366470264598, 2.13649409303168, 2.1216814566401103, 2.1371892055467567, 2.1864328886418223, 2.1529004660989273, 2.119676719425333, 2.1593843704151316, 2.174313773476117, 2.1320775116950816, 2.192015773231465, 2.1112741100360353, 2.157654877038283, 2.10707061066366, 2.135351986197418, 2.1483339225430704, 2.161636639868156, 2.1666550571723167, 2.164467086239933, 2.1262825034160264, 2.1489557900296408, 2.1267627385635994, 2.1249808446733067, 2.121739668223046, 2.1209487932795357, 2.13827798741043, 2.1564274628419042, 2.107835610815215, 2.1381816652552375, 2.123380761010952, 2.1291980430251773, 2.1330072293833613, 2.1183886142219333, 2.1885581110164614, 2.108693816811956, 2.1324530193429583], "valid_loss_array": [2.67584225238782, 2.54888262002954, 2.4752974758780963, 2.4126457738650355, 2.37197945920212, 2.369576230433315, 2.3560795388515525, 2.3079920187945615, 2.273245922197098, 2.2853851295760457, 2.277611398018932, 2.253662111634892, 2.2419819447666547, 2.3106826798045805, 2.2684196826970973, 2.299258102172924, 2.250884521629008, 2.2523061686782477, 2.2807585503817736, 2.2935982982129284, 2.2447218804562827, 2.2791145706628737, 2.2674427382753923, 2.274967355185775, 2.2159587749372727, 2.244344889835159, 2.260424787964301, 2.2978146143999143, 2.2864962008327105, 2.265794147247387, 2.3013275675299045, 2.1994615538990328, 2.226484889667746, 2.2259706433915416, 2.2338001219582218, 2.1798656890742585, 2.229417334235675, 2.209232041056122, 2.2390994245972116, 2.214272071964933, 2.21156229792048, 2.221594756248438, 2.2173595112081954, 2.177933029653902, 2.2100416551834035, 2.2075942557004957, 2.2283225873070305, 2.2700390103868964, 2.2232281178659736, 2.2727621539509126, 2.177265511869819, 2.2485825619991355, 2.1332080782307266, 2.18326061483808, 2.159377091303821, 2.3107725059816624, 2.2172857969293096, 2.1735328927424282, 2.205312311931809, 2.2033046896423776, 2.156772637254254, 2.177978589071482, 2.208915388414645, 2.225360315557905, 2.1999181141785535, 2.2094333951507132, 2.1824432255532504, 2.1797306164746035, 2.237827696506446, 2.1973637619289743, 2.2128005140765583, 2.2443089959745723, 2.1980612729962967], "train_accuracy_array": [0.17264725795531483, 0.24102911306702776, 0.26540284360189575, 0.28503723764387273, 0.28029790115098174, 0.3006093432633717, 0.2992552471225457, 0.2755585646580907, 0.3046716316858497, 0.29519295870006773, 0.2965470548408937, 0.2992552471225457, 0.3039945836154367, 0.3060257278266757, 0.3127962085308057, 0.3148273527420447, 0.3019634394041977, 0.3141503046716317, 0.3080568720379147, 0.3053486797562627, 0.2911306702775897, 0.3019634394041977, 0.3161814488828707, 0.3148273527420447, 0.32701421800947866, 0.3073798239675017, 0.31347325660121866, 0.31685849695328366, 0.3060257278266757, 0.3046716316858497, 0.3046716316858497, 0.3114421123899797, 0.32701421800947866, 0.3297224102911307, 0.3141503046716317, 0.3263371699390657, 0.3297224102911307, 0.3256601218686527, 0.3182125930941097, 0.3188896411645227, 0.3188896411645227, 0.33039945836154366, 0.3121191604603927, 0.33175355450236965, 0.2972241029113067, 0.31685849695328366, 0.3209207853757617, 0.3094109681787407, 0.3222748815165877, 0.3148273527420447, 0.33175355450236965, 0.32836831415030465, 0.32362897765741366, 0.3229519295870007, 0.3121191604603927, 0.3182125930941097, 0.32362897765741366, 0.3161814488828707, 0.3209207853757617, 0.32836831415030465, 0.32362897765741366, 0.31685849695328366, 0.32498307379823965, 0.3046716316858497, 0.3195666892349357, 0.3222748815165877, 0.31347325660121866, 0.32159783344617465, 0.3161814488828707, 0.3263371699390657, 0.31008801624915366, 0.3297224102911307, 0.33513879485443465], "valid_accuracy_array": [0.1990521327014218, 0.22748815165876776, 0.2156398104265403, 0.26540284360189575, 0.24407582938388625, 0.2914691943127962, 0.2677725118483412, 0.26540284360189575, 0.28199052132701424, 0.26303317535545023, 0.25829383886255924, 0.27014218009478674, 0.2962085308056872, 0.2559241706161137, 0.25118483412322273, 0.26303317535545023, 0.26540284360189575, 0.2559241706161137, 0.2677725118483412, 0.26066350710900477, 0.25355450236966826, 0.2772511848341232, 0.26066350710900477, 0.2772511848341232, 0.28199052132701424, 0.3009478672985782, 0.2914691943127962, 0.2843601895734597, 0.2772511848341232, 0.2962085308056872, 0.2725118483412322, 0.27488151658767773, 0.2725118483412322, 0.27488151658767773, 0.2962085308056872, 0.2962085308056872, 0.25829383886255924, 0.27014218009478674, 0.26066350710900477, 0.28672985781990523, 0.2843601895734597, 0.28199052132701424, 0.2796208530805687, 0.3127962085308057, 0.2890995260663507, 0.2843601895734597, 0.2796208530805687, 0.2843601895734597, 0.3056872037914692, 0.2890995260663507, 0.2796208530805687, 0.28672985781990523, 0.3127962085308057, 0.2843601895734597, 0.2938388625592417, 0.2677725118483412, 0.3033175355450237, 0.3080568720379147, 0.2914691943127962, 0.2938388625592417, 0.3127962085308057, 0.28672985781990523, 0.23933649289099526, 0.2843601895734597, 0.2725118483412322, 0.3009478672985782, 0.2985781990521327, 0.2985781990521327, 0.26066350710900477, 0.2796208530805687, 0.2890995260663507, 0.2796208530805687, 0.28672985781990523], "best_epoch": 54, "total_time": 2486.757339477539, "train_time_sum": 1958.9651777744293, "eval_time_sum": 527.7706401348114, "accuracy": 35.5}