{"model_name": "cifar_vgg16_bn", "train_loss_array": [2.8957345211271828, 2.646281710168197, 2.518794137881104, 2.481512414819902, 2.4276548298775706, 2.4172976242987465, 2.3982442779644324, 2.370772590085148, 2.3802633984474695, 2.3286139180552095, 2.320434982823454, 2.3305666600035586, 2.3359562654953674, 2.3056439539832527, 2.333712987263782, 2.2929844525349488, 2.3069811816464103, 2.2913834632209773, 2.338111156858781, 2.303546220124696, 2.2899458684385348, 2.303339957222393, 2.29137408176466, 2.293468265494706, 2.2990485324033143, 2.2959515948350475, 2.2603076637477266, 2.3104649931495063, 2.307218729925059, 2.2432699586058598, 2.2988642124041725, 2.2856218918159192, 2.2858174320161546, 2.267187905618284, 2.2907116282365574, 2.276588364880716, 2.312371570029288, 2.2610780327563846, 2.301500736577493, 2.294425169357837, 2.2777981507915377, 2.315181530885948, 2.2818938014308747, 2.299278859117181, 2.2995404791170144, 2.2785904762627065, 2.31468707545028, 2.300057980605857, 2.2742198264187223, 2.2726022308552354, 2.2852163341453773, 2.2750128911166234, 2.27820487464693, 2.3089833508977717], "valid_loss_array": [2.7075255595112298, 2.563242063138157, 2.4631582843183906, 2.429712061633431, 2.4010916146056913, 2.3661275599240126, 2.3209506877790695, 2.2992591541525313, 2.332320108232905, 2.2880902697124754, 2.365772636015833, 2.2739689666513017, 2.22457864668697, 2.2760430387976047, 2.21776647025375, 2.2194001516459676, 2.2709566733283455, 2.212312562770753, 2.3115044374601537, 2.228178790395294, 2.2249262174723836, 2.2430790640166585, 2.204852828482316, 2.2240327715308745, 2.260085769174223, 2.2006177133858484, 2.1729616011488493, 2.234211526775812, 2.205938848838987, 2.2631522270175517, 2.219215802671785, 2.202888935098151, 2.2141373021907715, 2.145469344622716, 2.183350141014533, 2.205842820389011, 2.2354644723413113, 2.2360155062652876, 2.210441580315902, 2.184240666610935, 2.2674011223689075, 2.2826900928506353, 2.1674946100225947, 2.180780638450695, 2.2270734016364218, 2.2485883891300005, 2.185938736838752, 2.1718501225466977, 2.1703980793885145, 2.168113520925079, 2.2391700326548936, 2.167953647143468, 2.216215664176579, 2.170700149513534], "train_accuracy_array": [0.0927555856465809, 0.2031144211238998, 0.24509140148950576, 0.22004062288422477, 0.23222748815165878, 0.22681110358835477, 0.24238320920785375, 0.24915368991198375, 0.23628977657413677, 0.25389302640487477, 0.26134055517941773, 0.25457007447528773, 0.25186188219363576, 0.27149627623561273, 0.25321597833446174, 0.27488151658767773, 0.2559241706161137, 0.2626946513202437, 0.25186188219363576, 0.2728503723764387, 0.25524712254570076, 0.2660798916723087, 0.25795531482735273, 0.26066350710900477, 0.2742044685172647, 0.26540284360189575, 0.2708192281651997, 0.2674339878131347, 0.2694651320243737, 0.2843601895734597, 0.26540284360189575, 0.2694651320243737, 0.2593094109681787, 0.2755585646580907, 0.24983073798239674, 0.2708192281651997, 0.25863236289776576, 0.26878808395396075, 0.26472579553148273, 0.25050778605280977, 0.2674339878131347, 0.2694651320243737, 0.2755585646580907, 0.27014218009478674, 0.2593094109681787, 0.26337169939065674, 0.25457007447528773, 0.24644549763033174, 0.27352742044685174, 0.26811103588354773, 0.26066350710900477, 0.26811103588354773, 0.26540284360189575, 0.25795531482735273], "valid_accuracy_array": [0.16587677725118483, 0.22511848341232227, 0.24170616113744076, 0.25118483412322273, 0.23459715639810427, 0.24881516587677724, 0.25829383886255924, 0.26303317535545023, 0.24881516587677724, 0.25355450236966826, 0.23222748815165878, 0.2677725118483412, 0.26066350710900477, 0.25829383886255924, 0.24407582938388625, 0.27488151658767773, 0.25355450236966826, 0.24644549763033174, 0.24407582938388625, 0.2725118483412322, 0.2725118483412322, 0.2677725118483412, 0.24407582938388625, 0.25355450236966826, 0.2559241706161137, 0.27488151658767773, 0.2914691943127962, 0.2677725118483412, 0.27488151658767773, 0.25118483412322273, 0.26303317535545023, 0.23696682464454977, 0.2559241706161137, 0.2914691943127962, 0.2772511848341232, 0.2772511848341232, 0.2772511848341232, 0.24407582938388625, 0.2796208530805687, 0.2677725118483412, 0.26303317535545023, 0.2725118483412322, 0.26066350710900477, 0.2772511848341232, 0.26303317535545023, 0.2559241706161137, 0.2962085308056872, 0.26303317535545023, 0.2725118483412322, 0.2938388625592417, 0.24170616113744076, 0.26303317535545023, 0.2677725118483412, 0.25829383886255924], "best_epoch": 35, "total_time": 780.9614863395691, "train_time_sum": 606.359363079071, "eval_time_sum": 174.5735158920288, "accuracy": 27.5, "k1": 0.2750000059604645, "k5": 0.6850000023841858}