{"model_name": "cifar_resnet34", "train_loss_array": [2.7794886552246343, 2.4681767548914286, 2.3057412586263815, 2.250359761045039, 2.199607477207481, 2.179563660272974, 2.171471803351359, 2.161140462233557, 2.135195895474588, 2.1123038871754805, 2.1086932641070035, 2.1096052351882513, 2.0970898840019006, 2.105447362788077, 2.10052599903693, 2.060949637507295, 2.0673154430286096, 2.0898579818296854, 2.103478732186552, 2.0817174240795437, 2.076607103677077, 2.081518615672293, 2.0624113930345147, 2.08609198983166, 2.0515824415107473, 2.078342523458606, 2.0574377064940568, 2.0657896140821093, 2.0404068403495836, 2.053188814209697, 2.037360428230296], "valid_loss_array": [2.5679432136752594, 2.40135224283589, 2.317941356044245, 2.2771320173525695, 2.2536447477566686, 2.290995573545519, 2.2677029037927565, 2.2029726556127107, 2.2356771202448984, 2.1368009190988766, 2.1091593622596343, 2.216932117091536, 2.20414293885796, 2.221367116223014, 2.2075279369173457, 2.134119808956345, 2.131806140827342, 2.2118654889518052, 2.2439937840140827, 2.1188056830546302, 2.187973830937209, 2.246819453216842, 2.2033545699729737, 2.2066712741038246, 2.2253117013316586, 2.205419358483988, 2.179231110342306, 2.1803631183660426, 2.128808492732839, 2.287223076933368, 2.1625927432453462], "train_accuracy_array": [0.2031144211238998, 0.2593094109681787, 0.2979011509817197, 0.3067027758970887, 0.3161814488828707, 0.3141503046716317, 0.3148273527420447, 0.31347325660121866, 0.3155044008124577, 0.32701421800947866, 0.32701421800947866, 0.33513879485443465, 0.3243060257278267, 0.33378469871360866, 0.3114421123899797, 0.34732566012186866, 0.34055517941773866, 0.3412322274881517, 0.33513879485443465, 0.3344617467840217, 0.3392010832769127, 0.3276912660798917, 0.3412322274881517, 0.33852403520649965, 0.33852403520649965, 0.3243060257278267, 0.33987813134732564, 0.32701421800947866, 0.36425186188219366, 0.34732566012186866, 0.35545023696682465], "valid_accuracy_array": [0.25355450236966826, 0.2772511848341232, 0.28672985781990523, 0.28199052132701424, 0.3246445497630332, 0.2796208530805687, 0.28199052132701424, 0.32701421800947866, 0.2914691943127962, 0.33649289099526064, 0.33886255924170616, 0.3033175355450237, 0.33886255924170616, 0.3578199052132701, 0.3104265402843602, 0.31990521327014215, 0.32701421800947866, 0.3246445497630332, 0.32701421800947866, 0.35071090047393366, 0.3033175355450237, 0.3080568720379147, 0.33175355450236965, 0.3175355450236967, 0.33649289099526064, 0.3459715639810427, 0.3412322274881517, 0.31990521327014215, 0.32701421800947866, 0.3127962085308057, 0.3222748815165877], "best_epoch": 12, "total_time": 441.78201627731323, "train_time_sum": 344.90695881843567, "eval_time_sum": 96.86767220497131, "accuracy": 32.0, "k1": 0.320000022649765, "k5": 0.7600000500679016}