{"model_name": "cifar_densenet169", "train_loss_array": [2.8199720778171486, 2.5311855244814097, 2.404097036566376, 2.334354242765185, 2.2871290221759897, 2.2577283818252036, 2.23221243404422, 2.245237793241228, 2.2210710178619313, 2.2016034537097773, 2.187359835379981, 2.188422568682165, 2.2044729034724715, 2.1481968557503714, 2.141657914111319, 2.1740599690697526, 2.1685651419690597, 2.140975565626239, 2.1488128106337427, 2.1364228889275503, 2.154645258135786, 2.1501913159460173, 2.1219726645147468, 2.1326986881390404, 2.16155443057549, 2.0858067313641735, 2.151758813987169, 2.124492770203401, 2.142447977995824, 2.108879243350949, 2.11797144417837, 2.11767423039929, 2.0924248908449044, 2.101932697144407, 2.121573358592587, 2.1312729883775083, 2.126107588440644, 2.1163055774079194, 2.1237651987017694, 2.088279360359233, 2.0665019860361262, 2.1213391900627534, 2.10614334810563, 2.137015174673309, 2.1027352342592676, 2.1268609706501582, 2.092868509531505, 2.0754490449126703], "valid_loss_array": [2.5868553550322475, 2.44915459393325, 2.3435413441951805, 2.3065009083228087, 2.2474556522911757, 2.2601933614902587, 2.259431358762262, 2.1903375810921473, 2.2437239303408076, 2.1383345059308962, 2.1831118987069877, 2.194130228594016, 2.180978775024414, 2.1261761346699504, 2.172397681322143, 2.109904993201884, 2.2367940321917783, 2.051292268020847, 2.188966703640906, 2.253337531293173, 2.2135688783998173, 2.1215110966379607, 2.22227047065988, 2.1147087738977226, 2.1633570013453047, 2.183755129999459, 2.1018468327996853, 2.018966000227002, 2.102416883712696, 2.1919451652544937, 2.175142719847331, 2.1928374970693723, 2.0882782727056206, 2.12740524233235, 2.162416941746716, 2.0575470873529875, 2.131089655708928, 2.1330389196838815, 2.0744593787532284, 2.137395768933952, 2.1048967634897098, 2.194624589517783, 2.1714856534207603, 2.1118237237794704, 2.1214019133581368, 2.1682281923520055, 2.057718447599366, 2.0308241414797816], "train_accuracy_array": [0.19363574813811782, 0.25998645903859174, 0.2728503723764387, 0.2870683818551117, 0.2972241029113067, 0.29519295870006773, 0.31347325660121866, 0.28842247799593773, 0.3073798239675017, 0.3060257278266757, 0.29519295870006773, 0.32024373730534866, 0.3019634394041977, 0.32024373730534866, 0.3263371699390657, 0.3073798239675017, 0.31347325660121866, 0.3263371699390657, 0.3026404874746107, 0.3222748815165877, 0.32159783344617465, 0.3222748815165877, 0.3209207853757617, 0.3222748815165877, 0.3141503046716317, 0.3297224102911307, 0.31685849695328366, 0.32159783344617465, 0.33039945836154366, 0.3344617467840217, 0.3378469871360867, 0.34800270819228163, 0.34055517941773866, 0.33310765064319564, 0.3263371699390657, 0.3378469871360867, 0.33716993906567366, 0.33987813134732564, 0.3256601218686527, 0.3344617467840217, 0.34394041976980366, 0.3263371699390657, 0.33716993906567366, 0.34055517941773866, 0.33378469871360866, 0.32159783344617465, 0.33987813134732564, 0.3276912660798917], "valid_accuracy_array": [0.2772511848341232, 0.2677725118483412, 0.31516587677725116, 0.2962085308056872, 0.3246445497630332, 0.3056872037914692, 0.3175355450236967, 0.3009478672985782, 0.3033175355450237, 0.3175355450236967, 0.3222748815165877, 0.31516587677725116, 0.3341232227488152, 0.36255924170616116, 0.3175355450236967, 0.33886255924170616, 0.3293838862559242, 0.35071090047393366, 0.3341232227488152, 0.33886255924170616, 0.2985781990521327, 0.35071090047393366, 0.3459715639810427, 0.3412322274881517, 0.3293838862559242, 0.3222748815165877, 0.3412322274881517, 0.34834123222748814, 0.33649289099526064, 0.31990521327014215, 0.33649289099526064, 0.2938388625592417, 0.36255924170616116, 0.3222748815165877, 0.34360189573459715, 0.35545023696682465, 0.31990521327014215, 0.31516587677725116, 0.3412322274881517, 0.35545023696682465, 0.3293838862559242, 0.3246445497630332, 0.31990521327014215, 0.3578199052132701, 0.34834123222748814, 0.31516587677725116, 0.34834123222748814, 0.36018957345971564], "best_epoch": 29, "total_time": 1899.436731338501, "train_time_sum": 1496.2782459259033, "eval_time_sum": 403.14733719825745, "accuracy": 30.5}