{"model_name": "cifar_densenet121", "train_loss_array": [2.8423929616415426, 2.557163392520871, 2.451536292067717, 2.365785731765654, 2.319876894728106, 2.277577871879211, 2.2461084170202668, 2.2483501858862978, 2.2257477660879705, 2.2392275138085327, 2.225119352502119, 2.2007863334327755, 2.214085587958024, 2.2002239383873134, 2.2078990955649798, 2.1822427571748024, 2.155838465965028, 2.1643439223819594, 2.1631619918967875, 2.1607324337749443, 2.163823061402617, 2.1592338935862383, 2.144130158279099, 2.171733326902241, 2.14939786521018, 2.152695267767057, 2.132310687163914, 2.1515958025880013, 2.1334324599765164, 2.1318674135950664, 2.124663409786444, 2.1343846682688636, 2.1460403120025395, 2.102843377262495, 2.1246914550429996, 2.1250251122399124, 2.140855084582608, 2.1458661448091934, 2.1456687933057244, 2.1401652776476654, 2.124317150464636, 2.103997126090502, 2.147005517658706, 2.1329237009596, 2.142508712747893, 2.138547916547947, 2.1157937430818903, 2.132136277758599, 2.135529537336521, 2.1395941195491206, 2.079046969084459, 2.1335875717626687, 2.1315836993600357, 2.1344283505235078, 2.112759483611172, 2.14749688398378, 2.1555957763519493, 2.127770096366278, 2.1077515812604593, 2.1306680060756635, 2.1344855143237775, 2.1528867669580105, 2.1224638247054095, 2.1299984897401743, 2.1100825609673337, 2.116926514787616, 2.13132771270535, 2.0897980010743553, 2.0958308525479317, 2.1179300623321016, 2.094616709807957, 2.1349056561249853, 2.0917395867442634, 2.061540992581207, 2.118610155768062, 2.137956549932445, 2.089161775204162, 2.1057590608590346, 2.1422729995820515, 2.079689134111579, 2.1086979396616035, 2.1184262745914704, 2.0927416225825923, 2.1039954197915245, 2.08276040471722, 2.1230382459262134, 2.1168432247017233, 2.110654731174539, 2.084358562386835, 2.1116460439879585, 2.0843745143169796], "valid_loss_array": [2.664578498822253, 2.489992849069749, 2.4236291675206045, 2.3847487735522304, 2.3435927307436253, 2.3116705835713027, 2.329960433792729, 2.346550182143659, 2.2702945470809937, 2.339105520203215, 2.226003955890782, 2.2875878675289063, 2.309226355846459, 2.2835505681015302, 2.352766131902758, 2.2243206461458973, 2.2298271678635295, 2.2358531268287045, 2.2822602761300255, 2.187281947000332, 2.288016817016059, 2.255955110793995, 2.247644204099031, 2.209567533850105, 2.2830702637044173, 2.253067588354174, 2.2667696221744844, 2.233025303384139, 2.1841797557487306, 2.2245539200814415, 2.251257239359815, 2.2127650925333464, 2.192520260245879, 2.2075783805259594, 2.2362039959261204, 2.1966151592290797, 2.209735704824258, 2.181925208082696, 2.216956473074818, 2.208117003689445, 2.222903698541542, 2.208308158892591, 2.209737884489846, 2.209073960498611, 2.2238109688058283, 2.2101857238471228, 2.1728598094099505, 2.1733855308514634, 2.1835066317382017, 2.2785708672627454, 2.236511523124731, 2.1843929742749832, 2.2038243924272005, 2.2160010450824177, 2.2093512989333455, 2.2107794623804318, 2.2038441630901318, 2.2294924575570634, 2.2187032049866082, 2.140822934878381, 2.1814639218045637, 2.2074471135840033, 2.179367258085459, 2.1789592928231043, 2.1667023738978597, 2.204035968577127, 2.27613175932265, 2.1470679530600236, 2.2181890508009925, 2.236745941695444, 2.093379400917704, 2.2113002408737255, 2.20329673199857, 2.2324585615176162, 2.186615710009896, 2.207736274077429, 2.1933212031685345, 2.2387048028656658, 2.185528093039707, 2.1501675550406576, 2.2560977653304546, 2.2231242362921835, 2.2320208346109256, 2.164679209767925, 2.115400958400202, 2.173405690215775, 2.1102624888668693, 2.213144823273211, 2.166156992528111, 2.1815913943882803, 2.1741973913111394], "train_accuracy_array": [0.17941773865944483, 0.2626946513202437, 0.27014218009478674, 0.2830060934326337, 0.2924847664184157, 0.28842247799593773, 0.29519295870006773, 0.2870683818551117, 0.3039945836154367, 0.3046716316858497, 0.2938388625592417, 0.3222748815165877, 0.3053486797562627, 0.3046716316858497, 0.31008801624915366, 0.3243060257278267, 0.3087339201083277, 0.3222748815165877, 0.31685849695328366, 0.3195666892349357, 0.3127962085308057, 0.3067027758970887, 0.3182125930941097, 0.3175355450236967, 0.3114421123899797, 0.3209207853757617, 0.3297224102911307, 0.3195666892349357, 0.3243060257278267, 0.3310765064319567, 0.3378469871360867, 0.32362897765741366, 0.3263371699390657, 0.34055517941773866, 0.34055517941773866, 0.3276912660798917, 0.3256601218686527, 0.3344617467840217, 0.3263371699390657, 0.31008801624915366, 0.3107650643195667, 0.33039945836154366, 0.32159783344617465, 0.3324306025727827, 0.33039945836154366, 0.3114421123899797, 0.31347325660121866, 0.3155044008124577, 0.3087339201083277, 0.33378469871360866, 0.33987813134732564, 0.32362897765741366, 0.32701421800947866, 0.33175355450236965, 0.3148273527420447, 0.3141503046716317, 0.32498307379823965, 0.31008801624915366, 0.32701421800947866, 0.3188896411645227, 0.3161814488828707, 0.3121191604603927, 0.3182125930941097, 0.3229519295870007, 0.3378469871360867, 0.34055517941773866, 0.3188896411645227, 0.3392010832769127, 0.32701421800947866, 0.33039945836154366, 0.3229519295870007, 0.3290453622207177, 0.33649289099526064, 0.35138794854434663, 0.32498307379823965, 0.3127962085308057, 0.3412322274881517, 0.32159783344617465, 0.3080568720379147, 0.33175355450236965, 0.33378469871360866, 0.3392010832769127, 0.3182125930941097, 0.3188896411645227, 0.34732566012186866, 0.32701421800947866, 0.3358158429248477, 0.33716993906567366, 0.3324306025727827, 0.34394041976980366, 0.34529451591062965], "valid_accuracy_array": [0.19194312796208532, 0.26540284360189575, 0.25118483412322273, 0.26303317535545023, 0.25829383886255924, 0.26540284360189575, 0.2677725118483412, 0.24881516587677724, 0.24407582938388625, 0.25118483412322273, 0.2772511848341232, 0.26540284360189575, 0.25829383886255924, 0.2725118483412322, 0.2559241706161137, 0.2938388625592417, 0.27488151658767773, 0.26303317535545023, 0.27488151658767773, 0.2938388625592417, 0.2914691943127962, 0.2677725118483412, 0.28199052132701424, 0.28199052132701424, 0.25118483412322273, 0.2725118483412322, 0.27488151658767773, 0.2914691943127962, 0.2772511848341232, 0.2772511848341232, 0.3009478672985782, 0.2796208530805687, 0.28672985781990523, 0.2796208530805687, 0.2962085308056872, 0.3080568720379147, 0.2914691943127962, 0.2796208530805687, 0.28199052132701424, 0.3033175355450237, 0.3009478672985782, 0.25118483412322273, 0.26303317535545023, 0.2843601895734597, 0.2843601895734597, 0.2725118483412322, 0.2725118483412322, 0.31516587677725116, 0.27488151658767773, 0.25118483412322273, 0.2938388625592417, 0.2962085308056872, 0.2962085308056872, 0.2914691943127962, 0.2962085308056872, 0.27014218009478674, 0.32701421800947866, 0.2890995260663507, 0.3175355450236967, 0.3033175355450237, 0.3009478672985782, 0.2962085308056872, 0.3009478672985782, 0.3175355450236967, 0.27488151658767773, 0.2890995260663507, 0.27014218009478674, 0.2985781990521327, 0.2843601895734597, 0.2677725118483412, 0.3246445497630332, 0.2938388625592417, 0.28672985781990523, 0.2890995260663507, 0.2985781990521327, 0.31516587677725116, 0.2962085308056872, 0.28672985781990523, 0.3127962085308057, 0.3009478672985782, 0.26303317535545023, 0.31516587677725116, 0.2772511848341232, 0.24644549763033174, 0.2962085308056872, 0.2914691943127962, 0.2843601895734597, 0.2890995260663507, 0.3127962085308057, 0.2985781990521327, 0.2962085308056872], "best_epoch": 72, "total_time": 3080.7887415885925, "train_time_sum": 2427.5218987464905, "eval_time_sum": 653.2459483146667, "accuracy": 31.5}