{"model_name": "cifar_googlenet", "train_loss_array": [2.9616870560513693, 2.7977826144942255, 2.6876847072477346, 2.614806918413476, 2.555484300379666, 2.522222776225716, 2.492993379817593, 2.4374818131983402, 2.4083512174816817, 2.3909945917355504, 2.3784346845235547, 2.3573010931486365, 2.375544863612408, 2.373236360304567, 2.337672310902125, 2.30284436376981, 2.313403374937312, 2.2918222300814226, 2.306596617966628, 2.2877758997230813, 2.2856182543587344, 2.289525951173714, 2.231490135515713, 2.268159740909016, 2.2572109920395818, 2.2605449817595487, 2.2426570297982455, 2.2335168897258164, 2.2429727505572195, 2.2314937468227214, 2.2025497405207797, 2.2295628581889675, 2.2367411137595723, 2.2025675289358086, 2.245493058183343, 2.2186328912798263, 2.214582985127061, 2.2242256376334923, 2.203814894263617, 2.2134967491121493, 2.231036949415988, 2.2061423742052826, 2.2010839374467337, 2.212584481985083, 2.2196799092948156, 2.180926937950408, 2.1835195019024, 2.211401065136826, 2.1756246579040446, 2.181657873300902, 2.182017578655752, 2.194016772181744, 2.184310290324341, 2.1712054276514796, 2.1853619948705467], "valid_loss_array": [2.8523758418187146, 2.6967633595398817, 2.6032198379390046, 2.539930958318484, 2.501235637619597, 2.449540971014737, 2.407638670143923, 2.401107245146946, 2.367130154117024, 2.3122224508303604, 2.336705902176446, 2.3380675620942317, 2.29717460740799, 2.2778872223261972, 2.3014005383044056, 2.278170590717081, 2.241969453780007, 2.226218023006385, 2.2149536666146954, 2.2210926885288473, 2.2204141424730492, 2.2379702578223712, 2.268373029491913, 2.248361695999218, 2.196178374132274, 2.22115026746316, 2.2130674310205105, 2.21305421404364, 2.22781515997168, 2.203922125400525, 2.199274669891285, 2.2215605087189876, 2.224287942687482, 2.167523330986782, 2.1196646407882183, 2.2393950602454598, 2.1814762981017055, 2.165496545945299, 2.1815473818666, 2.1668290413951423, 2.192692308064321, 2.1812641744930032, 2.1447653999260816, 2.2072453046861984, 2.209133622205653, 2.180593941448989, 2.1816223605549165, 2.1400269027004875, 2.2225348164119993, 2.1340038632329605, 2.126779640172895, 2.162156732726436, 2.2118693923498216, 2.1538549294403944, 2.166552691663046], "train_accuracy_array": [0.11712931618144888, 0.19363574813811782, 0.23087339201083276, 0.23832092078537576, 0.2559241706161137, 0.26337169939065674, 0.26134055517941773, 0.2755585646580907, 0.2863913337846987, 0.2897765741367637, 0.2796208530805687, 0.2911306702775897, 0.28165199729180773, 0.27826675693974273, 0.27826675693974273, 0.3175355450236967, 0.3026404874746107, 0.2992552471225457, 0.3067027758970887, 0.2958700067704807, 0.3012863913337847, 0.2965470548408937, 0.3094109681787407, 0.3222748815165877, 0.3039945836154367, 0.2924847664184157, 0.3087339201083277, 0.31347325660121866, 0.2965470548408937, 0.3053486797562627, 0.3222748815165877, 0.3222748815165877, 0.31008801624915366, 0.32024373730534866, 0.3026404874746107, 0.31008801624915366, 0.3053486797562627, 0.3148273527420447, 0.33175355450236965, 0.3141503046716317, 0.3127962085308057, 0.3195666892349357, 0.3121191604603927, 0.31008801624915366, 0.2958700067704807, 0.3107650643195667, 0.33175355450236965, 0.3033175355450237, 0.32159783344617465, 0.32024373730534866, 0.3243060257278267, 0.3222748815165877, 0.3297224102911307, 0.3256601218686527, 0.3310765064319567], "valid_accuracy_array": [0.1990521327014218, 0.22748815165876776, 0.26540284360189575, 0.24644549763033174, 0.2725118483412322, 0.3033175355450237, 0.2938388625592417, 0.27488151658767773, 0.31516587677725116, 0.3104265402843602, 0.2985781990521327, 0.28672985781990523, 0.3033175355450237, 0.3127962085308057, 0.3104265402843602, 0.2914691943127962, 0.3175355450236967, 0.3246445497630332, 0.31990521327014215, 0.33649289099526064, 0.3127962085308057, 0.31516587677725116, 0.2938388625592417, 0.28672985781990523, 0.32701421800947866, 0.33886255924170616, 0.3341232227488152, 0.3127962085308057, 0.3293838862559242, 0.3080568720379147, 0.3246445497630332, 0.3033175355450237, 0.3127962085308057, 0.3459715639810427, 0.34834123222748814, 0.3104265402843602, 0.32701421800947866, 0.3341232227488152, 0.3104265402843602, 0.3341232227488152, 0.34360189573459715, 0.3412322274881517, 0.33649289099526064, 0.3222748815165877, 0.3246445497630332, 0.31990521327014215, 0.3175355450236967, 0.35071090047393366, 0.3056872037914692, 0.34360189573459715, 0.35308056872037913, 0.3412322274881517, 0.3293838862559242, 0.32701421800947866, 0.32701421800947866], "best_epoch": 36, "total_time": 5504.0796530246735, "train_time_sum": 4306.331058740616, "eval_time_sum": 1197.734093427658, "accuracy": 26.0}