{"model_name": "cifar_densenet169", "train_loss_array": [2.810156070629164, 2.5135295502463144, 2.3859535923017066, 2.3530274054127607, 2.2783211028164274, 2.2594273426117892, 2.228408500158714, 2.1996397820371345, 2.224382484935794, 2.208826955945087, 2.20866439111667, 2.1508400291708893, 2.146235747682782, 2.1670524134535842, 2.179563131539016, 2.1628507857558366, 2.1688566509742713, 2.1272884010865063, 2.1344548199091236, 2.1489995789834593, 2.1454644112790366, 2.11972504898593, 2.1197708734565275, 2.134922774482112, 2.115838796767982, 2.1393210745858595, 2.120001827936037, 2.113235723996534, 2.1251210875824325, 2.1300180402250812, 2.145569061780993, 2.1321090778629763, 2.1530831617201676, 2.12048111449405, 2.109528496851369, 2.1284895143399143, 2.135866581384766, 2.14284571297038, 2.0940330117315398, 2.1156134711945467, 2.104367364316513, 2.123146838405767, 2.0768828329881788, 2.0987429429973066, 2.1088367983870353, 2.088200111363333], "valid_loss_array": [2.60406984593631, 2.442501868116912, 2.33470114034499, 2.2810536809442166, 2.3036594503863728, 2.2511665295650607, 2.2694002163918663, 2.245735941904981, 2.229933890121243, 2.2187214431604505, 2.216559684107089, 2.2488929264918323, 2.19408843924084, 2.1989875399812138, 2.189884164322044, 2.2291906029692194, 2.1080266146863242, 2.169813192003711, 2.1939699630036738, 2.128786114719807, 2.2257573740177246, 2.203364097676571, 2.2078529209322273, 2.2229507636119967, 2.1816811731076355, 2.0802889895665135, 2.1167360052678257, 2.1508849397372294, 2.1271482174995384, 2.1536491843761425, 2.1781424822118045, 2.2473731560729693, 2.170686766717106, 2.117238443892149, 2.1531660099165135, 2.1038350906417267, 2.1370732672689083, 2.1201773089537688, 2.1038849875684034, 2.1696661021472154, 2.113382967021228, 2.138496863898508, 2.1566964512187723, 2.1675236872022188, 2.1503056270816314, 2.2049443663861514], "train_accuracy_array": [0.1909275558564658, 0.26811103588354773, 0.28368314150304674, 0.29180771834800273, 0.2931618144888287, 0.3060257278266757, 0.3073798239675017, 0.3114421123899797, 0.3039945836154367, 0.3060257278266757, 0.3087339201083277, 0.3290453622207177, 0.32024373730534866, 0.3182125930941097, 0.31008801624915366, 0.3188896411645227, 0.3243060257278267, 0.32159783344617465, 0.32836831415030465, 0.3297224102911307, 0.3175355450236967, 0.3358158429248477, 0.32836831415030465, 0.32836831415030465, 0.34055517941773866, 0.3324306025727827, 0.33513879485443465, 0.3297224102911307, 0.35206499661475965, 0.32024373730534866, 0.32024373730534866, 0.3087339201083277, 0.3182125930941097, 0.33310765064319564, 0.32498307379823965, 0.32836831415030465, 0.33649289099526064, 0.3222748815165877, 0.33716993906567366, 0.33378469871360866, 0.32159783344617465, 0.3358158429248477, 0.34529451591062965, 0.3256601218686527, 0.33716993906567366, 0.34732566012186866], "valid_accuracy_array": [0.24407582938388625, 0.25829383886255924, 0.27488151658767773, 0.2772511848341232, 0.2559241706161137, 0.2890995260663507, 0.3104265402843602, 0.27014218009478674, 0.28199052132701424, 0.2890995260663507, 0.2985781990521327, 0.3127962085308057, 0.3293838862559242, 0.3127962085308057, 0.33175355450236965, 0.3104265402843602, 0.3033175355450237, 0.3293838862559242, 0.31516587677725116, 0.3246445497630332, 0.33649289099526064, 0.3246445497630332, 0.31516587677725116, 0.31516587677725116, 0.32701421800947866, 0.3033175355450237, 0.34360189573459715, 0.3104265402843602, 0.31516587677725116, 0.3293838862559242, 0.3104265402843602, 0.2962085308056872, 0.2985781990521327, 0.3127962085308057, 0.33886255924170616, 0.3293838862559242, 0.3104265402843602, 0.32701421800947866, 0.3293838862559242, 0.3009478672985782, 0.3222748815165877, 0.3222748815165877, 0.3341232227488152, 0.31990521327014215, 0.28199052132701424, 0.3127962085308057], "best_epoch": 27, "total_time": 1822.0355770587921, "train_time_sum": 1434.6473326683044, "eval_time_sum": 387.37690830230713, "accuracy": 37.0}