{"model_name": "cifar_vgg11_bn", "train_loss_array": [2.953460568903908, 2.7532016112341133, 2.6488328193117012, 2.569326506648906, 2.5192889762070023, 2.506270672230601, 2.4710080260429823, 2.4280494731587985, 2.4360307499453597, 2.4125958507579166, 2.4048297390715043, 2.3993966579437256, 2.386917152514551, 2.3937786685992677, 2.3718595391766155, 2.361150562400017, 2.34811257347515, 2.378373023538712, 2.326622525016924, 2.3246905408199363, 2.3261979935374226, 2.3336368042952964, 2.333730802716802, 2.328332414639989, 2.3441612526784494, 2.2980401895299667, 2.3116580526329975, 2.3390393395963036, 2.313358468951288, 2.2896067345553988, 2.2823697300318857, 2.316515861206468, 2.303821241201867, 2.300139161163516, 2.2821346765930133, 2.2604691501235186, 2.282631921057937, 2.297213761969523, 2.287755106781977, 2.277178649411624, 2.2646553206459927, 2.3532060661587106, 2.279403468605305, 2.2548807753690125, 2.2858282867604682, 2.2603088074143707, 2.2884816953921203, 2.3278362497576364, 2.296570498635015, 2.2549961752881855, 2.284545447427676, 2.2952026100520273, 2.277879465086362, 2.286860529118966, 2.3019375694548674, 2.261203669339479, 2.3037147121648975, 2.2799393039501914, 2.2824982000349663, 2.30491214728307, 2.2445322317938263, 2.2653047630087944, 2.2484687154326957, 2.271057250859694, 2.2430297451884504, 2.2945874299079723, 2.240731787019754, 2.2841271687457914, 2.2813612263833822, 2.2802062672219248], "valid_loss_array": [2.786171211450586, 2.5863295697487927, 2.5107081185019977, 2.424771720199223, 2.3638596421734417, 2.3392810889329954, 2.2956089724861615, 2.260717281233078, 2.280700021445469, 2.25259654838327, 2.2297453213641996, 2.225299590571797, 2.2120461746414692, 2.163329176993167, 2.202631179755333, 2.207942182418859, 2.1928406230646287, 2.142359040924723, 2.1805577391131794, 2.1804312337631298, 2.120052108267472, 2.1186417753662545, 2.152579559534082, 2.1703078125325423, 2.126886658193941, 2.0729930965821324, 2.1270161516858503, 2.126585538918373, 2.102802428589048, 2.1243317714799637, 2.086956123040186, 2.1113792832993785, 2.0898778110883813, 2.129668808661366, 2.100233029415257, 2.0316607432342817, 2.065450837826842, 2.0759949768889006, 2.0596034651118997, 2.071568624668212, 2.0550796940428384, 2.119392085414362, 2.1021130774258436, 2.0887619680702967, 2.0960891834367508, 2.1077662683776204, 2.1107994221963025, 2.072001114840756, 2.079364057965753, 2.0102153434572627, 2.0889102333529865, 2.054788865749305, 2.0884902477264404, 2.064598239993597, 2.0487320185837588, 2.0773751023821356, 2.143838465496262, 2.1270633659091605, 2.0862385588234633, 2.0682835352929283, 2.0354757173366456, 2.0947406065972496, 2.040653011810158, 2.053527956325296, 2.048125954035899, 2.0758794325787875, 2.0401255847153505, 2.014328359992583, 2.1307452770206035, 2.041118064762857], "train_accuracy_array": [0.1015572105619499, 0.15707515233581584, 0.1895734597156398, 0.20785375761679079, 0.23425863236289776, 0.2207176709546378, 0.24712254570074474, 0.24712254570074474, 0.22884224779959378, 0.25050778605280977, 0.23832092078537576, 0.2525389302640487, 0.25524712254570076, 0.2559241706161137, 0.2626946513202437, 0.26878808395396075, 0.2708192281651997, 0.25050778605280977, 0.2742044685172647, 0.26675693974272174, 0.26811103588354773, 0.26878808395396075, 0.27691266079891674, 0.2708192281651997, 0.25389302640487477, 0.2958700067704807, 0.27014218009478674, 0.25389302640487477, 0.2660798916723087, 0.26878808395396075, 0.26337169939065674, 0.26675693974272174, 0.2728503723764387, 0.27691266079891674, 0.2640487474610697, 0.2931618144888287, 0.2796208530805687, 0.25389302640487477, 0.26675693974272174, 0.2924847664184157, 0.27691266079891674, 0.25727826675693977, 0.25863236289776576, 0.28029790115098174, 0.27149627623561273, 0.27691266079891674, 0.26201760324983076, 0.27352742044685174, 0.25863236289776576, 0.2809749492213947, 0.28368314150304674, 0.27014218009478674, 0.26878808395396075, 0.26811103588354773, 0.25998645903859174, 0.2755585646580907, 0.26540284360189575, 0.26472579553148273, 0.28503723764387273, 0.26472579553148273, 0.27826675693974273, 0.27149627623561273, 0.28165199729180773, 0.2789438050101557, 0.2945159106296547, 0.28029790115098174, 0.2890995260663507, 0.2640487474610697, 0.28165199729180773, 0.2694651320243737], "valid_accuracy_array": [0.18246445497630331, 0.27488151658767773, 0.2559241706161137, 0.31516587677725116, 0.28672985781990523, 0.2985781990521327, 0.2962085308056872, 0.3080568720379147, 0.2725118483412322, 0.3033175355450237, 0.3127962085308057, 0.31990521327014215, 0.3104265402843602, 0.31516587677725116, 0.3056872037914692, 0.3080568720379147, 0.2938388625592417, 0.2914691943127962, 0.3033175355450237, 0.3033175355450237, 0.31516587677725116, 0.3175355450236967, 0.3080568720379147, 0.2985781990521327, 0.3222748815165877, 0.3175355450236967, 0.3033175355450237, 0.3175355450236967, 0.32701421800947866, 0.32701421800947866, 0.3222748815165877, 0.3293838862559242, 0.32701421800947866, 0.3246445497630332, 0.3056872037914692, 0.3412322274881517, 0.31990521327014215, 0.32701421800947866, 0.33649289099526064, 0.3009478672985782, 0.35071090047393366, 0.2962085308056872, 0.3080568720379147, 0.33886255924170616, 0.31516587677725116, 0.3175355450236967, 0.3341232227488152, 0.3175355450236967, 0.3222748815165877, 0.3222748815165877, 0.3175355450236967, 0.3293838862559242, 0.3056872037914692, 0.33175355450236965, 0.3104265402843602, 0.3293838862559242, 0.2962085308056872, 0.33175355450236965, 0.31990521327014215, 0.36255924170616116, 0.3578199052132701, 0.3222748815165877, 0.3222748815165877, 0.34360189573459715, 0.33175355450236965, 0.35308056872037913, 0.3412322274881517, 0.3293838862559242, 0.31516587677725116, 0.31516587677725116], "best_epoch": 51, "total_time": 1749.601718902588, "train_time_sum": 1359.5393569469452, "eval_time_sum": 390.0324373245239, "accuracy": 32.0, "k1": 0.320000022649765, "k5": 0.7250000238418579}