{"model_name": "cifar_vgg16_bn", "train_loss_array": [2.913898237992883, 2.6670553777858705, 2.5484641762141367, 2.4911108725605255, 2.4321796852104067, 2.4090806590437324, 2.3699200263117, 2.3548529033493013, 2.355865537434231, 2.3110055424671523, 2.317361351760885, 2.3393084297490105, 2.31436101520231, 2.3108514062278402, 2.3436138502390866, 2.2994362371712014, 2.3040533320840826, 2.2993043484361735, 2.2964401429136942, 2.2831917964855237, 2.300840961505371, 2.2708216357570126, 2.271859860371801, 2.3011854521390465, 2.2749171066542453, 2.2611342856588603, 2.257918822741137, 2.2726153253944, 2.2811618868208607, 2.2420236312140465, 2.2636137573639927, 2.2504905711660212, 2.2860445987556783, 2.2573662587090286, 2.251061957836474, 2.2706945415437425, 2.2673175462452884, 2.273598436253573, 2.290790745432343, 2.2365349517452935, 2.290390410936597, 2.263143492132405, 2.26650902170867, 2.242685974491716, 2.256572354380634, 2.2476260432861266, 2.295641978850781, 2.2612698701239955, 2.2813825089138913, 2.2515800646534623, 2.280862044706971, 2.25178527783605, 2.2663374949566966, 2.2432976117711982, 2.294652281052855, 2.2769902774265836, 2.2595963873569436, 2.2489034703396102, 2.27508590910672, 2.2772050878851497, 2.285330176595586, 2.2880097228123195, 2.256536621456624, 2.2542306250144115, 2.2996299407251315, 2.2545875429542144, 2.2981809050793087, 2.263328958703766, 2.2779062925841087, 2.264067738784191, 2.2919385710840863, 2.27092726777838, 2.2969085166158916, 2.2928632293590114, 2.248968438514601, 2.28232217416137, 2.2607785912890166, 2.239197947967674, 2.2425726904768997, 2.2515671513091897, 2.304110515093432, 2.2667698874696334, 2.2683940474536666, 2.2495213263569123, 2.288046781162838, 2.2487736319720786, 2.2468563625759264, 2.2994468271853394, 2.2873058809811146, 2.2410821348085705, 2.2386952626519534, 2.254933197028587], "valid_loss_array": [2.710312087388965, 2.568978146919142, 2.4926802987735983, 2.462984324631533, 2.375907105857162, 2.385867554994556, 2.314234982169635, 2.3104242238953216, 2.2971088456881557, 2.3565434144006523, 2.2779273613934268, 2.2877685696027856, 2.2972806957660694, 2.2615955915496246, 2.2467313072692727, 2.2619340103384444, 2.2396753975565398, 2.208884349931473, 2.220901238409829, 2.2274463899892654, 2.220316219103845, 2.239748830478903, 2.2687451715152975, 2.246591143133516, 2.2800981987144144, 2.2512206805260826, 2.2112562385215577, 2.26563221357445, 2.2047318994151475, 2.189266766417083, 2.1821918577944497, 2.2976347405763597, 2.2207662799347068, 2.246307168526672, 2.2363846087342756, 2.2661086597713815, 2.2409587719994133, 2.2214539491734797, 2.273348863655922, 2.2702138898496944, 2.2035031126573754, 2.218286323321374, 2.2150454317788943, 2.1900098922693334, 2.187582678139492, 2.2013341182781057, 2.204222319815396, 2.168935809655212, 2.2633894280799756, 2.2112002169351443, 2.220130753178167, 2.1967439436799543, 2.211078962443564, 2.254041485311861, 2.197373902063234, 2.1995144003375446, 2.244956294507212, 2.2684750760336057, 2.2603612782265903, 2.1778064598969373, 2.2484102113552002, 2.1944408518443175, 2.2107872782160323, 2.2039065214129985, 2.15437795765592, 2.1886601945235267, 2.20598188056765, 2.178418702988828, 2.222650575411828, 2.2276300807699774, 2.200732494417525, 2.1305063200222936, 2.223684353851029, 2.2115830516363206, 2.1731309122383875, 2.2405327948348783, 2.1607054805303636, 2.2117839661819674, 2.2097402782801767, 2.19811880306045, 2.177139294655967, 2.1822378285123274, 2.22403182011645, 2.16691301558255, 2.2073064189386593, 2.167081560568787, 2.240573243507277, 2.2097594014841233, 2.272783155124899, 2.1570863350872744, 2.209114386572092, 2.1786966018767155], "train_accuracy_array": [0.11103588354773189, 0.18077183480027081, 0.2051455653351388, 0.21868652674339878, 0.24441435341909276, 0.23967501692620177, 0.24779959377115776, 0.2660798916723087, 0.2593094109681787, 0.26066350710900477, 0.2660798916723087, 0.24509140148950576, 0.25795531482735273, 0.2626946513202437, 0.2559241706161137, 0.26811103588354773, 0.25524712254570076, 0.26811103588354773, 0.2708192281651997, 0.2708192281651997, 0.2640487474610697, 0.2559241706161137, 0.26811103588354773, 0.26540284360189575, 0.2796208530805687, 0.27488151658767773, 0.27217332430602575, 0.25524712254570076, 0.2694651320243737, 0.26878808395396075, 0.2870683818551117, 0.2728503723764387, 0.2775897088693297, 0.28368314150304674, 0.27488151658767773, 0.2830060934326337, 0.28029790115098174, 0.26675693974272174, 0.26337169939065674, 0.27149627623561273, 0.26472579553148273, 0.2626946513202437, 0.2640487474610697, 0.2938388625592417, 0.2728503723764387, 0.27488151658767773, 0.25389302640487477, 0.27691266079891674, 0.2796208530805687, 0.26337169939065674, 0.27352742044685174, 0.2742044685172647, 0.2674339878131347, 0.27488151658767773, 0.27217332430602575, 0.2755585646580907, 0.2762356127285037, 0.27488151658767773, 0.2755585646580907, 0.28029790115098174, 0.2728503723764387, 0.2674339878131347, 0.27691266079891674, 0.2796208530805687, 0.26675693974272174, 0.27014218009478674, 0.25998645903859174, 0.28029790115098174, 0.27352742044685174, 0.26201760324983076, 0.26540284360189575, 0.2809749492213947, 0.25863236289776576, 0.2674339878131347, 0.26878808395396075, 0.27352742044685174, 0.2789438050101557, 0.2755585646580907, 0.2863913337846987, 0.2965470548408937, 0.25863236289776576, 0.2755585646580907, 0.28503723764387273, 0.2843601895734597, 0.2626946513202437, 0.27488151658767773, 0.27149627623561273, 0.27014218009478674, 0.2830060934326337, 0.2911306702775897, 0.2755585646580907, 0.2870683818551117], "valid_accuracy_array": [0.15402843601895735, 0.2037914691943128, 0.21800947867298578, 0.20853080568720378, 0.23459715639810427, 0.25355450236966826, 0.26540284360189575, 0.24644549763033174, 0.24881516587677724, 0.23222748815165878, 0.25118483412322273, 0.25118483412322273, 0.23933649289099526, 0.25829383886255924, 0.22511848341232227, 0.2725118483412322, 0.27014218009478674, 0.2796208530805687, 0.27488151658767773, 0.26303317535545023, 0.24881516587677724, 0.2677725118483412, 0.2772511848341232, 0.25118483412322273, 0.24407582938388625, 0.26303317535545023, 0.2559241706161137, 0.25829383886255924, 0.2796208530805687, 0.27014218009478674, 0.2725118483412322, 0.25829383886255924, 0.2725118483412322, 0.26066350710900477, 0.2677725118483412, 0.2677725118483412, 0.2559241706161137, 0.25829383886255924, 0.24407582938388625, 0.25829383886255924, 0.24407582938388625, 0.2962085308056872, 0.2796208530805687, 0.2725118483412322, 0.26066350710900477, 0.2843601895734597, 0.26303317535545023, 0.27488151658767773, 0.26066350710900477, 0.25118483412322273, 0.25355450236966826, 0.2772511848341232, 0.2677725118483412, 0.27488151658767773, 0.2843601895734597, 0.28199052132701424, 0.23222748815165878, 0.2559241706161137, 0.26303317535545023, 0.2938388625592417, 0.23933649289099526, 0.27014218009478674, 0.26540284360189575, 0.2985781990521327, 0.27014218009478674, 0.2725118483412322, 0.2938388625592417, 0.26540284360189575, 0.27014218009478674, 0.2559241706161137, 0.26303317535545023, 0.24881516587677724, 0.26066350710900477, 0.25355450236966826, 0.28672985781990523, 0.25355450236966826, 0.27014218009478674, 0.31516587677725116, 0.27014218009478674, 0.28672985781990523, 0.2843601895734597, 0.28199052132701424, 0.24407582938388625, 0.2772511848341232, 0.25118483412322273, 0.2914691943127962, 0.28199052132701424, 0.2677725118483412, 0.24170616113744076, 0.3009478672985782, 0.27488151658767773, 0.2772511848341232], "best_epoch": 73, "total_time": 1324.6713774204254, "train_time_sum": 1031.3192274570465, "eval_time_sum": 293.3217921257019, "accuracy": 22.0, "k1": 0.2200000137090683, "k5": 0.7549999952316284}