{"model_name": "cifar_vgg13_bn", "train_loss_array": [2.8820552906638155, 2.5870756253892697, 2.4717728673564316, 2.3890365963459983, 2.3577437776928427, 2.3261058701803816, 2.325015713898976, 2.312272049723724, 2.2932906446218007, 2.290842011399421, 2.243084898976434, 2.294246618458768, 2.2528015593862567, 2.257254098263962, 2.257305940099883, 2.2367953635908577, 2.2465493257738243, 2.2485823943635945, 2.227624220063578, 2.2257233127679226, 2.2254950128541093, 2.2510642249114463, 2.2243200662415337, 2.2437972513985294, 2.2118219033075333, 2.233293484576102, 2.2474873423495643, 2.223941316778949, 2.228745202075491, 2.2221376506073214, 2.2465476151164836, 2.187055226266586, 2.2304889873305767, 2.183985465833603, 2.236880131000268, 2.210755960959071, 2.229621636197627, 2.2221784459309717, 2.1917804122051843, 2.2047163531355705, 2.1875024386653243, 2.212394842362194, 2.199991983582865, 2.1907950496060185, 2.1849612321253153, 2.2261777945120107], "valid_loss_array": [2.662517863992266, 2.4539645430036066, 2.333076965187398, 2.2953091323093218, 2.2483083919326274, 2.274947315595726, 2.2399299099547036, 2.2263403729804883, 2.188386287734407, 2.25278042165024, 2.1908595098703394, 2.165093908942706, 2.203652068901966, 2.1858345400100636, 2.181606622668804, 2.216534004392217, 2.2068491688271834, 2.230958415433694, 2.1540535010432746, 2.1388097272665014, 2.2228333305973575, 2.1100563200729154, 2.1783666610717773, 2.18716229307708, 2.2081760365816088, 2.058665234895679, 2.1854429719572384, 2.1320538114032472, 2.174004254182933, 2.1081597771124816, 2.156760744573946, 2.134413730476705, 2.1746198012365547, 2.11898849021767, 2.1754836584154464, 2.1428963516560775, 2.1089946907278487, 2.169133777302023, 2.1588583184644508, 2.151724649266609, 2.1708930160197037, 2.08166316109246, 2.1423533640766594, 2.1912613807696304, 2.133498092963232, 2.1765234769803086], "train_accuracy_array": [0.13067027758970887, 0.22613405551794177, 0.25118483412322273, 0.26066350710900477, 0.2728503723764387, 0.2809749492213947, 0.2708192281651997, 0.28165199729180773, 0.2742044685172647, 0.26675693974272174, 0.2863913337846987, 0.27691266079891674, 0.2958700067704807, 0.2775897088693297, 0.27217332430602575, 0.2972241029113067, 0.2904536222071767, 0.2755585646580907, 0.2897765741367637, 0.2809749492213947, 0.28842247799593773, 0.2843601895734597, 0.28029790115098174, 0.2708192281651997, 0.2789438050101557, 0.2857142857142857, 0.3012863913337847, 0.2857142857142857, 0.2911306702775897, 0.27217332430602575, 0.2843601895734597, 0.3012863913337847, 0.2890995260663507, 0.29519295870006773, 0.2992552471225457, 0.2742044685172647, 0.2796208530805687, 0.2870683818551117, 0.2931618144888287, 0.2904536222071767, 0.28842247799593773, 0.2999322951929587, 0.3033175355450237, 0.28368314150304674, 0.2863913337846987, 0.2870683818551117], "valid_accuracy_array": [0.22037914691943128, 0.2796208530805687, 0.3175355450236967, 0.3056872037914692, 0.3009478672985782, 0.2962085308056872, 0.3056872037914692, 0.3104265402843602, 0.3127962085308057, 0.28672985781990523, 0.3246445497630332, 0.3033175355450237, 0.2985781990521327, 0.2962085308056872, 0.3127962085308057, 0.2938388625592417, 0.33175355450236965, 0.3246445497630332, 0.3127962085308057, 0.31516587677725116, 0.3033175355450237, 0.31990521327014215, 0.3080568720379147, 0.3080568720379147, 0.32701421800947866, 0.34360189573459715, 0.3033175355450237, 0.3246445497630332, 0.3056872037914692, 0.3341232227488152, 0.2962085308056872, 0.31516587677725116, 0.3056872037914692, 0.2962085308056872, 0.2938388625592417, 0.32701421800947866, 0.2938388625592417, 0.3080568720379147, 0.3175355450236967, 0.3127962085308057, 0.3056872037914692, 0.3246445497630332, 0.3127962085308057, 0.3009478672985782, 0.2962085308056872, 0.3009478672985782], "best_epoch": 27, "total_time": 612.1528806686401, "train_time_sum": 476.38145303726196, "eval_time_sum": 135.75034499168396, "accuracy": 33.0, "k1": 0.33000001311302185, "k5": 0.7899999618530273}