{"model_name": "cifar_vgg19_bn", "train_loss_array": [3.0319182464377494, 2.8992051810288477, 2.8280959171302915, 2.7926802782085836, 2.7766446562013516, 2.7456957764454444, 2.7523440956343004, 2.7233079009227197, 2.7159240904416113, 2.6959469303862016, 2.69798349091227, 2.6881817961029695, 2.6990201634656925, 2.6999598484065133, 2.6517885623949966, 2.675100850832971, 2.6699980617618753, 2.6722930964377576, 2.6576254556690753, 2.636567538060606, 2.6355260170708656, 2.634335711104045, 2.6170375382650035, 2.6488618915276345, 2.6493176727901866, 2.664783153327317, 2.627292032732541, 2.6489067448904646, 2.6224193758632013, 2.638193573593367, 2.600816240969266, 2.621145969318553, 2.6008559871381736, 2.61174287970355, 2.651353034766526, 2.5902493025857853, 2.596062265381913, 2.617640445421254, 2.6190221230565656, 2.591676289113535, 2.619524130727604, 2.6046919838834954, 2.6128080572400774, 2.5936641037746626, 2.6185125144010635, 2.6464774051710167, 2.5983933784224007, 2.638840384796494, 2.611024466251794, 2.614579042390786, 2.614032756499366, 2.6011690720562686, 2.6039753283046756, 2.6006255156298144, 2.633530865509767, 2.620173843470311, 2.593808058717401, 2.6130400218911967, 2.6241738055312482, 2.63305113569013, 2.6149516276757945, 2.6123351695655406, 2.6105309322062746, 2.614382694924935, 2.6057286656379053, 2.6239646578771323, 2.61882450472445, 2.560096483417839, 2.5987535402753825, 2.609758081029377, 2.6507963727435793, 2.6186689060123367, 2.622361009639102, 2.5985878651902414, 2.6332341956382033, 2.624651980706785, 2.6168216010889815, 2.598867488698372, 2.582758339983269, 2.606597481180706, 2.604188023988831, 2.5864980655016736, 2.6390287398323466, 2.629413370191849, 2.61752233621472, 2.601876706792926], "valid_loss_array": [2.9361703780025104, 2.824502210481472, 2.804641781260052, 2.7757660223974434, 2.72275423212639, 2.696265425162293, 2.7213406133425746, 2.6671518415071387, 2.6591506648402645, 2.67461240009109, 2.634807577630355, 2.5857547877524136, 2.6545021262779054, 2.613872935986632, 2.6566826472350207, 2.5854477678995, 2.5882196912268327, 2.577847984729785, 2.5386475522371263, 2.5606182446412, 2.518002266002492, 2.584565699382981, 2.5502291573167413, 2.5718201822579188, 2.533295262481364, 2.61139310084248, 2.535713969813704, 2.5598130847605485, 2.5360447750272344, 2.5730166548236286, 2.541955543920327, 2.5745867304327366, 2.567731883853533, 2.559864558314825, 2.5169638943333195, 2.475590075361785, 2.5490769074426445, 2.4911588775038154, 2.5395495292699732, 2.460403154246615, 2.5509897555220182, 2.4790733301244074, 2.5107197473399445, 2.48959268325878, 2.5405582376001004, 2.5232369809354087, 2.4893920048718203, 2.478782503525793, 2.5056576265542994, 2.4664065577972556, 2.498207509235183, 2.4577253870489475, 2.5008543656335624, 2.4458833571293908, 2.495914023069409, 2.460370463782577, 2.508465139786779, 2.5253677153474348, 2.4611611699606004, 2.4785643606954277, 2.492539689439168, 2.4817650239049542, 2.4797561790140885, 2.4533219529554176, 2.47726659300203, 2.4298233759911705, 2.459718659025798, 2.471234600690869, 2.4926662258627292, 2.4605836834387755, 2.5514395869738684, 2.504537755279179, 2.5091996588413186, 2.4858668878745127, 2.5174428411004666, 2.4794226941339215, 2.496115769255218, 2.5061961966103286, 2.4910503428129225, 2.4659097364163514, 2.4877346838820036, 2.4804494928974674, 2.481279205936956, 2.466981887817383, 2.4808791734596, 2.4925972375824554], "train_accuracy_array": [0.06296547054840894, 0.08666215301286391, 0.10765064319566689, 0.11848341232227488, 0.11509817197020988, 0.12863913337846988, 0.12931618144888288, 0.12525389302640488, 0.13202437373053486, 0.13744075829383887, 0.13608666215301288, 0.14082599864590387, 0.14285714285714285, 0.13540961408259986, 0.16113744075829384, 0.15030467163168584, 0.14421123899796887, 0.14218009478672985, 0.14759647935003387, 0.16587677725118483, 0.16384563303994584, 0.17061611374407584, 0.16113744075829384, 0.14421123899796887, 0.16046039268788084, 0.14556533513879485, 0.17129316181448884, 0.15233581584292485, 0.16858496953283683, 0.15436696005416384, 0.17738659444820581, 0.16723087339201084, 0.1780636425186188, 0.15707515233581584, 0.16655382532159782, 0.18618821936357483, 0.18212593094109683, 0.16926201760324983, 0.17738659444820581, 0.18077183480027081, 0.16655382532159782, 0.17874069058903183, 0.18618821936357483, 0.17535545023696683, 0.15978334461746785, 0.16519972918077183, 0.17738659444820581, 0.17738659444820581, 0.17264725795531483, 0.16926201760324983, 0.16790792146242384, 0.17874069058903183, 0.18348002708192282, 0.17197020988490183, 0.15978334461746785, 0.16723087339201084, 0.17197020988490183, 0.17197020988490183, 0.17941773865944483, 0.16046039268788084, 0.17941773865944483, 0.16655382532159782, 0.17738659444820581, 0.16993906567366282, 0.17332430602572782, 0.16926201760324983, 0.1814488828706838, 0.19025050778605282, 0.1855111712931618, 0.1909275558564658, 0.16181448882870683, 0.17061611374407584, 0.16858496953283683, 0.17332430602572782, 0.16384563303994584, 0.16858496953283683, 0.15775220040622884, 0.18415707515233581, 0.18686526743398782, 0.16790792146242384, 0.17874069058903183, 0.18009478672985782, 0.17129316181448884, 0.16993906567366282, 0.17535545023696683, 0.16316858496953285], "valid_accuracy_array": [0.08530805687203792, 0.0924170616113744, 0.11374407582938388, 0.12322274881516587, 0.13270142180094788, 0.11374407582938388, 0.1066350710900474, 0.13981042654028436, 0.12796208530805686, 0.15165876777251186, 0.13744075829383887, 0.17061611374407584, 0.12085308056872038, 0.14691943127962084, 0.14454976303317535, 0.16824644549763032, 0.17061611374407584, 0.15639810426540285, 0.1848341232227488, 0.19194312796208532, 0.1872037914691943, 0.1966824644549763, 0.17298578199052134, 0.1895734597156398, 0.1990521327014218, 0.16113744075829384, 0.1943127962085308, 0.19194312796208532, 0.18009478672985782, 0.18009478672985782, 0.1895734597156398, 0.1943127962085308, 0.2037914691943128, 0.16113744075829384, 0.2132701421800948, 0.22748815165876776, 0.17298578199052134, 0.2132701421800948, 0.2014218009478673, 0.22511848341232227, 0.2014218009478673, 0.20616113744075829, 0.20616113744075829, 0.1943127962085308, 0.1895734597156398, 0.19194312796208532, 0.2037914691943128, 0.16350710900473933, 0.22274881516587677, 0.1872037914691943, 0.2037914691943128, 0.21800947867298578, 0.19194312796208532, 0.2132701421800948, 0.17061611374407584, 0.2156398104265403, 0.1943127962085308, 0.17535545023696683, 0.1872037914691943, 0.2037914691943128, 0.1943127962085308, 0.2109004739336493, 0.2156398104265403, 0.2132701421800948, 0.1895734597156398, 0.23222748815165878, 0.21800947867298578, 0.22274881516587677, 0.20616113744075829, 0.21800947867298578, 0.1966824644549763, 0.22511848341232227, 0.19194312796208532, 0.22748815165876776, 0.20853080568720378, 0.1943127962085308, 0.20853080568720378, 0.2037914691943128, 0.2132701421800948, 0.2014218009478673, 0.1895734597156398, 0.2156398104265403, 0.2037914691943128, 0.20616113744075829, 0.1848341232227488, 0.22037914691943128], "best_epoch": 67, "total_time": 1362.5694599151611, "train_time_sum": 1059.2036843299866, "eval_time_sum": 303.3404040336609, "accuracy": 21.0, "k1": 0.20999999344348907, "k5": 0.6000000834465027}