{"model_name": "densenet169", "train_loss_array": [2.006973280968017, 0.9240334784976517, 0.6147612363564137, 0.48213081230323057, 0.404426364637987, 0.34219101392181644, 0.31137003887321146, 0.27587442240282417, 0.2516372961495967, 0.23530419787282306, 0.21307027750549562, 0.19433932641953652, 0.18379631955819753, 0.1743835036919661, 0.17508057105880212, 0.15595588381619735, 0.15225291553791423, 0.14750166595506764, 0.13874912076328927, 0.12283553891817137, 0.1351433721148411, 0.120794233885583, 0.12112189858607045, 0.11505451047958234, 0.10288517338525789, 0.10924905120125879, 0.09419082986542762, 0.09683053907745984, 0.10291467291241815, 0.10135276156074709, 0.08988736812517138, 0.08790889655768912, 0.078867341483172, 0.08981510663635842, 0.08482741431087841, 0.09702765148135561, 0.0981332972676026, 0.07862955343404492, 0.06658637432599682, 0.06421193355894927, 0.07282635303354175, 0.07922376123538838, 0.07270954937100935, 0.07054078417275915, 0.07061312111446441, 0.08177506814338141, 0.06104058518844355, 0.0681606441756399, 0.061850671822895005, 0.06827556114888465, 0.058670059290381, 0.058345441858441184, 0.057422461221467505, 0.059061482229024756, 0.0653519862613306, 0.06051920504121964, 0.05675433491361085, 0.050636977702000895, 0.05506580782021391, 0.0514481448326903, 0.053956080274750996], "valid_loss_array": [1.1292934372526775, 0.6627202748687346, 0.49936898709473454, 0.38597981709439605, 0.34138814313999283, 0.31576478453044077, 0.3140459186728532, 0.2697674872892163, 0.2639483882917612, 0.25372629132457253, 0.22666824071434155, 0.21207114769878546, 0.23939994284750726, 0.2106205875371799, 0.18539535832454526, 0.19238496150256473, 0.17233011651325142, 0.1961941885810469, 0.18054015436584916, 0.19569652411707134, 0.16438361161975498, 0.15933673803681306, 0.18916993639409824, 0.15248613760440272, 0.1775549940711938, 0.14897072498211572, 0.21004499289785375, 0.19648901891775464, 0.14252671220017624, 0.1656785299613221, 0.17437767438420593, 0.15391688000066514, 0.14732226634936593, 0.14844832529856766, 0.15880059572466387, 0.16232473976381556, 0.17922397191146328, 0.1618854926953697, 0.13396181785876718, 0.1814642830937218, 0.12710836221893226, 0.16433896029534115, 0.15438636062419597, 0.1425685745292074, 0.16689560025747918, 0.17786343201555718, 0.17529202982118758, 0.13436749658516445, 0.16776809889615749, 0.1496163236147777, 0.15261421827334576, 0.156023995736298, 0.19931501391761985, 0.16446150590056527, 0.1397534528357127, 0.15019417969814514, 0.138844013231215, 0.20378033394464048, 0.19210390490921153, 0.16647862367151567, 0.18656282156814272], "train_accuracy_array": [0.4976303317535545, 0.8259986459038592, 0.8855788761002031, 0.9119837508463101, 0.9180771834800271, 0.9289099526066351, 0.926878808395396, 0.9383886255924171, 0.949221394719025, 0.946513202437373, 0.953960731211916, 0.960731211916046, 0.95937711577522, 0.966824644549763, 0.960731211916046, 0.970886932972241, 0.965470548408937, 0.970209884901828, 0.972241029113067, 0.97291807718348, 0.966824644549763, 0.976303317535545, 0.974272173324306, 0.9749492213947191, 0.9817197020988491, 0.977657413676371, 0.985781990521327, 0.981042654028436, 0.976303317535545, 0.974272173324306, 0.979011509817197, 0.983073798239675, 0.983073798239675, 0.977657413676371, 0.982396750169262, 0.976980365605958, 0.973595125253893, 0.984427894380501, 0.989844278943805, 0.989844278943805, 0.981042654028436, 0.980365605958023, 0.983073798239675, 0.988490182802979, 0.981042654028436, 0.975626269465132, 0.98645903859174, 0.980365605958023, 0.984427894380501, 0.982396750169262, 0.988490182802979, 0.98645903859174, 0.987813134732566, 0.985781990521327, 0.9851049424509141, 0.983750846310088, 0.983750846310088, 0.989844278943805, 0.9851049424509141, 0.9851049424509141, 0.987813134732566], "valid_accuracy_array": [0.7772511848341233, 0.8578199052132701, 0.8672985781990521, 0.9146919431279621, 0.9146919431279621, 0.9265402843601895, 0.9170616113744076, 0.9454976303317536, 0.9289099526066351, 0.933649289099526, 0.9360189573459715, 0.943127962085308, 0.943127962085308, 0.9360189573459715, 0.9502369668246445, 0.9383886255924171, 0.9478672985781991, 0.943127962085308, 0.9478672985781991, 0.9502369668246445, 0.9478672985781991, 0.943127962085308, 0.943127962085308, 0.9620853080568721, 0.943127962085308, 0.9691943127962085, 0.9454976303317536, 0.9454976303317536, 0.9549763033175356, 0.9549763033175356, 0.9478672985781991, 0.9454976303317536, 0.9644549763033176, 0.9644549763033176, 0.9502369668246445, 0.943127962085308, 0.933649289099526, 0.9502369668246445, 0.95260663507109, 0.9407582938388626, 0.966824644549763, 0.9407582938388626, 0.9549763033175356, 0.95260663507109, 0.9644549763033176, 0.943127962085308, 0.9478672985781991, 0.9549763033175356, 0.9478672985781991, 0.957345971563981, 0.9644549763033176, 0.95260663507109, 0.933649289099526, 0.9502369668246445, 0.9549763033175356, 0.957345971563981, 0.9597156398104265, 0.9407582938388626, 0.943127962085308, 0.9454976303317536, 0.9478672985781991], "best_epoch": 42, "total_time": 1031.14701962471, "train_time_sum": 805.1680643558502, "eval_time_sum": 225.96120047569275, "accuracy": 96.5}