{"model_name": "densenet161", "train_loss_array": [2.043484501606238, 0.9776690591003092, 0.6492875714356946, 0.491078107580593, 0.4214096535842162, 0.34604616498495167, 0.3094457112298112, 0.2743007446271629, 0.2511567409650329, 0.2136729891104882, 0.2111757723318215, 0.19684260830373965, 0.1787111365117168, 0.17151705654351873, 0.1646323439614064, 0.15749052268835687, 0.13061508564587454, 0.1404711400526314, 0.13144771777945916, 0.11908455112332336, 0.10922459183045151, 0.12058565917455755, 0.12158830192623586, 0.1052490082104705, 0.10523833990722552, 0.0965955238801931, 0.09786408519676269, 0.10666786097923323, 0.08337275461926198, 0.08750576738295882, 0.09280733621415047, 0.072426273314107, 0.08342022532767433, 0.07566469147821576, 0.07346886242049404, 0.07352827935301136, 0.07606932862624577, 0.07252402496180506, 0.06153308139381251, 0.06679777321314279, 0.05853375859467783, 0.07611156767265734, 0.05382160574308746, 0.05682767801158276, 0.06473915305268586, 0.05922840701097076, 0.06682133394405095, 0.0642667181951296, 0.05700982492051378, 0.058753465107448534, 0.051165792522302495, 0.05701711732382175, 0.06012190906261582, 0.06251309259643952, 0.05969240018793999, 0.05412870926370109, 0.04626736665092858, 0.04707776464852293, 0.04896059786344733, 0.041247410419760884, 0.049798996492302246, 0.048421423616153855, 0.04127052779698501, 0.04367120898679938, 0.04438575571901042, 0.04225696567963044, 0.04481653281037942, 0.043480546474734226, 0.04275228034581336, 0.05443696227850305, 0.044330513321705664, 0.04076162630915339, 0.04441462798717513, 0.03842288713912324, 0.037308014135431944, 0.03804402877611329, 0.03887943610657428, 0.03137560529582652, 0.03952681435509815, 0.033794628871767485, 0.031584430413450555, 0.04556536114507922, 0.03203895168672786, 0.037837871499473104, 0.03452888154440491, 0.037018180536181895, 0.03810068735059605, 0.04050045117600925, 0.03853573586183903, 0.03611611581241022, 0.03482088458376887, 0.03837865325808273, 0.03631945889028257, 0.024792172100468107, 0.027775486463336583, 0.02928110658848178, 0.03644931699277312, 0.03173321956792593, 0.027619795736301245, 0.0262432683564435, 0.03274075711901396, 0.028097234830763457, 0.025023545073197123, 0.02488133241911151, 0.03013369303919279, 0.02783051523955043, 0.028464916235809552], "valid_loss_array": [1.1224253691768193, 0.6443945491483426, 0.4841985736413025, 0.40399757225366567, 0.30011711795748125, 0.2996239324599081, 0.2444146028344665, 0.24068200877774948, 0.23268370485701267, 0.21342626164592274, 0.19624288860373024, 0.20158353285484404, 0.18457936520260093, 0.1931976075703499, 0.20258938614720418, 0.15769571934548599, 0.15791885297021593, 0.16201095258313897, 0.15099069793924902, 0.1511463229213422, 0.15123370088530944, 0.17088897925276328, 0.1585152686277837, 0.14445678153521077, 0.1743639638709231, 0.13857135293184297, 0.14343263191210714, 0.1242237049221145, 0.1107336960697626, 0.1668767653034903, 0.12627939200161192, 0.11543990037805661, 0.120395513127836, 0.13093885858830118, 0.11264855254847574, 0.12772008356466114, 0.14437578076505547, 0.12618456789738194, 0.12262196438078067, 0.1347462810196371, 0.11572698014677983, 0.12005997433049066, 0.12443974245145423, 0.1419251713222025, 0.11148882365975335, 0.1514091957007398, 0.13767236378485276, 0.12471493066098735, 0.10517934065365113, 0.12734951582070775, 0.09549813595781394, 0.10424185321794302, 0.11901510688277642, 0.09676185771116713, 0.12605152012983345, 0.11127338894770891, 0.11932455278244487, 0.10436787435528933, 0.12400813762681179, 0.12491997846697955, 0.09864069295548326, 0.10703796752997767, 0.1267294950686148, 0.09636392569725548, 0.094452647479048, 0.1335814333216274, 0.11306318497258763, 0.1167284304682183, 0.13468118903549361, 0.07939803883349479, 0.09545865066137642, 0.11632251884276268, 0.14170753182644705, 0.11555827076003944, 0.09963526379458289, 0.1272372083332372, 0.10550425959071277, 0.11602201273938491, 0.09410563679367868, 0.08489415913122879, 0.12446473847183076, 0.13933749143828714, 0.1408702298133718, 0.1194197549076389, 0.09706457132574003, 0.1652314659424338, 0.07444953939753862, 0.11608022229163356, 0.1172820216103267, 0.07689541451615321, 0.1202757496550079, 0.0887521382099044, 0.137478963741194, 0.10967460751612958, 0.12243364277512046, 0.17189344063498327, 0.1029365634152851, 0.10128092017218965, 0.11955941039892311, 0.12724425515239413, 0.1322666899857257, 0.09885269737586168, 0.08283939048586086, 0.11544051209808949, 0.13486691647301918, 0.11951617458261443, 0.08839684235090964], "train_accuracy_array": [0.4861205145565335, 0.8259986459038592, 0.8828706838185512, 0.9085985104942451, 0.9174001354096141, 0.9390656736628301, 0.939742721733243, 0.9451591062965471, 0.946513202437373, 0.964116452268111, 0.960054163845633, 0.9614082599864591, 0.963439404197698, 0.966824644549763, 0.966824644549763, 0.97291807718348, 0.974272173324306, 0.974272173324306, 0.972241029113067, 0.975626269465132, 0.984427894380501, 0.9783344617467841, 0.973595125253893, 0.9817197020988491, 0.977657413676371, 0.980365605958023, 0.9783344617467841, 0.976303317535545, 0.9851049424509141, 0.977657413676371, 0.9749492213947191, 0.985781990521327, 0.983750846310088, 0.983750846310088, 0.9851049424509141, 0.983750846310088, 0.981042654028436, 0.983750846310088, 0.990521327014218, 0.985781990521327, 0.988490182802979, 0.97968855788761, 0.993906567366283, 0.988490182802979, 0.987813134732566, 0.989844278943805, 0.983750846310088, 0.9851049424509141, 0.989844278943805, 0.98645903859174, 0.987813134732566, 0.9851049424509141, 0.98645903859174, 0.983750846310088, 0.983750846310088, 0.987813134732566, 0.987136086662153, 0.988490182802979, 0.990521327014218, 0.990521327014218, 0.989167230873392, 0.988490182802979, 0.989844278943805, 0.989844278943805, 0.991198375084631, 0.992552471225457, 0.991875423155044, 0.988490182802979, 0.991198375084631, 0.9851049424509141, 0.988490182802979, 0.991198375084631, 0.989167230873392, 0.991198375084631, 0.990521327014218, 0.991198375084631, 0.988490182802979, 0.995937711577522, 0.991875423155044, 0.990521327014218, 0.99322951929587, 0.987813134732566, 0.991875423155044, 0.992552471225457, 0.99322951929587, 0.989167230873392, 0.989167230873392, 0.987813134732566, 0.987813134732566, 0.989167230873392, 0.991875423155044, 0.989167230873392, 0.990521327014218, 0.994583615436696, 0.992552471225457, 0.991875423155044, 0.990521327014218, 0.988490182802979, 0.993906567366283, 0.994583615436696, 0.99322951929587, 0.990521327014218, 0.99322951929587, 0.995260663507109, 0.991198375084631, 0.993906567366283, 0.99322951929587],