{"model_name": "densenet121", "train_loss_array": [2.2148928074071597, 1.1250781627950752, 0.7710979764898968, 0.6272696324434326, 0.5033392092224385, 0.4290313539104681, 0.40547944366245875, 0.36915431457673203, 0.32677435689305, 0.29499665215439946, 0.27370267719050556, 0.26517211822900083, 0.23711297900675113, 0.24321658631878765, 0.22383997802727917, 0.21626706707897264, 0.20405355191706964, 0.19958839002055903, 0.19721287296241252, 0.19257850098545357, 0.17473125008811963, 0.16762571404048052, 0.1487668238141364, 0.15300120756827099, 0.15627985852710605, 0.15507615151825835, 0.1581742799939864, 0.13868906862463753, 0.12641177507534815, 0.14376524233019022, 0.1337050779211255, 0.12037911644418577, 0.12132539207175042, 0.12592670398391656, 0.12125118718953574, 0.11346193158856581, 0.1174976861731136, 0.11616144710161755, 0.11769966096361908, 0.12326914452384595, 0.12167760626883949, 0.10456692562586727, 0.0911901792134275, 0.1012027987714708, 0.10311692665831092, 0.11612627194209445, 0.09093422837651252, 0.08667124719809824, 0.10142804433818031, 0.10568614231174107, 0.10479484683630348, 0.07528581801163803, 0.09367174674619995, 0.0888589359668557, 0.09564017330926257, 0.09466566535604509, 0.08726626632327798, 0.08433592040911468, 0.09153027187329171, 0.08831208060289365, 0.09264529155934269, 0.07325157369805416, 0.08853499424380876, 0.07898186066502563, 0.0911144583171376, 0.07848863059007888, 0.0751804193997593, 0.09652502865315533, 0.08185740856021219, 0.08585214397832802, 0.06395110360062356, 0.0758051072236607, 0.07062097233527806, 0.06688157445703839, 0.07731792778684711, 0.06747200843148544, 0.06868723346602698, 0.07110509328347409, 0.0747130517289799, 0.06308911119183537, 0.08466694403639013, 0.05856099209357898, 0.0794575378909132, 0.08048150428118703, 0.06412879567651347, 0.05717430420134143, 0.06572348564187255, 0.062368235413991446, 0.06886502655226795, 0.0761491118065796], "valid_loss_array": [1.3569110366405468, 0.8791286024437132, 0.686683541225596, 0.5053571318563127, 0.5025678000178947, 0.42452494524666484, 0.3943764099860078, 0.3536686390214622, 0.35337973368393866, 0.36322990243468806, 0.34636122525020796, 0.2827783126684162, 0.2851041770094379, 0.29774065421655843, 0.3247469684100264, 0.2878417728636502, 0.2532981535975967, 0.27840300271578877, 0.2691231759803555, 0.23105254303222583, 0.26241810782260805, 0.26502898473169, 0.222810993968593, 0.25335623020244435, 0.23881540486315414, 0.2266093727324811, 0.2368647516197503, 0.24934555399474376, 0.2576969745105477, 0.21706279554355765, 0.2537310324362104, 0.23928096565590085, 0.23913221601485077, 0.22634459491730866, 0.23287940923989667, 0.18604442929204607, 0.23483854779417482, 0.2588952901592187, 0.207799208990488, 0.2309497408392305, 0.23250418285711258, 0.21977679754532345, 0.2072350679592216, 0.2271108408745431, 0.1887939246062419, 0.18874587093908074, 0.2320289689765016, 0.2343839108590831, 0.24015460294004864, 0.16757907866725424, 0.21076166396739923, 0.23248745794121123, 0.24762563631644746, 0.2307145635804859, 0.1925219316476894, 0.26239223954801877, 0.17317418912999438, 0.2427387594187994, 0.22739835856791357, 0.2728268096126369, 0.24440361381071438, 0.22472653721604868, 0.23688315487162198, 0.2457156752664331, 0.27508401602365395, 0.2399074518744132, 0.24340444767927105, 0.18578024616385524, 0.18376371458667148, 0.22277760991199885, 0.21823537220816477, 0.24352513695073918, 0.23363620625429243, 0.23466787049414423, 0.2014257038162218, 0.1725354522126793, 0.27002884186274634, 0.22823489652461068, 0.2681051151235522, 0.21117681911065114, 0.18454233262140604, 0.20332098420338607, 0.22570707843201984, 0.2114358637393651, 0.25184386310948864, 0.1930069567379652, 0.19172223913372977, 0.2179461913139193, 0.21841591129617952, 0.24682149824231722], "train_accuracy_array": [0.4211238997968856, 0.7874069058903183, 0.8463100880162492, 0.8639133378469871, 0.8957345971563981, 0.909952606635071, 0.916723087339201, 0.9221394719025051, 0.9390656736628301, 0.9322951929587001, 0.940419769803656, 0.9383886255924171, 0.949221394719025, 0.940419769803656, 0.95260663507109, 0.947190250507786, 0.949898442789438, 0.949898442789438, 0.9546377792823291, 0.955991875423155, 0.960731211916046, 0.9614082599864591, 0.960731211916046, 0.966824644549763, 0.9620853080568721, 0.960731211916046, 0.957345971563981, 0.966824644549763, 0.968855788761002, 0.9620853080568721, 0.9681787406905891, 0.975626269465132, 0.972241029113067, 0.967501692620176, 0.969532836831415, 0.966824644549763, 0.9681787406905891, 0.966824644549763, 0.966824644549763, 0.968855788761002, 0.966824644549763, 0.973595125253893, 0.979011509817197, 0.979011509817197, 0.970886932972241, 0.968855788761002, 0.980365605958023, 0.9783344617467841, 0.974272173324306, 0.962762356127285, 0.9647935003385241, 0.98645903859174, 0.976303317535545, 0.9749492213947191, 0.972241029113067, 0.976303317535545, 0.976303317535545, 0.973595125253893, 0.9783344617467841, 0.974272173324306, 0.973595125253893, 0.97968855788761, 0.976980365605958, 0.97968855788761, 0.97291807718348, 0.97291807718348, 0.982396750169262, 0.9681787406905891, 0.9783344617467841, 0.9715639810426541, 0.985781990521327, 0.980365605958023, 0.9817197020988491, 0.981042654028436, 0.976303317535545, 0.984427894380501, 0.980365605958023, 0.980365605958023, 0.976980365605958, 0.9851049424509141, 0.974272173324306, 0.983073798239675, 0.976303317535545, 0.972241029113067, 0.984427894380501, 0.98645903859174, 0.983073798239675, 0.979011509817197, 0.983073798239675, 0.97291807718348], "valid_accuracy_array": [0.7417061611374408, 0.8080568720379147, 0.8554502369668247, 0.9052132701421801, 0.8767772511848341, 0.8909952606635071, 0.8886255924170616, 0.9052132701421801, 0.9028436018957346, 0.8909952606635071, 0.8909952606635071, 0.9289099526066351, 0.9028436018957346, 0.9170616113744076, 0.8957345971563981, 0.9052132701421801, 0.9170616113744076, 0.8886255924170616, 0.933649289099526, 0.9289099526066351, 0.9170616113744076, 0.909952606635071, 0.9289099526066351, 0.9241706161137441, 0.919431279620853, 0.909952606635071, 0.9170616113744076, 0.919431279620853, 0.9170616113744076, 0.9265402843601895, 0.919431279620853, 0.9289099526066351, 0.9146919431279621, 0.9218009478672986, 0.9218009478672986, 0.9312796208530806, 0.933649289099526, 0.9170616113744076, 0.9289099526066351, 0.9289099526066351, 0.919431279620853, 0.9218009478672986, 0.9265402843601895, 0.9289099526066351, 0.9360189573459715, 0.933649289099526, 0.9241706161137441, 0.9289099526066351, 0.9123222748815166, 0.9454976303317536, 0.9241706161137441, 0.9241706161137441, 0.9075829383886256, 0.9170616113744076, 0.943127962085308, 0.9028436018957346, 0.943127962085308, 0.9312796208530806, 0.9218009478672986, 0.9123222748815166, 0.9075829383886256, 0.9241706161137441, 0.9241706161137441, 0.9170616113744076, 0.9052132701421801, 0.9170616113744076, 0.9218009478672986, 0.9407582938388626, 0.9407582938388626, 0.933649289099526, 0.9146919431279621, 0.9289099526066351, 0.919431279620853, 0.9241706161137441, 0.9265402843601895, 0.933649289099526, 0.9218009478672986, 0.9218009478672986, 0.9028436018957346, 0.9123222748815166, 0.933649289099526, 0.9289099526066351, 0.9123222748815166, 0.9312796208530806, 0.9241706161137441, 0.9265402843601895, 0.9407582938388626, 0.9146919431279621, 0.9289099526066351, 0.9289099526066351], "best_epoch": 51, "total_time": 1356.774322271347, "train_time_sum": 1063.0210909843445, "eval_time_sum": 293.73026037216187, "accuracy": 91.5}