{"model_name": "densenet161", "train_loss_array": [1.9534788991279834, 0.8944269971582804, 0.5901064440133851, 0.4563021725630066, 0.37718415786950427, 0.33087359101447855, 0.2818405319486991, 0.26512034643963533, 0.2228783633189179, 0.19939886624234388, 0.19033632579290471, 0.18743656445029788, 0.15550072947182847, 0.14982537863701684, 0.14445345213960858, 0.143322518873473, 0.12723003650688205, 0.12276996225723966, 0.12148717290941896, 0.1157735926764352, 0.11569146188726358, 0.10989050225644154, 0.10790736798371063, 0.11314256982367105, 0.09085577987159679, 0.08628324116848173, 0.08602126192909362, 0.08849674268936537, 0.0797552042889813, 0.07687012668378707, 0.07807360554950094, 0.07388096916146915, 0.0736993495198364, 0.08226745291666639, 0.0638225067131973, 0.06937305129857667, 0.07346651194643636, 0.07085132079934178, 0.06331762059963104, 0.06451797953093666, 0.06460865227393327, 0.059549244553274455, 0.05514302333222908, 0.05899226544872582, 0.05206443375189642, 0.05250881109752402, 0.05608946439093162, 0.05378955044987319, 0.059486683038143424, 0.051505728805729, 0.05434022155403082, 0.04952497853088516, 0.05913899366768454, 0.03970038554881502, 0.04029477059150073, 0.04134467353075793, 0.05163212447599353, 0.04430603325119798, 0.03559469436683119, 0.04033583261421961, 0.035416410443326996, 0.03907445219667602, 0.04040252910857577, 0.04595914901188179, 0.041914456846165994, 0.04665911671142463, 0.03716599738910118, 0.04309806324914854, 0.04344921883513436, 0.03806950105953213, 0.039350891340153196, 0.039132987793166756, 0.03585612133634639, 0.03490983660111535, 0.03263296829139311, 0.036823337567880615, 0.02779427420924252, 0.03980098737431494, 0.03090987145142805, 0.034778760177680446, 0.029204823603234384, 0.03409141967354939, 0.03100978693475262, 0.029983140731239206, 0.036469967496696766, 0.04194832398803979, 0.040103634667110526, 0.0416552511790418, 0.04191125927495498, 0.029483441045582193, 0.026118391152779013, 0.026658600903089053, 0.027900594338641005, 0.024222312230123718, 0.024696026331749502, 0.02591598189004603, 0.03482470151065983, 0.023649735500772477, 0.03564017964385137, 0.029335351773716142], "valid_loss_array": [1.1313951416603196, 0.6800343850495126, 0.5290233039460476, 0.42141026738695625, 0.3582376250158554, 0.3174776549128842, 0.2849265695130232, 0.26114749527090536, 0.26960958611061225, 0.24610200116931685, 0.2553826797559363, 0.21784596625380043, 0.20596082619793044, 0.21417364268011957, 0.2091547442951584, 0.2089421642763249, 0.17973444414859135, 0.19730188395972562, 0.19187339354677224, 0.18201319092302032, 0.17960177647982728, 0.19690349721901507, 0.2023053231287165, 0.19817352285983827, 0.1900327356236488, 0.1763266840380268, 0.16535801040582465, 0.16436218382940757, 0.15953471255157656, 0.17229394673842108, 0.1388194824347407, 0.16299979991866584, 0.13998398670210266, 0.14994731003979123, 0.13781311886881778, 0.14428544358760825, 0.18106671756986414, 0.18101666992755333, 0.16877168186794594, 0.14968219586599493, 0.16457582861284387, 0.12554412659189235, 0.13854345996197648, 0.16267341050491513, 0.15653851547140393, 0.15749528308308539, 0.1620834737581847, 0.15088112375111942, 0.1432428289231319, 0.17225929002883905, 0.12844798828682627, 0.1988289767213638, 0.14494883437791037, 0.16489257005686647, 0.13272785654035507, 0.12132929638028145, 0.17028071485843843, 0.15620607321999716, 0.14463310791576783, 0.16602899454588296, 0.14845058821821452, 0.1393759144559476, 0.16089978417788822, 0.12022934607268748, 0.15191199656292328, 0.16611493190682064, 0.13606400057238, 0.1533617242084931, 0.15778232939578307, 0.14494955800893006, 0.16948400218104856, 0.20145141687953153, 0.1314157979668811, 0.15812267843898445, 0.15746922688161452, 0.16127746626154035, 0.13112971129886272, 0.17415821320990815, 0.14417218706120974, 0.11107270751270946, 0.14565927268709228, 0.11954493061177983, 0.12299703235982948, 0.16942427764897472, 0.16720518901264428, 0.17857625760889836, 0.16383765807732006, 0.11545684275777914, 0.17529505907538043, 0.17981641834852935, 0.17053836199137856, 0.21467308403553206, 0.1609302821521696, 0.14393898477238246, 0.16037507250046268, 0.17647933524148318, 0.1326059965726862, 0.16584777813355142, 0.15967146099820376, 0.15825567218668563], "train_accuracy_array": [0.5084631008801624, 0.8429248476641842, 0.8957345971563981, 0.9119837508463101, 0.926201760324983, 0.9356804333107651, 0.946513202437373, 0.949221394719025, 0.9580230196343941, 0.964116452268111, 0.963439404197698, 0.9647935003385241, 0.970886932972241, 0.970886932972241, 0.9681787406905891, 0.9715639810426541, 0.976980365605958, 0.97968855788761, 0.972241029113067, 0.976303317535545, 0.976303317535545, 0.977657413676371, 0.976980365605958, 0.9681787406905891, 0.9783344617467841, 0.9817197020988491, 0.9817197020988491, 0.981042654028436, 0.984427894380501, 0.9817197020988491, 0.983073798239675, 0.98645903859174, 0.983750846310088, 0.9783344617467841, 0.98645903859174, 0.984427894380501, 0.97968855788761, 0.983073798239675, 0.98645903859174, 0.985781990521327, 0.98645903859174, 0.987136086662153, 0.985781990521327, 0.98645903859174, 0.987813134732566, 0.989844278943805, 0.987136086662153, 0.987136086662153, 0.9851049424509141, 0.988490182802979, 0.985781990521327, 0.988490182802979, 0.983750846310088, 0.992552471225457, 0.990521327014218, 0.99322951929587, 0.987136086662153, 0.989844278943805, 0.993906567366283, 0.990521327014218, 0.991198375084631, 0.991875423155044, 0.987813134732566, 0.990521327014218, 0.989844278943805, 0.988490182802979, 0.991875423155044, 0.985781990521327, 0.989167230873392, 0.991198375084631, 0.991198375084631, 0.989167230873392, 0.992552471225457, 0.991875423155044, 0.99322951929587, 0.989844278943805, 0.995260663507109, 0.988490182802979, 0.991875423155044, 0.992552471225457, 0.993906567366283, 0.990521327014218, 0.990521327014218, 0.991875423155044, 0.98645903859174, 0.985781990521327, 0.989167230873392, 0.9851049424509141, 0.98645903859174, 0.991198375084631, 0.997291807718348, 0.995260663507109, 0.99322951929587, 0.995260663507109, 0.993906567366283, 0.993906567366283, 0.990521327014218, 0.994583615436696, 0.988490182802979, 0.992552471225457],