{"model_name": "googlenet", "train_loss_array": [1.8663646595334393, 1.253797934680027, 0.9575981950146488, 0.8120513848945267, 0.702455397506138, 0.6410955222942737, 0.5962037849079215, 0.5275120544288315, 0.5100663307759111, 0.466689584661999, 0.47052137639446684, 0.4395395733249615, 0.425148939553676, 0.39449547902102716, 0.4069181213769545, 0.3794361417690644, 0.34634719983742057, 0.33350052521611356, 0.3562251570746151, 0.3321086930800872, 0.35069652739092555, 0.31858669962928193, 0.3335526003253242, 0.3169088949201554, 0.2905049947321859, 0.2983243962599768, 0.28871170479297315, 0.2818956957447747, 0.27532257443355723, 0.2789972197105534, 0.2586899601331658, 0.26371336953819163, 0.26509046826963095, 0.2706195981611896, 0.27131301374474165, 0.2665898525279038, 0.2513563409094562, 0.2460182708566384, 0.25177026105718026, 0.24334918036199374, 0.24054388917816114, 0.23727566006826079, 0.2504134766641467, 0.2268465657692627, 0.22188395938723168, 0.24998745771179187, 0.23497509848409678, 0.22378923345959986, 0.20822702791130696, 0.21845377671936517, 0.21074208512286843, 0.23818465513438894, 0.19887175574928986, 0.21688316967754487, 0.21508314123549974, 0.19703933401897136, 0.22027263081630663, 0.22108651150822559, 0.2095991858636195, 0.21164948349476828, 0.20028564445901417, 0.20190254729253743, 0.1952069253738296, 0.19491707193100863, 0.22088962077045246, 0.20910521297537157, 0.1812768367219391, 0.216797792132674, 0.18639164143062234, 0.21776303372515482, 0.20820478969880998, 0.205271912992162, 0.20871415103740926, 0.20442492198564752, 0.19130498088628922, 0.20043441957429042, 0.1827280839644095, 0.1868450408883408, 0.1833150474986436, 0.1907459729544682, 0.2053777377147003, 0.21383697334260818, 0.18108625807871911, 0.18599774897824936, 0.19039532749049148, 0.20049462571346688, 0.1702818113531143, 0.18749504636143338, 0.16525527427304654, 0.19845688992262533, 0.1799325490459931, 0.18915731337277084, 0.20775637329734495, 0.16995274103527225, 0.19884475505707147, 0.19248279774802396], "valid_loss_array": [1.3604994204372027, 1.0072744474591802, 0.8179247616591612, 0.727648821487246, 0.6419303064097726, 0.5635905613266461, 0.5348132862863948, 0.5149732350738128, 0.44699493785040073, 0.4545406168106043, 0.4042574952563968, 0.4198455135404216, 0.41163316256062116, 0.35579882286736186, 0.35856508417717087, 0.3286195076754873, 0.33371632669774276, 0.35491921071192667, 0.32527152042818297, 0.31967857550670753, 0.31830388808984894, 0.3193713262041598, 0.3162556772265954, 0.30057499186970044, 0.311888866373713, 0.3102241624234977, 0.295023621717618, 0.28629521319369006, 0.273220433725565, 0.3123995177271242, 0.25776684312458853, 0.2678540668922578, 0.2741803702019967, 0.24230619269242218, 0.24651995039946661, 0.31491135011352067, 0.2523239338991201, 0.2795514970382243, 0.2480911877341745, 0.295482402022981, 0.25011426845997997, 0.2813444357912687, 0.2575547714580857, 0.23679489847184357, 0.2340397283223003, 0.24522877862385664, 0.255401143671777, 0.27592652947840535, 0.24375228562626228, 0.25222702726933627, 0.25285799525925334, 0.21172709657117653, 0.21587896919080996, 0.2243267924158494, 0.23953482007245883, 0.2901949242322366, 0.27546724249825094, 0.19173571086042865, 0.2491436001107591, 0.20927175496356182, 0.22128308802772473, 0.24472878776243512, 0.23810609649001704, 0.21625421750602, 0.20751132604211428, 0.2436079891372066, 0.23586353094656887, 0.2602514055561963, 0.21684212749603235, 0.2255460534474296, 0.21949655431989246, 0.21304585459814251, 0.22071761083546407, 0.21653791824223306, 0.19470168259083095, 0.1859474727680898, 0.2317999664923591, 0.22912127559925144, 0.2027057031637402, 0.21617788235299396, 0.20446430288378803, 0.2162343820830657, 0.21116877336637668, 0.23466867907634845, 0.2303301201365288, 0.18852788054547603, 0.2109993572624939, 0.21554673162964283, 0.218122607088202, 0.18717894809082222, 0.250867484905426, 0.23276068835179387, 0.2492903450336219, 0.19154610686110093, 0.21329646483416806, 0.19331880632381868], "train_accuracy_array": [0.5714285714285714, 0.7433987813134733, 0.8043331076506431, 0.8259986459038592, 0.8496953283683142, 0.8571428571428571, 0.8605280974949221, 0.8767772511848341, 0.8754231550440081, 0.8903182125930941, 0.8835477318889641, 0.8903182125930941, 0.8882870683818551, 0.8930264048747462, 0.8896411645226812, 0.8984427894380501, 0.9085985104942451, 0.9187542315504401, 0.9052132701421801, 0.9085985104942451, 0.9113067027758971, 0.9153689911983751, 0.9004739336492891, 0.9153689911983751, 0.9214624238320921, 0.9160460392687881, 0.9126607989167231, 0.9140148950575491, 0.9174001354096141, 0.9174001354096141, 0.930264048747461, 0.9241706161137441, 0.9241706161137441, 0.9214624238320921, 0.920108327691266, 0.9275558564658091, 0.9255247122545701, 0.9241706161137441, 0.9221394719025051, 0.9289099526066351, 0.932972241029113, 0.937034529451591, 0.9282329045362221, 0.9350033852403521, 0.9377115775220041, 0.920108327691266, 0.9214624238320921, 0.932972241029113, 0.9383886255924171, 0.9309410968178741, 0.9350033852403521, 0.9241706161137441, 0.9417738659444821, 0.929587000677048, 0.937034529451591, 0.943805010155721, 0.9248476641841571, 0.9309410968178741, 0.9343263371699391, 0.9350033852403521, 0.9377115775220041, 0.943805010155721, 0.932972241029113, 0.942450914014895, 0.9275558564658091, 0.9316181448882871, 0.943805010155721, 0.930264048747461, 0.9383886255924171, 0.933649289099526, 0.9309410968178741, 0.9377115775220041, 0.926878808395396, 0.9316181448882871, 0.937034529451591, 0.9356804333107651, 0.9410968178740691, 0.939742721733243, 0.940419769803656, 0.936357481381178, 0.9255247122545701, 0.9248476641841571, 0.9410968178740691, 0.9383886255924171, 0.9350033852403521, 0.936357481381178, 0.9417738659444821, 0.9417738659444821, 0.9444820582261341, 0.9383886255924171, 0.9417738659444821, 0.9356804333107651, 0.9282329045362221, 0.9444820582261341, 0.9289099526066351, 0.9309410968178741], "valid_accuracy_array": [0.7227488151658767, 0.7819905213270142, 0.8080568720379147, 0.8222748815165877, 0.8459715639810427, 0.8530805687203792, 0.8412322274881516, 0.8507109004739336, 0.8744075829383886, 0.8744075829383886, 0.9028436018957346, 0.8767772511848341, 0.8672985781990521, 0.9052132701421801, 0.8957345971563981, 0.9004739336492891, 0.9075829383886256, 0.9004739336492891, 0.9004739336492891, 0.9075829383886256, 0.8981042654028436, 0.8909952606635071, 0.9123222748815166, 0.9028436018957346, 0.9075829383886256, 0.8957345971563981, 0.909952606635071, 0.9170616113744076, 0.9075829383886256, 0.8957345971563981, 0.919431279620853, 0.9218009478672986, 0.9028436018957346, 0.9170616113744076, 0.919431279620853, 0.8909952606635071, 0.9170616113744076, 0.9028436018957346, 0.9052132701421801, 0.9052132701421801, 0.919431279620853, 0.9146919431279621, 0.9146919431279621, 0.919431279620853, 0.9218009478672986, 0.9146919431279621, 0.9218009478672986, 0.8981042654028436, 0.9028436018957346, 0.919431279620853, 0.9241706161137441, 0.9170616113744076, 0.9265402843601895, 0.9218009478672986, 0.909952606635071, 0.9123222748815166, 0.9052132701421801, 0.9289099526066351, 0.9028436018957346, 0.9360189573459715, 0.9407582938388626, 0.9146919431279621, 0.9265402843601895, 0.9241706161137441, 0.9312796208530806, 0.9075829383886256, 0.9241706161137441, 0.8957345971563981, 0.9265402843601895, 0.9218009478672986, 0.933649289099526, 0.9241706161137441, 0.919431279620853, 0.9170616113744076, 0.933649289099526, 0.9360189573459715, 0.9241706161137441, 0.919431279620853, 0.919431279620853, 0.933649289099526, 0.919431279620853, 0.9289099526066351, 0.9312796208530806, 0.9004739336492891, 0.9241706161137441, 0.943127962085308, 0.9218009478672986, 0.933649289099526, 0.9241706161137441, 0.9360189573459715, 0.9052132701421801, 0.909952606635071, 0.9075829383886256, 0.9289099526066351, 0.919431279620853, 0.9312796208530806], "best_epoch": 77, "total_time": 1429.768033027649, "train_time_sum": 1069.331974029541, "eval_time_sum": 360.4110884666443, "accuracy": 90.5}