{"model_name": "googlenet", "train_loss_array": [2.4011233319442016, 1.4908341647970087, 1.0994963748437292, 0.8932311525196341, 0.7571897189925471, 0.6805419670058491, 0.6142779084259219, 0.5768853042201569, 0.5392947124724624, 0.4869884212394784, 0.49300307614543426, 0.46016563373235086, 0.4228926169040967, 0.4323875792299321, 0.4085505735091285, 0.395305887843276, 0.41020150745972317, 0.3768556001586695, 0.34856383931257473, 0.3582404583753083, 0.33489991732562163, 0.3419378105457683, 0.3370697918621043, 0.3100733023764882, 0.34063917441834607, 0.3187718834821324, 0.33272047061410076, 0.306071438813379, 0.2976556392682914, 0.3044372215392869, 0.29339161408294595, 0.291663387698262, 0.28382451220913035, 0.2707735740843865, 0.25185313109578356, 0.28280805153223654, 0.2748444120102665, 0.2611406221985817, 0.25748046975867844, 0.25619463701262696, 0.24817413366074972, 0.25730233106285477, 0.24826246697755786, 0.2648234710440332, 0.25081883702797914, 0.2391319184910226, 0.23462728405914843, 0.23333224792414287, 0.2636654453456765, 0.24276174449525173, 0.21822652630331393, 0.23236684112752218, 0.22462158928106343, 0.24816715976597897, 0.21844729648987507, 0.24526865810619952, 0.22571051015834512, 0.23417469088338724, 0.21730888440710674, 0.21620763864522055, 0.21864616945032825, 0.224972366832686, 0.22661556252048237, 0.23547407278012972, 0.21672929884940284, 0.20201910542388501, 0.2151483163469614, 0.19768768810265436, 0.22100431640546064, 0.20394679303195884, 0.19984074569759372, 0.20466269495201497, 0.21936736468253462, 0.21458127165494453, 0.19822592177783305, 0.2169028498136521, 0.1923236643243518, 0.2147276005080284], "valid_loss_array": [1.6789007571071246, 1.1294867817259513, 0.9053834555273372, 0.7436120351908896, 0.6278179361356944, 0.6006237593307314, 0.5281824257701494, 0.5372831094038995, 0.47747064342995954, 0.4840489427484042, 0.4464084804058075, 0.43637018774358016, 0.4340817189612095, 0.3934891855264727, 0.39028908531247725, 0.3930355681909769, 0.33569363268065794, 0.34313996030256083, 0.370246972447323, 0.317854135381102, 0.30215540210500147, 0.31735329393526956, 0.3393422119425371, 0.3334902926078905, 0.32647384999770124, 0.3147683786272438, 0.32544466605966127, 0.3060575817574822, 0.3065868103391186, 0.31361786526808805, 0.2712258844155271, 0.3135569049707521, 0.3009861280426595, 0.25990230332336156, 0.25661475709264314, 0.29726811353629234, 0.3169658389207311, 0.2953809684063021, 0.3070136805846228, 0.2941033848654037, 0.2834997465260221, 0.2874347004704001, 0.24157318225686583, 0.2539521799515491, 0.3072952266553002, 0.29546158425333374, 0.2667734712997884, 0.2664740128680993, 0.2631116882672807, 0.26282055958469897, 0.2498666549816516, 0.258850521421263, 0.2638787530468538, 0.2725617611224617, 0.27053026530132473, 0.2611430137290209, 0.24480096967581888, 0.23387798977689156, 0.2937836187993181, 0.28363463407055745, 0.2649738997997831, 0.24468514690466966, 0.27214649425581167, 0.2565826654999177, 0.2604006290859521, 0.23634890106758236, 0.26799802037211956, 0.24507307427189362, 0.2816577799512312, 0.25373084112224986, 0.23864646690292945, 0.23913389008262712, 0.2771348180999688, 0.2547302615091699, 0.23485554313348933, 0.30485687277752077, 0.26273706583615164, 0.24065975311666868], "train_accuracy_array": [0.38388625592417064, 0.6811103588354773, 0.7725118483412322, 0.8070412999322952, 0.8300609343263372, 0.8476641841570751, 0.8571428571428571, 0.8598510494245092, 0.8639133378469871, 0.8788083953960731, 0.8740690589031821, 0.8761002031144212, 0.8896411645226812, 0.8842247799593771, 0.8821936357481381, 0.8909952606635071, 0.8869329722410291, 0.8937034529451591, 0.9025050778605281, 0.8943805010155721, 0.899796885578876, 0.8991198375084631, 0.906567366283006, 0.9126607989167231, 0.9079214624238321, 0.909952606635071, 0.9025050778605281, 0.906567366283006, 0.9160460392687881, 0.920108327691266, 0.9140148950575491, 0.9146919431279621, 0.9146919431279621, 0.9174001354096141, 0.929587000677048, 0.9092755585646581, 0.916723087339201, 0.9187542315504401, 0.9255247122545701, 0.926201760324983, 0.9289099526066351, 0.9255247122545701, 0.9248476641841571, 0.9160460392687881, 0.9180771834800271, 0.933649289099526, 0.9289099526066351, 0.933649289099526, 0.926878808395396, 0.929587000677048, 0.9322951929587001, 0.9241706161137441, 0.933649289099526, 0.916723087339201, 0.9309410968178741, 0.923493568043331, 0.926201760324983, 0.9174001354096141, 0.930264048747461, 0.9350033852403521, 0.9309410968178741, 0.926201760324983, 0.923493568043331, 0.926878808395396, 0.9322951929587001, 0.9350033852403521, 0.9282329045362221, 0.9350033852403521, 0.9343263371699391, 0.936357481381178, 0.9289099526066351, 0.9356804333107651, 0.926878808395396, 0.9309410968178741, 0.937034529451591, 0.919431279620853, 0.9356804333107651, 0.9255247122545701], "valid_accuracy_array": [0.7037914691943128, 0.7867298578199052, 0.8104265402843602, 0.8507109004739336, 0.8672985781990521, 0.8341232227488151, 0.8672985781990521, 0.8412322274881516, 0.8767772511848341, 0.8625592417061612, 0.8838862559241706, 0.8767772511848341, 0.8862559241706162, 0.8933649289099526, 0.8981042654028436, 0.8672985781990521, 0.9170616113744076, 0.8957345971563981, 0.9052132701421801, 0.919431279620853, 0.9265402843601895, 0.9028436018957346, 0.8862559241706162, 0.9004739336492891, 0.9004739336492891, 0.9075829383886256, 0.8981042654028436, 0.9052132701421801, 0.8909952606635071, 0.8957345971563981, 0.919431279620853, 0.9028436018957346, 0.8981042654028436, 0.9146919431279621, 0.9218009478672986, 0.9028436018957346, 0.9146919431279621, 0.8933649289099526, 0.8933649289099526, 0.9218009478672986, 0.9004739336492891, 0.9004739336492891, 0.919431279620853, 0.9052132701421801, 0.9004739336492891, 0.8957345971563981, 0.9052132701421801, 0.9052132701421801, 0.9265402843601895, 0.9218009478672986, 0.9146919431279621, 0.9075829383886256, 0.9075829383886256, 0.9004739336492891, 0.8981042654028436, 0.9170616113744076, 0.9289099526066351, 0.909952606635071, 0.8981042654028436, 0.9052132701421801, 0.9170616113744076, 0.909952606635071, 0.9218009478672986, 0.919431279620853, 0.9146919431279621, 0.9265402843601895, 0.9052132701421801, 0.9146919431279621, 0.909952606635071, 0.919431279620853, 0.9312796208530806, 0.9170616113744076, 0.9028436018957346, 0.919431279620853, 0.9075829383886256, 0.8933649289099526, 0.9265402843601895, 0.9123222748815166], "best_epoch": 59, "total_time": 896.8345205783844, "train_time_sum": 698.4983379840851, "eval_time_sum": 198.31013321876526, "accuracy": 91.5}