{"model_name": "inception_v3", "train_loss_array": [2.464000659289195, 1.547599645748926, 1.175938336124433, 0.9784226773474454, 0.8485383190007814, 0.7609113667087128, 0.6861143424935493, 0.6493342130185787, 0.6130434462325187, 0.5792624493587961, 0.5491249243310762, 0.536907885675101, 0.5212781303987846, 0.5038540000921984, 0.5015310591431026, 0.4677618485330002, 0.46901815255994156, 0.46811844195638386, 0.45868004034238646, 0.4287651157209659, 0.41134977513216764, 0.4214284329617758, 0.39200075956398195, 0.40037082788422856, 0.39375239097151954, 0.38494114909691834, 0.3844553348415997, 0.3684076859729873, 0.3687150277091429, 0.36384920474235155, 0.393075399458933, 0.36325520178153053, 0.3605687457036552, 0.3811221502484223, 0.3667451332328928, 0.3333715349334918, 0.3598603767443123, 0.3738884949046531, 0.3556330233671089, 0.3475208805978661, 0.3792244704615529, 0.3366209961065345, 0.313687712660333, 0.3274918529800894, 0.3403462044334767, 0.3681043653207287, 0.33247676871076337, 0.35173111802916635, 0.3440068602541773, 0.34185773241172873, 0.3198701766954537, 0.3516608985215325, 0.3647320945277437, 0.35345394605708913, 0.3498518159341877, 0.3417004445919574, 0.31271988654871125, 0.32586399104115765, 0.32398330507523804, 0.3010578340798435, 0.3228844731501332, 0.3383889456374789, 0.3244222884010284, 0.3390032074785588, 0.3299192176853069, 0.31300421775436593, 0.33542270755134246, 0.3413807361228448, 0.29434735600861167, 0.33698225483429456, 0.2916918425652411, 0.3221829657669235, 0.3025468034908105, 0.31897394447388805, 0.3269111514495044, 0.32126901629169646, 0.36607247292390127, 0.3041032258025197, 0.2898186960168682, 0.2829360166311103, 0.30222222986318975, 0.3162258163891536, 0.3191222038899391, 0.30843231553109657, 0.32502286401738084, 0.29250471954742796, 0.2922422247929354, 0.3570162733422798, 0.2977748368951866, 0.3094397853396596, 0.33199737067148344, 0.32100598252275625, 0.3132874337236221, 0.3379600581863722, 0.317914950061708, 0.3185896482633915, 0.3033558369570676, 0.28811032071295994], "valid_loss_array": [1.8107752698292665, 1.2644420274626023, 1.0226675212665757, 0.8814542697504233, 0.7824901751997346, 0.6979461510034534, 0.5958989590265175, 0.5903657006708931, 0.5808490401760662, 0.513646693944366, 0.49594470406595564, 0.4791387618470813, 0.4942608629640245, 0.47629876625481377, 0.4272035069375242, 0.44870547830211044, 0.4209118408473182, 0.4084081044685431, 0.4108748708573563, 0.34807772607370435, 0.37761223796419624, 0.3687922866282305, 0.4008705018185326, 0.40203751072340527, 0.37955743367496825, 0.3809683877286188, 0.3523666088102977, 0.3668368152603154, 0.3351724551046064, 0.35825457483953776, 0.37588835850146146, 0.3457960454919221, 0.3758915329892166, 0.35962966494637394, 0.323285447371797, 0.32051391325785084, 0.3786069101066951, 0.32386315073729693, 0.3333239398578897, 0.3381151612980459, 0.3424068622961993, 0.30566718192744596, 0.3298290482064559, 0.3504026694955984, 0.32642026612826436, 0.32868905504061996, 0.36508231509423933, 0.35333610887493566, 0.33519995972840777, 0.3271881343948024, 0.36553996452902804, 0.27387069843674156, 0.30597295767464344, 0.3612308922748995, 0.2748387141674051, 0.3290808349936071, 0.2910052555220387, 0.3764818006457752, 0.31153794005954577, 0.2954882474647067, 0.3197638772922387, 0.28527353636554104, 0.28066700160220903, 0.30983989594848516, 0.2812943477095303, 0.30657943112166575, 0.3260750415926949, 0.33892364408026376, 0.3021530899718808, 0.28205482393361947, 0.2714235057110316, 0.33754614290397317, 0.3218012474707915, 0.2652105083272536, 0.3138565874815217, 0.2658325850575174, 0.2904931137347108, 0.24098001748005643, 0.278634301196978, 0.31534494725342893, 0.29679438652982715, 0.309533753435368, 0.3021613740631472, 0.2932799483110943, 0.29477604855540523, 0.28122264125618324, 0.2926414720405123, 0.3084634723388965, 0.25957009298682776, 0.31635289011143536, 0.2579178064620184, 0.29840614272378635, 0.3207043791057374, 0.2848788105473871, 0.3132963597408156, 0.2983788656538697, 0.2973750007263786, 0.284286970495008], "train_accuracy_array": [0.3358158429248477, 0.6465809072444143, 0.7217332430602573, 0.7637102234258633, 0.7935003385240352, 0.8029790115098172, 0.8253215978334462, 0.8219363574813812, 0.8361543669600542, 0.8327691266079892, 0.8537576167907921, 0.8408937034529451, 0.8517264725795531, 0.8517264725795531, 0.8598510494245092, 0.8598510494245092, 0.8666215301286392, 0.8591740013540962, 0.8679756262694651, 0.8849018280297901, 0.8761002031144212, 0.8652674339878131, 0.8815165876777251, 0.8754231550440081, 0.8733920108327691, 0.8849018280297901, 0.8781313473256601, 0.8869329722410291, 0.8869329722410291, 0.8916723087339201, 0.8774542992552471, 0.8943805010155721, 0.8896411645226812, 0.8821936357481381, 0.8815165876777251, 0.8943805010155721, 0.8774542992552471, 0.8821936357481381, 0.8821936357481381, 0.8862559241706162, 0.8693297224102912, 0.8862559241706162, 0.8970886932972241, 0.8984427894380501, 0.8889641164522681, 0.8767772511848341, 0.8781313473256601, 0.8855788761002031, 0.8937034529451591, 0.8896411645226812, 0.8984427894380501, 0.8855788761002031, 0.8889641164522681, 0.8842247799593771, 0.8869329722410291, 0.8882870683818551, 0.8970886932972241, 0.8882870683818551, 0.8937034529451591, 0.9004739336492891, 0.8882870683818551, 0.8808395396073121, 0.8821936357481381, 0.8937034529451591, 0.8950575490859851, 0.9038591740013541, 0.8889641164522681, 0.8849018280297901, 0.9045362220717671, 0.8808395396073121, 0.9058903182125931, 0.8903182125930941, 0.8991198375084631, 0.8950575490859851, 0.8889641164522681, 0.8903182125930941, 0.8706838185511171, 0.8970886932972241, 0.896411645226811, 0.9011509817197021, 0.896411645226811, 0.8984427894380501, 0.8923493568043331, 0.903182125930941, 0.8889641164522681, 0.9004739336492891, 0.9038591740013541, 0.8808395396073121, 0.903182125930941, 0.8923493568043331, 0.8937034529451591, 0.8896411645226812, 0.899796885578876, 0.8916723087339201, 0.8889641164522681, 0.8903182125930941, 0.8930264048747462, 0.9011509817197021],