{"model_name": "inception_v3", "train_loss_array": [2.4978807575410498, 1.5413477765440375, 1.179261193859795, 0.9778793533266438, 0.830576748039243, 0.7590917300031891, 0.6816593401320657, 0.6440192619609768, 0.5952145279301286, 0.5718523031485266, 0.5378326199792411, 0.5271123896479687, 0.5512996892430286, 0.4947592554640431, 0.48478220476842687, 0.46620044265555305, 0.47968582719181063, 0.4858461176130363, 0.4344837415153785, 0.45703863314704146, 0.41973907857144616, 0.45793499878797483, 0.4259533883957098, 0.42229806316528434, 0.4095015178359515, 0.36598202322351825, 0.3659704888016288, 0.4193021588294831, 0.39858784946785153, 0.3882316916918706, 0.3657751605166885, 0.3712113742579781, 0.37083464525967896, 0.3616991286634511, 0.3641707076764865, 0.38597611720770214, 0.3479854161665096, 0.37892805016678416, 0.3375444096250153, 0.3646083296898982, 0.34902558319860805, 0.3416911596854797, 0.3562224452146099, 0.38058858635704823, 0.31929557096054206, 0.33522989543895104, 0.35791026884103516, 0.3192789599995558, 0.3425617764124454, 0.35295343321364075, 0.3144506244903169, 0.33652824006051574, 0.3155288767818672, 0.3161002137851457, 0.34503610209689883, 0.3437211123284409, 0.3167369883247704, 0.3131773553652463, 0.33124771242054557, 0.3189644109540964, 0.3432250833422571, 0.325734277361135, 0.32357748928773056, 0.30722542330067787, 0.33098318639161545, 0.30052298486999507, 0.31499331370349176, 0.3279686369198597, 0.31911402461532007, 0.3198793414442944, 0.34433546232547646, 0.3520110136978757, 0.3094171640956894, 0.3284720155279945, 0.3060852757824702, 0.3375973546210381, 0.31539132993872615, 0.33046516061293246, 0.3341741151880718, 0.35298905338519476, 0.31426867689324456, 0.32555357986757216, 0.3400810751244274, 0.3267986793915969, 0.34983315841927265, 0.2928935026266967, 0.2968265052150857, 0.3136186399973157, 0.30073589093594755, 0.32358207913290915, 0.3175374583903001, 0.2904696304631056, 0.29044903908618497, 0.29685736405199736, 0.30287156801875087, 0.2933111043297607, 0.3276435991215722, 0.29084517341674626, 0.3357819827448781, 0.32326499729359887, 0.3124211639059946, 0.31347016958405055, 0.31865166629347436, 0.3060993385742707, 0.319606412128976, 0.2909257955440574, 0.32542263604473565, 0.2830373314470961, 0.30433096216591776, 0.29679692989075274, 0.34848337679516245], "valid_loss_array": [1.8552169472120383, 1.2010332057826327, 0.9499216432819999, 0.8382478822464061, 0.6977722133505401, 0.628523711909615, 0.5551812746231025, 0.5333828327215113, 0.5483452545487768, 0.4790922326887671, 0.46570619245134826, 0.4468246857984371, 0.4446135454268252, 0.43210478127002716, 0.39294783975840747, 0.4506685885366812, 0.4146841764450073, 0.37292501641110787, 0.37498691282566127, 0.38448676636433715, 0.3482976023491772, 0.31965892667930695, 0.345488650808155, 0.3035840716619062, 0.32991972640686407, 0.3151668725067405, 0.36636798325661235, 0.32043912899084565, 0.35739764948132763, 0.34718405360011695, 0.31774670139873196, 0.3083448320477142, 0.3079529189950482, 0.3122702899578765, 0.3035642645935312, 0.290095430105854, 0.2712785939893451, 0.34334021051065616, 0.30329979136939295, 0.29709297948256486, 0.3263488422938009, 0.3775838129398947, 0.34781779694896175, 0.2825955079771331, 0.32838779431878107, 0.3181115621888472, 0.3181371046980552, 0.29328447211118885, 0.3092929202780763, 0.30972995886896953, 0.27939743691640445, 0.25728648475490473, 0.27099082960390763, 0.2768402451271924, 0.2923033335621323, 0.29007916521695903, 0.2784604658880293, 0.310113991103113, 0.28414729358937363, 0.257425607967751, 0.3056945387379959, 0.25172878840664553, 0.26980743324163403, 0.25619095994680413, 0.26943305278388935, 0.24908354751403242, 0.2829656415482127, 0.2926367265370926, 0.26523381293755716, 0.2653262311530904, 0.27300617792665677, 0.2849803537837124, 0.2219451992459136, 0.27838315482811904, 0.31437883522555726, 0.26487850255699236, 0.26253223490252453, 0.27455261501293826, 0.2542640117888592, 0.29069697606637723, 0.29357713919521367, 0.2663772772132503, 0.2937499186491938, 0.2959499425868288, 0.24450639867327525, 0.2591015148987349, 0.2246272927900485, 0.3354945828149457, 0.2564772645550034, 0.2848765767086739, 0.2032076041810038, 0.27081772621491507, 0.3448619158205828, 0.2604062229889264, 0.23607130858923586, 0.27973905536489585, 0.27738460570670914, 0.37178191575950004, 0.28826874759383675, 0.26079259329542775, 0.2657012258511425, 0.2722039596482193, 0.30714106894764714, 0.26307468918666366, 0.2665012498955591, 0.3154792330968216, 0.25026553920048106, 0.280085094758614, 0.25183383366799256, 0.2853172999272626, 0.25639562076178346], "train_accuracy_array": [0.32836831415030465, 0.6547054840893703, 0.7203791469194313, 0.7711577522004063, 0.8043331076506431, 0.8117806364251862, 0.8280297901150981, 0.8327691266079892, 0.8449559918754231, 0.8442789438050101, 0.8524035206499662, 0.8408937034529451, 0.8436018957345972, 0.8544346648612051, 0.8591740013540962, 0.8598510494245092, 0.8496953283683142, 0.8544346648612051, 0.8693297224102912, 0.8666215301286392, 0.8740690589031821, 0.8625592417061612, 0.8679756262694651, 0.8686526743398781, 0.8747461069735951, 0.8835477318889641, 0.8896411645226812, 0.8645903859174001, 0.8672985781990521, 0.8821936357481381, 0.8855788761002031, 0.8842247799593771, 0.8849018280297901, 0.8842247799593771, 0.8788083953960731, 0.8767772511848341, 0.8855788761002031, 0.8842247799593771, 0.8937034529451591, 0.8740690589031821, 0.8842247799593771, 0.8896411645226812, 0.8869329722410291, 0.8821936357481381, 0.8937034529451591, 0.8842247799593771, 0.8869329722410291, 0.9011509817197021, 0.8957345971563981, 0.8882870683818551, 0.8882870683818551, 0.8869329722410291, 0.8930264048747462, 0.8903182125930941, 0.8849018280297901, 0.8835477318889641, 0.8957345971563981, 0.8970886932972241, 0.8815165876777251, 0.8957345971563981, 0.8909952606635071, 0.8943805010155721, 0.8943805010155721, 0.899796885578876, 0.8943805010155721, 0.899796885578876, 0.8943805010155721, 0.8821936357481381, 0.8970886932972241, 0.8923493568043331, 0.8882870683818551, 0.8781313473256601, 0.8991198375084631, 0.8937034529451591, 0.8930264048747462, 0.8842247799593771, 0.8984427894380501, 0.8849018280297901, 0.8889641164522681, 0.8808395396073121, 0.8957345971563981, 0.8828706838185512, 0.8828706838185512, 0.8916723087339201, 0.8632362897765742, 0.8937034529451591, 0.903182125930941, 0.8977657413676371, 0.8991198375084631, 0.8882870683818551, 0.8923493568043331, 0.9025050778605281, 0.9011509817197021, 0.9018280297901151, 0.8889641164522681, 0.899796885578876, 0.8896411645226812, 0.9038591740013541, 0.8842247799593771, 0.8957345971563981, 0.899796885578876, 0.896411645226811, 0.8862559241706162, 0.903182125930941, 0.8950575490859851, 0.8991198375084631, 0.8882870683818551, 0.8937034529451591, 0.9011509817197021, 0.896411645226811, 0.8849018280297901],