{"model_name": "resnet50", "train_loss_array": [1.9686323141196167, 0.9282243710235719, 0.6732442494413703, 0.5223806942727974, 0.46729682076195245, 0.41526842801330377, 0.37336216307041525, 0.337058351926894, 0.31945360663297134, 0.3065084327736172, 0.283599137018965, 0.2755912344804388, 0.2890077111845333, 0.25750715698676085, 0.22732799862919423, 0.23162739394521423, 0.23957062052082354, 0.2208892705477648, 0.23029505440772347, 0.22301083162537924, 0.2146922430438453, 0.1876922132965674, 0.19641894846650176, 0.19099195303046065, 0.18503643747875637, 0.17946245697861035, 0.17522280289461747, 0.19580347699314335, 0.1892863141376583, 0.166625834754293, 0.15605177152990166, 0.13779961917556938, 0.16576512301430238, 0.18530411660651055, 0.15733939833994565, 0.1641005290547334, 0.18267876117634627, 0.1555252823734009, 0.13457679893561691, 0.14125079023490988, 0.14999474047827574, 0.14719500913005384, 0.14004458938003314, 0.15114749041899847, 0.1433010501995148, 0.1431945048539963, 0.13919656292441412, 0.14531702505388047, 0.11526593738017993, 0.1287048287215512, 0.11844609644876877, 0.14783191513181862, 0.12424313458856813, 0.13512047328756077], "valid_loss_array": [1.0255916070599127, 0.7028937946069297, 0.5262649658873183, 0.41378757214588574, 0.4120018619567297, 0.36805941978407697, 0.3559156661252911, 0.33598481948483044, 0.3055297567540012, 0.27633341357676905, 0.30105900949626385, 0.317300884856432, 0.26705729928291383, 0.3247140367908218, 0.24876830103626182, 0.2851147263562439, 0.24885575739070673, 0.2768774747633887, 0.2849259041249752, 0.2827982966086311, 0.26616147788869376, 0.2509317346539578, 0.32831013849903323, 0.24722290596566374, 0.3030060020946319, 0.26778787214301253, 0.31818946731669645, 0.33493727710219684, 0.20941550243354592, 0.29230473123758954, 0.27657179580835883, 0.2146033950476776, 0.2614471314516872, 0.19031071377105976, 0.2207839555390923, 0.22833225543729926, 0.28852887580036607, 0.24694261196487632, 0.22082592946834756, 0.2616285297163809, 0.2824891082455859, 0.2539572355875931, 0.2546655269279266, 0.37775269076332973, 0.27546213250066554, 0.2786206048066737, 0.20017143634453602, 0.2751118594348007, 0.3283166166408604, 0.21541175668727014, 0.3124294024593527, 0.2700014638410902, 0.33431343409584247, 0.20309016842425964], "train_accuracy_array": [0.4867975626269465, 0.7752200406228842, 0.8307379823967501, 0.8632362897765742, 0.8767772511848341, 0.8781313473256601, 0.8930264048747462, 0.9092755585646581, 0.906567366283006, 0.9106296547054841, 0.9255247122545701, 0.9126607989167231, 0.9058903182125931, 0.920108327691266, 0.9383886255924171, 0.9275558564658091, 0.926878808395396, 0.929587000677048, 0.926201760324983, 0.926201760324983, 0.9343263371699391, 0.937034529451591, 0.932972241029113, 0.942450914014895, 0.943805010155721, 0.9417738659444821, 0.9390656736628301, 0.937034529451591, 0.940419769803656, 0.94583615436696, 0.9546377792823291, 0.956668923493568, 0.943127962085308, 0.939742721733243, 0.946513202437373, 0.946513202437373, 0.942450914014895, 0.939742721733243, 0.953960731211916, 0.95260663507109, 0.9451591062965471, 0.9478672985781991, 0.956668923493568, 0.949221394719025, 0.950575490859851, 0.9519295870006771, 0.9620853080568721, 0.953960731211916, 0.964116452268111, 0.9553148273527421, 0.960054163845633, 0.950575490859851, 0.960731211916046, 0.9546377792823291], "valid_accuracy_array": [0.7606635071090048, 0.8080568720379147, 0.8530805687203792, 0.8933649289099526, 0.8981042654028436, 0.9028436018957346, 0.9028436018957346, 0.8957345971563981, 0.8933649289099526, 0.909952606635071, 0.9075829383886256, 0.8933649289099526, 0.9146919431279621, 0.9123222748815166, 0.9265402843601895, 0.8957345971563981, 0.9312796208530806, 0.9146919431279621, 0.9075829383886256, 0.8981042654028436, 0.9265402843601895, 0.919431279620853, 0.8886255924170616, 0.9075829383886256, 0.9052132701421801, 0.9146919431279621, 0.9004739336492891, 0.8886255924170616, 0.933649289099526, 0.9028436018957346, 0.8981042654028436, 0.9289099526066351, 0.9123222748815166, 0.9454976303317536, 0.9241706161137441, 0.9289099526066351, 0.9170616113744076, 0.9265402843601895, 0.9407582938388626, 0.9218009478672986, 0.9170616113744076, 0.919431279620853, 0.9004739336492891, 0.8886255924170616, 0.9004739336492891, 0.919431279620853, 0.9289099526066351, 0.919431279620853, 0.9004739336492891, 0.9265402843601895, 0.909952606635071, 0.919431279620853, 0.909952606635071, 0.933649289099526], "best_epoch": 35, "total_time": 799.8412232398987, "train_time_sum": 625.8009562492371, "eval_time_sum": 174.02481341362, "accuracy": 91.5, "k1": 0.9150000810623169, "k5": 1.0}