{"model_name": "resnet34", "train_loss_array": [2.3637805506435696, 1.3259919501674604, 0.9419640126305815, 0.7532389472688301, 0.6386254460083607, 0.5597038373361186, 0.502788748927591, 0.4645840151937894, 0.4391574583993058, 0.39721738059293116, 0.37491686909523214, 0.3627153306533617, 0.34615849026087253, 0.31075594487953767, 0.2989010870577761, 0.2921549399801421, 0.29329587901534465, 0.2753000275541498, 0.2609407682685571, 0.2687423803573052, 0.27535649869759987, 0.2495341182370483, 0.2452308172227647, 0.23898614773535615, 0.24095456383885286, 0.22001521215700345, 0.23355124192659163, 0.22802645307016597, 0.21468710984098968, 0.21838051272390982, 0.20415901457771063, 0.19263478999575329, 0.20470933543521969, 0.20602511635747567, 0.2013566469068695, 0.1810496905686166, 0.19571604862425807, 0.17604186452960516, 0.18855642482951113, 0.17427112689757557, 0.19440059090435466, 0.18711693252997375, 0.16482300625088736, 0.16266389519541186, 0.15838069861191062, 0.1701490076141496, 0.17413257480616012, 0.15887729623326596, 0.16384701260675147, 0.15938317638014166, 0.1652792036185292, 0.1697091235247672, 0.15556211056806948, 0.15397483224431324, 0.15767024258705273, 0.1674055075052225, 0.15053080608242253, 0.15469469763111568, 0.1400689487556751, 0.14999351765993243, 0.15171038396732178, 0.15048853861837672, 0.154970527229958, 0.1436428692779512, 0.15159660890022483, 0.13850996946095007, 0.12774686879284816, 0.12768514306563822, 0.15165511329299547, 0.14192783101111872, 0.14693548383295899], "valid_loss_array": [1.5930083933599752, 1.0558762067302143, 0.8177372224240507, 0.6917681275950789, 0.5907061735600657, 0.5209858307341264, 0.48347995391389204, 0.4616549155758738, 0.4416368405965832, 0.44903233426653943, 0.39575644917962677, 0.36185769567274934, 0.36569335265747177, 0.36344011925973035, 0.3444948513325639, 0.3167526233958972, 0.3706712990787357, 0.2977482214640667, 0.3281417797668285, 0.3221459751154221, 0.3143357131012243, 0.3403500647745338, 0.3127264566896086, 0.295785631251773, 0.2972326474529095, 0.24486569770704514, 0.3265989738829893, 0.2731106792227917, 0.28599187683190497, 0.2816722912634436, 0.2804719514143984, 0.28310769370876215, 0.22891097997813994, 0.26349230064079165, 0.24549123828003616, 0.2790636940400218, 0.2744276638261939, 0.24013878769678246, 0.29623222301639085, 0.24418423026888433, 0.23577268128570222, 0.23129894404332219, 0.2503552213267057, 0.2553680521806799, 0.28953636039083747, 0.2629129583307352, 0.27106078862161836, 0.2761633113375313, 0.2650747334858253, 0.2395194738759037, 0.2158287717073591, 0.24071666048243817, 0.2351575269324096, 0.2665755604791027, 0.252905562731892, 0.30486219162695216, 0.24522993827494682, 0.23578127688767997, 0.23064112679186494, 0.2662715010909955, 0.23606431793191987, 0.2961441477927847, 0.23085704376982852, 0.23702466500243305, 0.2794677986182996, 0.24981032330675218, 0.2742704544613641, 0.25743609357413383, 0.22627981916352471, 0.2459283558854842, 0.23055077555161235], "train_accuracy_array": [0.34732566012186866, 0.7007447528774543, 0.7894380501015572, 0.8361543669600542, 0.8598510494245092, 0.8720379146919431, 0.8740690589031821, 0.8821936357481381, 0.8862559241706162, 0.899796885578876, 0.9085985104942451, 0.8984427894380501, 0.916723087339201, 0.9187542315504401, 0.9214624238320921, 0.920108327691266, 0.9255247122545701, 0.926201760324983, 0.9316181448882871, 0.9241706161137441, 0.9174001354096141, 0.9255247122545701, 0.9356804333107651, 0.9289099526066351, 0.937034529451591, 0.937034529451591, 0.939742721733243, 0.9356804333107651, 0.9343263371699391, 0.9309410968178741, 0.9444820582261341, 0.9485443466486121, 0.9485443466486121, 0.9390656736628301, 0.9383886255924171, 0.953283683141503, 0.943127962085308, 0.949898442789438, 0.9485443466486121, 0.95260663507109, 0.9410968178740691, 0.940419769803656, 0.949221394719025, 0.9478672985781991, 0.9546377792823291, 0.950575490859851, 0.947190250507786, 0.949898442789438, 0.9478672985781991, 0.949221394719025, 0.955991875423155, 0.9478672985781991, 0.953283683141503, 0.95260663507109, 0.9485443466486121, 0.946513202437373, 0.9519295870006771, 0.949898442789438, 0.95260663507109, 0.953283683141503, 0.946513202437373, 0.9512525389302641, 0.9410968178740691, 0.960731211916046, 0.949898442789438, 0.95260663507109, 0.9580230196343941, 0.963439404197698, 0.957345971563981, 0.95937711577522, 0.9587000677048071], "valid_accuracy_array": [0.6184834123222749, 0.7488151658767772, 0.7962085308056872, 0.8293838862559242, 0.8554502369668247, 0.8578199052132701, 0.8886255924170616, 0.8720379146919431, 0.8791469194312796, 0.8744075829383886, 0.8744075829383886, 0.8933649289099526, 0.8909952606635071, 0.909952606635071, 0.9004739336492891, 0.9075829383886256, 0.8909952606635071, 0.9075829383886256, 0.9075829383886256, 0.8957345971563981, 0.9075829383886256, 0.8886255924170616, 0.9028436018957346, 0.9028436018957346, 0.8981042654028436, 0.9218009478672986, 0.9028436018957346, 0.9123222748815166, 0.9123222748815166, 0.8957345971563981, 0.909952606635071, 0.8933649289099526, 0.919431279620853, 0.919431279620853, 0.9146919431279621, 0.9052132701421801, 0.9028436018957346, 0.9241706161137441, 0.9075829383886256, 0.9004739336492891, 0.9218009478672986, 0.9360189573459715, 0.9123222748815166, 0.9146919431279621, 0.9028436018957346, 0.8909952606635071, 0.909952606635071, 0.8957345971563981, 0.9123222748815166, 0.909952606635071, 0.9312796208530806, 0.9218009478672986, 0.9241706161137441, 0.909952606635071, 0.9218009478672986, 0.8886255924170616, 0.9052132701421801, 0.9123222748815166, 0.9170616113744076, 0.909952606635071, 0.9170616113744076, 0.9028436018957346, 0.9170616113744076, 0.919431279620853, 0.919431279620853, 0.9146919431279621, 0.9052132701421801, 0.9123222748815166, 0.9170616113744076, 0.9075829383886256, 0.9218009478672986], "best_epoch": 52, "total_time": 710.6528322696686, "train_time_sum": 552.1142728328705, "eval_time_sum": 158.52074670791626, "accuracy": 93.5, "k1": 0.934999942779541, "k5": 1.0}