{"model_name": "vgg19_bn", "train_loss_array": [1.4900556789432415, 0.7336096746056323, 0.6052506578356007, 0.5411411409815502, 0.49719838700184726, 0.5173594745918957, 0.5145222627801836, 0.47433982482816855, 0.4227641004925252, 0.42737043613142955, 0.4667241542058453, 0.44702135854745606, 0.40589968137791127, 0.40367945420354623, 0.40324422777627233, 0.3880043949076834, 0.3886170571489599, 0.3856183262636473, 0.42252524077044845, 0.3800885037203132, 0.40005415560489743, 0.3586338816681018, 0.3518059890888778, 0.36954765385250105, 0.3814627356933191, 0.3408346824453905, 0.37006916068923096, 0.3816151865931403, 0.3737084223140351, 0.3211661834035197, 0.37295102320495455, 0.36260713274182704, 0.3804997833055988, 0.3728133796101982, 0.3618034469941095, 0.3119556777703859, 0.35354405847493464, 0.334736348313299, 0.3634992016374702, 0.3346238632156143, 0.3581393502183516, 0.31481778923580994, 0.3285703948908911, 0.3326565727954712, 0.3186602014581658, 0.3344080218025051, 0.3754744006720603, 0.34245097024029547, 0.38040269178842157, 0.4016768138303334, 0.3674332500903911, 0.38479256087166275, 0.3217472034527308, 0.35050857822759457, 0.3683968037543421, 0.3050883573151434, 0.33099607462612013], "valid_loss_array": [0.8162167351957746, 0.5548324440892839, 0.5625409746622022, 0.39314911518051726, 0.4040171422099615, 0.4207799048008512, 0.4310419406936067, 0.35634708524597764, 0.3679925732279276, 0.3173289910947542, 0.33309595067919145, 0.3884017855917673, 0.3275791059173114, 0.3344743595904366, 0.37259406682933677, 0.3776096530188034, 0.3698899608758671, 0.3441432800620653, 0.3641433120480081, 0.28757621552706897, 0.36331779167267947, 0.33994807853800424, 0.2983292254014603, 0.3229673243529424, 0.361195431783866, 0.32081980053423703, 0.34936351593919274, 0.3615178106997109, 0.2782634853504563, 0.36737771847801753, 0.3214823162951176, 0.27212350625738996, 0.3131702609572083, 0.3982401591200399, 0.3164162484319854, 0.29950373241969197, 0.2646494928871003, 0.36302726549842346, 0.3359607586204582, 0.3374562745834414, 0.39027055098688435, 0.31767519584622994, 0.3610205206825835, 0.33064402435063184, 0.3783451633713257, 0.3023395201376688, 0.388424610710257, 0.33177615868113053, 0.2769244503212201, 0.34583736560638484, 0.3828516572855095, 0.3045731523025657, 0.2941477807918431, 0.3024509841690979, 0.28906108797373364, 0.3403017544474506, 0.33422908720105743], "train_accuracy_array": [0.5673662830060935, 0.7826675693974272, 0.8131347325660122, 0.8185511171293162, 0.8388625592417062, 0.8212593094109681, 0.8300609343263372, 0.8388625592417062, 0.8490182802979012, 0.8422477995937712, 0.8469871360866622, 0.8571428571428571, 0.8632362897765742, 0.8618821936357481, 0.8605280974949221, 0.8679756262694651, 0.8794854434664862, 0.8733920108327691, 0.8469871360866622, 0.8639133378469871, 0.8747461069735951, 0.8835477318889641, 0.8767772511848341, 0.8761002031144212, 0.8733920108327691, 0.8808395396073121, 0.8720379146919431, 0.8754231550440081, 0.8672985781990521, 0.8862559241706162, 0.8767772511848341, 0.8767772511848341, 0.8700067704807042, 0.8794854434664862, 0.8788083953960731, 0.8970886932972241, 0.8916723087339201, 0.8808395396073121, 0.8808395396073121, 0.8943805010155721, 0.8849018280297901, 0.8957345971563981, 0.8889641164522681, 0.8869329722410291, 0.8889641164522681, 0.8849018280297901, 0.8781313473256601, 0.8747461069735951, 0.8767772511848341, 0.8720379146919431, 0.8828706838185512, 0.8747461069735951, 0.8882870683818551, 0.8855788761002031, 0.8876100203114421, 0.8916723087339201, 0.8937034529451591], "valid_accuracy_array": [0.7464454976303317, 0.8293838862559242, 0.8293838862559242, 0.8720379146919431, 0.8507109004739336, 0.8696682464454977, 0.8459715639810427, 0.8696682464454977, 0.9004739336492891, 0.8862559241706162, 0.8815165876777251, 0.8672985781990521, 0.8791469194312796, 0.8957345971563981, 0.8767772511848341, 0.8625592417061612, 0.8815165876777251, 0.8720379146919431, 0.8767772511848341, 0.8957345971563981, 0.9028436018957346, 0.8933649289099526, 0.8981042654028436, 0.9028436018957346, 0.8696682464454977, 0.8957345971563981, 0.8886255924170616, 0.8672985781990521, 0.9123222748815166, 0.8791469194312796, 0.8981042654028436, 0.9075829383886256, 0.8886255924170616, 0.8672985781990521, 0.8862559241706162, 0.8981042654028436, 0.9075829383886256, 0.8791469194312796, 0.8981042654028436, 0.8957345971563981, 0.8744075829383886, 0.8838862559241706, 0.8838862559241706, 0.8815165876777251, 0.8957345971563981, 0.8981042654028436, 0.8672985781990521, 0.8815165876777251, 0.8933649289099526, 0.8696682464454977, 0.8886255924170616, 0.8815165876777251, 0.9052132701421801, 0.8815165876777251, 0.8909952606635071, 0.8957345971563981, 0.8933649289099526], "best_epoch": 38, "total_time": 929.5283010005951, "train_time_sum": 714.1695892810822, "eval_time_sum": 215.33916544914246, "accuracy": 86.0, "k1": 0.8600000739097595, "k5": 1.0}