{"model_name": "vgg11_bn", "train_loss_array": [1.4973141879912721, 0.7160230179694995, 0.5685299604465288, 0.5021748991333801, 0.4424715608701402, 0.44047741613116875, 0.4204281524136491, 0.4214719349799644, 0.39506953635890496, 0.39483444275651014, 0.35569530110062175, 0.31557652506581335, 0.34438250908475515, 0.3425075342183833, 0.3390767282138584, 0.33910555259835984, 0.3089478674093129, 0.3191634680503272, 0.3132738975420867, 0.3204997446874791, 0.277899701216371, 0.2914410421552897, 0.28267028579739356, 0.29186164241185764, 0.33795631702134316, 0.2788093856478472, 0.26718210564647565, 0.26738194269793375, 0.3011408836537305, 0.30322902550770775, 0.2773707362450533, 0.2915900795239408, 0.2807368153583866, 0.26653742329920554, 0.2572918141874899, 0.22895048879788144, 0.2915164458848531, 0.26724277971944216, 0.31946838632498387, 0.2805191888653635, 0.25708995777142557, 0.2506656527731091, 0.2673238984403089, 0.22204925107265858, 0.23260374456018554, 0.29470968499436684, 0.2416207098383797, 0.2607877955102969, 0.2814761294643461, 0.2518120253422047, 0.2573315737921601, 0.2884048483092981, 0.2602715259096311, 0.2346723148650972, 0.24831280666141795, 0.2839064410835323, 0.30018481404880615, 0.24887874408466798, 0.2240515956598395], "valid_loss_array": [0.7547724893872771, 0.567458273392718, 0.4785268635475805, 0.4544703911071846, 0.38821713492203663, 0.4318308920038961, 0.40843922421954115, 0.3631637770344914, 0.33533819976607027, 0.35322856433663113, 0.3350982667902546, 0.3304830453076104, 0.310925527047079, 0.33299871431080175, 0.3470541538231481, 0.2966859285778728, 0.29245027853465655, 0.3217787322807854, 0.2697435056827124, 0.32251233816478164, 0.272112260988066, 0.32620213575240764, 0.24736230783961752, 0.2774571276703514, 0.33092064540325644, 0.28246051322622445, 0.27025900351562787, 0.306372302009446, 0.2753221807660429, 0.24114437588236817, 0.27254846295900753, 0.304481911644681, 0.30783464111607317, 0.2945037605105939, 0.21867796926301522, 0.2729623042902483, 0.2737898659173819, 0.231283717033677, 0.20388714753621723, 0.31475155360751067, 0.24949396113571004, 0.23867513907730406, 0.2699728671099822, 0.238225770336082, 0.25634347617190184, 0.2911749959198352, 0.25110692706377913, 0.25676677729123365, 0.24491158207116806, 0.25254769628379636, 0.24086474495968463, 0.2332671246836653, 0.25461858761088146, 0.2727382199314604, 0.2974662872336542, 0.21007536107951694, 0.20888085864519984, 0.20499475395328806, 0.24666416552448833], "train_accuracy_array": [0.5829383886255924, 0.7867298578199052, 0.8205822613405552, 0.8368314150304672, 0.8666215301286392, 0.8557887610020312, 0.8578199052132701, 0.8598510494245092, 0.8639133378469871, 0.8747461069735951, 0.8740690589031821, 0.9011509817197021, 0.8808395396073121, 0.8943805010155721, 0.8903182125930941, 0.8788083953960731, 0.8930264048747462, 0.8855788761002031, 0.8977657413676371, 0.9011509817197021, 0.903182125930941, 0.899796885578876, 0.9004739336492891, 0.899796885578876, 0.8909952606635071, 0.896411645226811, 0.8991198375084631, 0.9072444143534191, 0.9025050778605281, 0.906567366283006, 0.9153689911983751, 0.8977657413676371, 0.9025050778605281, 0.9180771834800271, 0.9160460392687881, 0.926878808395396, 0.9052132701421801, 0.9038591740013541, 0.8916723087339201, 0.9004739336492891, 0.9119837508463101, 0.9011509817197021, 0.909952606635071, 0.9214624238320921, 0.916723087339201, 0.9072444143534191, 0.913337846987136, 0.913337846987136, 0.9146919431279621, 0.9153689911983751, 0.909952606635071, 0.896411645226811, 0.9092755585646581, 0.923493568043331, 0.9187542315504401, 0.9045362220717671, 0.903182125930941, 0.9207853757616791, 0.9140148950575491], "valid_accuracy_array": [0.8009478672985783, 0.8341232227488151, 0.8578199052132701, 0.8341232227488151, 0.8791469194312796, 0.8436018957345972, 0.8672985781990521, 0.8838862559241706, 0.8862559241706162, 0.8957345971563981, 0.8838862559241706, 0.8981042654028436, 0.8862559241706162, 0.8933649289099526, 0.8791469194312796, 0.9028436018957346, 0.8981042654028436, 0.8862559241706162, 0.9028436018957346, 0.8862559241706162, 0.9170616113744076, 0.8933649289099526, 0.9241706161137441, 0.9146919431279621, 0.8886255924170616, 0.9004739336492891, 0.9170616113744076, 0.8886255924170616, 0.909952606635071, 0.9028436018957346, 0.9123222748815166, 0.9075829383886256, 0.9028436018957346, 0.9052132701421801, 0.9265402843601895, 0.9123222748815166, 0.8957345971563981, 0.9265402843601895, 0.933649289099526, 0.8981042654028436, 0.9075829383886256, 0.9170616113744076, 0.8957345971563981, 0.9146919431279621, 0.919431279620853, 0.9028436018957346, 0.9218009478672986, 0.919431279620853, 0.9123222748815166, 0.9052132701421801, 0.9265402843601895, 0.9123222748815166, 0.9265402843601895, 0.9265402843601895, 0.8981042654028436, 0.9312796208530806, 0.9289099526066351, 0.9312796208530806, 0.9170616113744076], "best_epoch": 40, "total_time": 1374.428322315216, "train_time_sum": 1054.7498178482056, "eval_time_sum": 319.6249244213104, "accuracy": 92.0, "k1": 0.9200000166893005, "k5": 1.0}