{"model_name": "vgg19_bn", "train_loss_array": [1.4949986060971574, 0.7378738341334711, 0.6017744044799134, 0.5626659943352056, 0.5434951721693748, 0.48715396977068204, 0.4677140804747915, 0.4429642435619778, 0.44355442195868444, 0.39100083805615626, 0.4044764176283483, 0.4045251443447418, 0.4197336430273592, 0.36212846462235876, 0.3765407827712429, 0.39492782861619846, 0.37626111323799566, 0.3725169174014997, 0.35766317776594114, 0.3903695213266055, 0.3627989053847262, 0.3839839384030392, 0.338057580616479, 0.3129593624040414, 0.3475412777048071, 0.3764026638324711, 0.32142811371978264, 0.37558405092219366, 0.34468694012069834, 0.3650892103594061, 0.323824067160578, 0.3630861090136769, 0.3562982131095859, 0.3852259814638339, 0.34523889702885396, 0.34519608034301463, 0.366142655516607, 0.331511487620621, 0.3785961553878129, 0.32835916895860745, 0.35274788509794563, 0.3572517288199291, 0.38023819776407025, 0.3658675079762976, 0.3423246052885427, 0.3139253290888419, 0.34479686222874645, 0.3386392730843722, 0.3555647753653247, 0.32984178429046995, 0.34201500578433497, 0.3578377737939237, 0.3652846968216354, 0.3468633480143047, 0.3315924694389609, 0.3469428327855179, 0.37473983468441197, 0.3288232743407151, 0.36852956799816744, 0.32098272501837183, 0.33259587551825903, 0.3103593736836534], "valid_loss_array": [0.7949968710612346, 0.5715909301881542, 0.5613429822133615, 0.5150722150659957, 0.45052491177879805, 0.4651748376999986, 0.4133217245410969, 0.3817431067262216, 0.4477976470594228, 0.38813143692275076, 0.41624048656355855, 0.45058554751297536, 0.35805928710984924, 0.38913442363953704, 0.3825774283404352, 0.4611427595545659, 0.4683656770299008, 0.38821122464318364, 0.3915139611068919, 0.4348905724445711, 0.3594143531236674, 0.39329633682026083, 0.36956006580063305, 0.38420966901414766, 0.39553718972439167, 0.38915139907927987, 0.3801773897994539, 0.3810493234946101, 0.34239442671221015, 0.4268903093284517, 0.4382741517559471, 0.4330507841664193, 0.3675563464303152, 0.3315591967633762, 0.3705750147666411, 0.33212582805851626, 0.3780338000453748, 0.42220103034255274, 0.39821267887269657, 0.3336269624478303, 0.3358170733800499, 0.3133895986220221, 0.35230041715473315, 0.38122489701479817, 0.4086835091135046, 0.3491037610909456, 0.39809505680523, 0.3346191559872121, 0.41317557172752667, 0.4208540630350149, 0.4208226881124591, 0.42374603137245925, 0.3839729585008724, 0.47778171024360294, 0.44616601948700274, 0.3419889695324463, 0.32834562772066817, 0.43773871278875814, 0.3926046542929247, 0.44665131843273675, 0.3847660615298703, 0.38205690382675256], "train_accuracy_array": [0.5700744752877455, 0.7637102234258633, 0.8124576844955992, 0.8205822613405552, 0.8280297901150981, 0.8449559918754231, 0.8476641841570751, 0.8456330399458362, 0.8490182802979012, 0.8740690589031821, 0.8598510494245092, 0.8591740013540962, 0.8666215301286392, 0.8727149627623562, 0.8672985781990521, 0.8639133378469871, 0.8700067704807042, 0.8666215301286392, 0.8720379146919431, 0.8693297224102912, 0.8686526743398781, 0.8767772511848341, 0.8794854434664862, 0.8882870683818551, 0.8889641164522681, 0.8740690589031821, 0.8821936357481381, 0.8794854434664862, 0.8808395396073121, 0.8713608666215301, 0.896411645226811, 0.8835477318889641, 0.8815165876777251, 0.8747461069735951, 0.8781313473256601, 0.8869329722410291, 0.8821936357481381, 0.8937034529451591, 0.8808395396073121, 0.8876100203114421, 0.8828706838185512, 0.8821936357481381, 0.8767772511848341, 0.8733920108327691, 0.8896411645226812, 0.903182125930941, 0.8849018280297901, 0.8903182125930941, 0.8855788761002031, 0.8930264048747462, 0.8855788761002031, 0.8767772511848341, 0.8835477318889641, 0.8767772511848341, 0.8889641164522681, 0.8869329722410291, 0.8815165876777251, 0.8903182125930941, 0.8788083953960731, 0.8950575490859851, 0.8984427894380501, 0.906567366283006], "valid_accuracy_array": [0.7606635071090048, 0.8293838862559242, 0.8104265402843602, 0.8246445497630331, 0.8483412322274881, 0.8554502369668247, 0.8507109004739336, 0.8625592417061612, 0.8601895734597157, 0.8744075829383886, 0.8672985781990521, 0.8507109004739336, 0.8791469194312796, 0.8791469194312796, 0.8672985781990521, 0.8388625592417062, 0.8530805687203792, 0.8554502369668247, 0.8672985781990521, 0.8507109004739336, 0.8625592417061612, 0.8554502369668247, 0.8838862559241706, 0.8838862559241706, 0.8696682464454977, 0.8578199052132701, 0.8791469194312796, 0.8767772511848341, 0.8815165876777251, 0.8815165876777251, 0.8767772511848341, 0.8554502369668247, 0.8838862559241706, 0.8815165876777251, 0.8838862559241706, 0.8696682464454977, 0.8744075829383886, 0.8720379146919431, 0.8578199052132701, 0.9004739336492891, 0.8672985781990521, 0.8957345971563981, 0.8933649289099526, 0.8815165876777251, 0.8601895734597157, 0.9028436018957346, 0.8767772511848341, 0.8981042654028436, 0.8720379146919431, 0.8672985781990521, 0.8696682464454977, 0.8791469194312796, 0.8720379146919431, 0.8672985781990521, 0.8720379146919431, 0.8981042654028436, 0.8838862559241706, 0.8720379146919431, 0.8649289099526066, 0.8672985781990521, 0.8744075829383886, 0.8672985781990521], "best_epoch": 43, "total_time": 997.3007593154907, "train_time_sum": 761.7692103385925, "eval_time_sum": 235.51511764526367, "accuracy": 91.0, "k1": 0.9099999666213989, "k5": 0.9950000047683716}