{"model_name": "vgg19_bn", "train_loss_array": [1.556457532848469, 0.7352967719089041, 0.6050495529546073, 0.5400470468589561, 0.5102344102849812, 0.48994000218732986, 0.4965719751554643, 0.43647315509027135, 0.4583690112397408, 0.42899790547470346, 0.4291192918269313, 0.41307822683007633, 0.43674735384933355, 0.3897063450467853, 0.39079425237270815, 0.3711294738037326, 0.3786393054934394, 0.35804741807942786, 0.39120844033778157, 0.3384905398275373, 0.4061183730593063, 0.38641687543632697, 0.40851118375743334, 0.36900606464919966, 0.38806559837542437, 0.37731119823883574, 0.3702479924101158, 0.34092500594998826, 0.3602064092294865, 0.3818097942601448, 0.352412805909552, 0.3682439256719261, 0.3396058642912654, 0.3431952572304733, 0.3978441084306952, 0.39140161050681577, 0.3544106236283813, 0.34878294106595564, 0.3555521584023232, 0.36302286939356243, 0.31509426582198574], "valid_loss_array": [0.7108230526554641, 0.568346693193743, 0.5343183725366095, 0.5025116545611649, 0.48211144977271275, 0.46673985185781364, 0.45560080448598095, 0.5475211255075807, 0.4276114853354992, 0.42592909056428485, 0.4231045816923487, 0.38128405230305207, 0.43529235192197174, 0.4180985991070621, 0.4243269360037212, 0.4459541654699787, 0.4230351301872335, 0.4512308706039501, 0.3855446555179442, 0.39770904144545866, 0.3168398132680152, 0.43200642640274284, 0.4097821711081464, 0.4774750511722542, 0.39339734552984273, 0.3741434849975233, 0.3430607666689638, 0.3438185949818677, 0.38718103057532727, 0.4000324730836385, 0.46454044643312836, 0.4428943162563288, 0.4174300991528407, 0.47222533507793435, 0.4106423669446136, 0.3905804899137167, 0.32470420087683255, 0.3901189215375349, 0.3860378261143562, 0.39281825004454474, 0.46437786879697684], "train_accuracy_array": [0.5666892349356805, 0.7833446174678402, 0.8063642518618822, 0.8320920785375762, 0.8408937034529451, 0.8442789438050101, 0.8341232227488151, 0.8584969532836831, 0.8483412322274881, 0.8564658090724442, 0.8578199052132701, 0.8639133378469871, 0.8544346648612051, 0.8605280974949221, 0.8645903859174001, 0.8761002031144212, 0.8666215301286392, 0.8666215301286392, 0.8740690589031821, 0.8794854434664862, 0.8659444820582262, 0.8754231550440081, 0.8659444820582262, 0.8666215301286392, 0.8788083953960731, 0.8815165876777251, 0.8794854434664862, 0.8849018280297901, 0.8747461069735951, 0.8733920108327691, 0.8761002031144212, 0.8801624915368991, 0.8869329722410291, 0.8876100203114421, 0.8876100203114421, 0.8679756262694651, 0.8808395396073121, 0.8849018280297901, 0.8774542992552471, 0.8754231550440081, 0.8984427894380501], "valid_accuracy_array": [0.7985781990521327, 0.8270142180094787, 0.8341232227488151, 0.8246445497630331, 0.8317535545023697, 0.8388625592417062, 0.8436018957345972, 0.8246445497630331, 0.8530805687203792, 0.8388625592417062, 0.8459715639810427, 0.8625592417061612, 0.8483412322274881, 0.8625592417061612, 0.8578199052132701, 0.8436018957345972, 0.8530805687203792, 0.8436018957345972, 0.8554502369668247, 0.8601895734597157, 0.8909952606635071, 0.8459715639810427, 0.8672985781990521, 0.8293838862559242, 0.8696682464454977, 0.8838862559241706, 0.8862559241706162, 0.8886255924170616, 0.8791469194312796, 0.8815165876777251, 0.8720379146919431, 0.8744075829383886, 0.8649289099526066, 0.8625592417061612, 0.8625592417061612, 0.8838862559241706, 0.8981042654028436, 0.8791469194312796, 0.8720379146919431, 0.8886255924170616, 0.8767772511848341], "best_epoch": 22, "total_time": 676.9463624954224, "train_time_sum": 508.6674690246582, "eval_time_sum": 168.25950074195862, "accuracy": 89.0, "k1": 0.8899999856948853, "k5": 0.9950000047683716}