{"model_name": "vgg13_bn", "train_loss_array": [1.596340854545663, 0.7936936816655871, 0.5994908991361197, 0.5367621329077693, 0.46428032083211107, 0.4718126293849364, 0.42614141238768843, 0.47080135968946973, 0.40955526799911895, 0.3816176414005484, 0.3854652268303837, 0.36962203650193676, 0.36917282234355253, 0.33712672638425006, 0.3510102750424525, 0.35166622108112094, 0.3193294535174754, 0.33723221264259995, 0.3122137051401061, 0.3019055961129951, 0.3434231379141901, 0.321560640879273, 0.32810696790508104, 0.3285214261844825, 0.3117835184479777, 0.3093663201785281, 0.30955854977607805, 0.3124228408188132, 0.2910059247829257, 0.2907123129837563, 0.2813056596808928, 0.31209363239535465, 0.27945238793207006, 0.2907322766454783, 0.2998093404960374, 0.307115006896799, 0.28689925238923925, 0.30307692818005666, 0.2643964283506291, 0.2842575084082606, 0.28386031705116854, 0.25531445640361866, 0.2723551763268282, 0.28805014034815146, 0.28403518788299614, 0.31099682006185414, 0.2641344306310771, 0.27880686284443296, 0.29841760251123756, 0.2765789704085829, 0.2675515262078375, 0.2738918718114526, 0.27969654765517304, 0.2824306416986718, 0.30118464172572484, 0.28057613940348314, 0.3002857857446212, 0.2511506912650978, 0.24631858078703617, 0.2769526907607923, 0.26219306354264027, 0.2505524778737357, 0.2715045497421687, 0.3055630019672351, 0.27284239965996065, 0.27118503725561, 0.3103115160368792, 0.2738918691328755, 0.2568490432074688, 0.257267248644648, 0.27974135535230044, 0.2824346803749181, 0.2724786552076575, 0.27336999887982655, 0.28480598740922836, 0.2837184106347201, 0.29623624663636056, 0.26790319646462124, 0.30196936542550373, 0.2922586616968576, 0.29018949577805553, 0.2685951894967638, 0.2885411200854491, 0.2253980699273365, 0.3065400964422208, 0.3021454361740931, 0.2787825464445671, 0.23273751885833857, 0.28862191595328807, 0.23927527781923982, 0.2958357907105275, 0.30059886874332165, 0.25511691344116255, 0.26966684370395616, 0.30537506190400393, 0.2877848283813342, 0.264093107742509, 0.28113441438774833, 0.32018994399237327, 0.3012202588302829, 0.2537226258280839, 0.28225842233527815, 0.2533603506459121, 0.22045228549593918], "valid_loss_array": [0.7372378463993705, 0.5668679786519417, 0.4535214796450466, 0.4357936681023141, 0.39708360888381705, 0.43068644178422144, 0.39083016187093833, 0.3536123432907589, 0.32303597393194083, 0.3354006909999237, 0.3409606986701206, 0.3100346957479043, 0.32090552765611224, 0.3358847820222095, 0.31881067015548453, 0.3299014215309049, 0.3038618722158127, 0.282944520290994, 0.3856103425907298, 0.29281704570939193, 0.3052649724151568, 0.33616174500594487, 0.26388641591603157, 0.3059629937766288, 0.3184206080027101, 0.3163759008191208, 0.26745796705026764, 0.25391422515796824, 0.27455197758442984, 0.27092890055205726, 0.262530111765127, 0.2689001022868953, 0.2508938053404356, 0.2927288406818743, 0.32226213855201036, 0.3278811054648523, 0.2933628183184854, 0.2656858315806112, 0.295134059219705, 0.32943463850748766, 0.2933624774323538, 0.23509414027603917, 0.2745660169058925, 0.25998535232013753, 0.28685577683397945, 0.2933095917105675, 0.3250053612850783, 0.2662298790933962, 0.2630092889529551, 0.22619244578554873, 0.2631838424616798, 0.24612292063785127, 0.2802791978007456, 0.2587207363310416, 0.32474841495040113, 0.2529843819583656, 0.27637314302096433, 0.27956350615150977, 0.26695491305565666, 0.3350573333059724, 0.26003438068368423, 0.33857331979331245, 0.2893106539632189, 0.3243674741289909, 0.2617532439613759, 0.2977241866061049, 0.24970947468203109, 0.26813145479743516, 0.37285522544553495, 0.2111914802995903, 0.2643502309070944, 0.28499371750871716, 0.25052258373410285, 0.3038427658352595, 0.313818255777612, 0.2601195032580345, 0.3130696631037802, 0.33007247860778466, 0.2728742056535071, 0.34166659647819553, 0.24290609522833007, 0.2593250321417438, 0.25632880644440226, 0.17665249537432431, 0.2614989068129616, 0.30424069659563746, 0.2781430396529453, 0.27649340878311246, 0.2936755646038381, 0.29201682215011393, 0.28547005016264015, 0.32905607024026745, 0.29462480074968805, 0.30564833831448124, 0.33326150204377225, 0.24494604715168194, 0.2453721033495308, 0.3598838896442081, 0.2423282939349235, 0.28582173594719423, 0.23576120337808198, 0.29866159745266935, 0.2976715630052779, 0.3246844266013019], "train_accuracy_array": [0.5572105619498985, 0.7650643195666892, 0.8165199729180772, 0.8361543669600542, 0.8429248476641842, 0.8490182802979012, 0.8612051455653351, 0.8490182802979012, 0.8679756262694651, 0.8706838185511171, 0.8754231550440081, 0.8740690589031821, 0.8788083953960731, 0.8767772511848341, 0.8882870683818551, 0.8855788761002031, 0.8950575490859851, 0.8788083953960731, 0.8916723087339201, 0.8977657413676371, 0.8821936357481381, 0.8950575490859851, 0.9004739336492891, 0.8855788761002031, 0.8889641164522681, 0.899796885578876, 0.8923493568043331, 0.8916723087339201, 0.9052132701421801, 0.8977657413676371, 0.9045362220717671, 0.8950575490859851, 0.9045362220717671, 0.9052132701421801, 0.9038591740013541, 0.8950575490859851, 0.9004739336492891, 0.8984427894380501, 0.9092755585646581, 0.8950575490859851, 0.9004739336492891, 0.9160460392687881, 0.9038591740013541, 0.909952606635071, 0.9038591740013541, 0.8916723087339201, 0.8991198375084631, 0.9058903182125931, 0.8957345971563981, 0.9058903182125931, 0.9079214624238321, 0.9140148950575491, 0.9079214624238321, 0.8984427894380501, 0.9018280297901151, 0.9025050778605281, 0.906567366283006, 0.9146919431279621, 0.9153689911983751, 0.9106296547054841, 0.9079214624238321, 0.9160460392687881, 0.9079214624238321, 0.9018280297901151, 0.9153689911983751, 0.920108327691266, 0.8889641164522681, 0.9092755585646581, 0.9079214624238321, 0.909952606635071, 0.9085985104942451, 0.9045362220717671, 0.9079214624238321, 0.9052132701421801, 0.9058903182125931, 0.909952606635071, 0.9018280297901151, 0.909952606635071, 0.9004739336492891, 0.9004739336492891, 0.9045362220717671, 0.9106296547054841, 0.9085985104942451, 0.9248476641841571, 0.9092755585646581, 0.9025050778605281, 0.9072444143534191, 0.9180771834800271, 0.899796885578876, 0.920108327691266, 0.9038591740013541, 0.9058903182125931, 0.9113067027758971, 0.9126607989167231, 0.9018280297901151, 0.8984427894380501, 0.9113067027758971, 0.909952606635071, 0.8943805010155721, 0.903182125930941, 0.9126607989167231, 0.9072444143534191, 0.9146919431279621, 0.9255247122545701],